{
"type": "FeatureCollection",
"name": "centroamerica",
"crs": { "type": "name", "properties": { "name": "urn:ogc:def:crs:OGC:1.3:CRS84" } },
"features": [
{ "type": "Feature", "properties": { "iso": "BZ", "name": "Belice", "role": "centro" }, "geometry": { "type": "MultiPolygon", "coordinates": [ [ [ [ -89.160496174999935, 17.814314270000054 ], [ -89.161374674999877, 17.901440735000037 ], [ -89.153933267999946, 17.941076559000081 ], [ -89.132565063999948, 17.970273743000021 ], [ -89.049443522999866, 17.999212545000077 ], [ -89.028023640999947, 17.992081197000047 ], [ -89.01153885999986, 17.977818502000062 ], [ -88.996578531999916, 17.961850485000028 ], [ -88.979757853999928, 17.949448141000076 ], [ -88.967846435999888, 17.948259583000052 ], [ -88.956503458999919, 17.950533346000057 ], [ -88.947020833999943, 17.948466288000091 ], [ -88.933300740999897, 17.920354309000075 ], [ -88.920459147999907, 17.910949199000115 ], [ -88.880332397999922, 17.888469951 ], [ -88.871366536999886, 17.890950419000077 ], [ -88.865372070999854, 17.899011943000076 ], [ -88.860850382999928, 17.92112945600006 ], [ -88.856406208999914, 17.928312479000041 ], [ -88.805349894999949, 17.965002747000099 ], [ -88.795944783999886, 17.975596415000084 ], [ -88.781630411999913, 18.014715475000102 ], [ -88.776876180999921, 18.02375885000005 ], [ -88.762019205999962, 18.03564443000009 ], [ -88.748350789999876, 18.043292541000071 ], [ -88.736387695999895, 18.051922506000025 ], [ -88.726646687999875, 18.066727804000024 ], [ -88.723494425999917, 18.077502340000066 ], [ -88.72044551599987, 18.100084941000105 ], [ -88.717706664999923, 18.110032654000108 ], [ -88.692850300999879, 18.150004374000062 ], [ -88.689517171999881, 18.161243999000121 ], [ -88.692953653999894, 18.175170797000092 ], [ -88.696622680999894, 18.17806467700008 ], [ -88.668148966999865, 18.198244324000072 ], [ -88.638951782999925, 18.211602681 ], [ -88.627040364999885, 18.220310160000068 ], [ -88.616989298999869, 18.235425517000081 ], [ -88.613165242999912, 18.250566712000094 ], [ -88.611485758999976, 18.266379700000087 ], [ -88.607713378999847, 18.283381246000104 ], [ -88.598075724999916, 18.299478455000084 ], [ -88.567173217999937, 18.333507385000118 ], [ -88.55479671199987, 18.352214254 ], [ -88.551334391999916, 18.363686422000015 ], [ -88.54740698299986, 18.389059551000017 ], [ -88.538389445999911, 18.413089091000032 ], [ -88.53304093499986, 18.443319804000069 ], [ -88.527821614999937, 18.454146017000099 ], [ -88.52019934199987, 18.461561584000023 ], [ -88.489245157999875, 18.484505920000046 ], [ -88.479194091999915, 18.483420716000055 ], [ -88.46994401099991, 18.478511454000014 ], [ -88.459634561999906, 18.475720927000069 ], [ -88.450823730999929, 18.476883647000065 ], [ -88.43085078999988, 18.483782451000039 ], [ -88.419972900999937, 18.489001770000058 ], [ -88.413229126999909, 18.490758769000038 ], [ -88.407983967999968, 18.48895009400006 ], [ -88.398372151999865, 18.480113424000066 ], [ -88.390775715999894, 18.475695089000041 ], [ -88.384910440999903, 18.47662526500001 ], [ -88.379071004999929, 18.479700013000055 ], [ -88.371448730999958, 18.481792908 ], [ -88.309514526999919, 18.482283834000057 ], [ -88.303822394999941, 18.481350002000056 ], [ -88.303822394999941, 18.477769273000092 ], [ -88.286610480999911, 18.462795315000051 ], [ -88.306263800999943, 18.438299872000073 ], [ -88.383697068999936, 18.384955145000049 ], [ -88.390980597999942, 18.370591539000088 ], [ -88.37954667899993, 18.35492584800005 ], [ -88.365386522999927, 18.354071356000077 ], [ -88.317494269999941, 18.374823309000078 ], [ -88.323109503999945, 18.360256252000056 ], [ -88.332427537999934, 18.344794012000079 ], [ -88.355336066999939, 18.317084052000041 ], [ -88.360829230999911, 18.308254299000055 ], [ -88.357980923999946, 18.303697007000039 ], [ -88.35024980399993, 18.304185289000088 ], [ -88.341420050999943, 18.310248114000046 ], [ -88.324574347999942, 18.328314520000049 ], [ -88.291411912999934, 18.351141669000071 ], [ -88.275746222999942, 18.358221747000073 ], [ -88.259144660999937, 18.361151434000078 ], [ -88.236805792999917, 18.35814036700009 ], [ -88.207753058999913, 18.344631252000056 ], [ -88.194650844999899, 18.340643622000073 ], [ -88.173410610999952, 18.343736070000091 ], [ -88.143137173999946, 18.363755601000037 ], [ -88.108509894999941, 18.373928127000056 ], [ -88.096750454999949, 18.375433661000045 ], [ -88.091542120999918, 18.37173086100006 ], [ -88.093495245999918, 18.357611395000049 ], [ -88.099029100999928, 18.34837474200009 ], [ -88.118885870999918, 18.333807684000078 ], [ -88.141713019999941, 18.324448960000041 ], [ -88.146148240999935, 18.320217190000051 ], [ -88.146473761999914, 18.309271552000041 ], [ -88.139271613999938, 18.30695221600007 ], [ -88.130523240999935, 18.310451565000051 ], [ -88.123036261999914, 18.322333075000074 ], [ -88.114857550999943, 18.327826239000046 ], [ -88.104644334999932, 18.332098700000074 ], [ -88.094960089999915, 18.333807684000078 ], [ -88.091664191999939, 18.328355210000041 ], [ -88.083566860999952, 18.210109768000052 ], [ -88.091542120999918, 18.118394273000092 ], [ -88.094797329999949, 18.102769273000092 ], [ -88.108794725999928, 18.07884349200009 ], [ -88.112049933999913, 18.063177802000041 ], [ -88.149647589999915, 17.97134023600006 ], [ -88.166737433999913, 17.960150458000044 ], [ -88.208322719999899, 17.881984768000052 ], [ -88.202259894999941, 17.856146552000041 ], [ -88.214344855999911, 17.773098049000055 ], [ -88.238758917999917, 17.690375067000048 ], [ -88.246693488999938, 17.673651434000078 ], [ -88.272694464999915, 17.64398834800005 ], [ -88.283192511999914, 17.62563711100006 ], [ -88.287709113999938, 17.60423411700009 ], [ -88.283314581999946, 17.580267645000049 ], [ -88.271229620999918, 17.568101304000038 ], [ -88.235585089999915, 17.550726630000042 ], [ -88.228138800999943, 17.535589911000045 ], [ -88.218576626999948, 17.527289130000042 ], [ -88.176665818999936, 17.52024974200009 ], [ -88.167307094999899, 17.51203034100007 ], [ -88.179351365999935, 17.492621161000045 ], [ -88.205148891999897, 17.492865302000041 ], [ -88.23078365799995, 17.496527411000045 ], [ -88.242339647999927, 17.487494208000044 ], [ -88.244943813999896, 17.471991278000075 ], [ -88.286284959999932, 17.339667059000078 ], [ -88.295969204999949, 17.238104559000078 ], [ -88.296986456999946, 17.217189846000053 ], [ -88.300526495999918, 17.177923895000049 ], [ -88.293446417999917, 17.156805731000077 ], [ -88.289540167999917, 17.137762762000079 ], [ -88.288563605999911, 17.126939195000091 ], [ -88.283314581999946, 17.103949286000045 ], [ -88.279408331999946, 17.091457424000055 ], [ -88.269927537999934, 17.086330471000053 ], [ -88.248605923999946, 17.079413153000075 ], [ -88.236480272999927, 17.064195054000038 ], [ -88.228179490999935, 17.044867255000042 ], [ -88.223459438999896, 17.023138739000046 ], [ -88.220855272999927, 16.991441148000092 ], [ -88.21507727799991, 16.96710846600007 ], [ -88.21743730399993, 16.955471096000053 ], [ -88.223703579999949, 16.952948309000078 ], [ -88.232492641999897, 16.953070380000042 ], [ -88.242339647999927, 16.949652411000045 ], [ -88.253285285999937, 16.939927476000037 ], [ -88.266957160999937, 16.924750067000048 ], [ -88.278472459999932, 16.907416083000044 ], [ -88.283314581999946, 16.89134349200009 ], [ -88.278879360999952, 16.872951565000051 ], [ -88.259348110999952, 16.843410549000055 ], [ -88.255482550999943, 16.826157945000091 ], [ -88.25023352799991, 16.823431708000044 ], [ -88.247670050999943, 16.818915106000077 ], [ -88.248605923999946, 16.81313711100006 ], [ -88.252308722999942, 16.812160549000055 ], [ -88.265492316999939, 16.813869533000059 ], [ -88.269683397999927, 16.81313711100006 ], [ -88.282378709999932, 16.803412177000041 ], [ -88.287505662999934, 16.797349351000037 ], [ -88.289540167999917, 16.788275458000044 ], [ -88.291737433999913, 16.783392645000049 ], [ -88.296701626999948, 16.778509833000044 ], [ -88.301625128999945, 16.771714585000041 ], [ -88.303822394999941, 16.761297919000071 ], [ -88.302805141999897, 16.749335028000075 ], [ -88.298085089999915, 16.733547268000052 ], [ -88.296986456999946, 16.723781643000052 ], [ -88.306223110999952, 16.652899481000077 ], [ -88.312408006999931, 16.64203522300005 ], [ -88.321156378999945, 16.63344961100006 ], [ -88.331166144999941, 16.620672919000071 ], [ -88.342600063999896, 16.579820054000038 ], [ -88.348052537999934, 16.567328192000048 ], [ -88.351470506999931, 16.549709377000056 ], [ -88.344838019999941, 16.524562893000052 ], [ -88.348988410999937, 16.515326239000046 ], [ -88.35610917899993, 16.50649648600006 ], [ -88.362863735999952, 16.505845445000091 ], [ -88.36587480399993, 16.521429755000042 ], [ -88.334543423999946, 16.63507721600007 ], [ -88.317697719999899, 16.652248440000051 ], [ -88.311268683999913, 16.662298895000049 ], [ -88.337635870999918, 16.649237372000073 ], [ -88.364654100999928, 16.583685614000046 ], [ -88.386382615999935, 16.559271552000041 ], [ -88.379790818999936, 16.558254299000055 ], [ -88.36587480399993, 16.551825262000079 ], [ -88.377837693999936, 16.547105210000041 ], [ -88.384022589999915, 16.548000393000052 ], [ -88.393177863999938, 16.551825262000079 ], [ -88.391102667999917, 16.543036200000074 ], [ -88.388539191999939, 16.538885809000078 ], [ -88.383290167999917, 16.537787177000041 ], [ -88.372792120999918, 16.538153387000079 ], [ -88.372792120999918, 16.53196849200009 ], [ -88.383412238999938, 16.525091864000046 ], [ -88.39093990799995, 16.515041408000059 ], [ -88.392689581999946, 16.502997137000079 ], [ -88.386382615999935, 16.490383205000057 ], [ -88.405181443999936, 16.476792710000041 ], [ -88.425648566999939, 16.437241929000038 ], [ -88.444447394999941, 16.428900458000044 ], [ -88.446400519999941, 16.423407294000071 ], [ -88.448231574999909, 16.399644273000092 ], [ -88.447824673999946, 16.394761460000041 ], [ -88.453521287999934, 16.391424872000073 ], [ -88.458811001999948, 16.39134349200009 ], [ -88.462147589999915, 16.394761460000041 ], [ -88.468495245999918, 16.390692450000074 ], [ -88.475738084999932, 16.38117096600007 ], [ -88.48859615799995, 16.351263739000046 ], [ -88.492543097999942, 16.346380927000041 ], [ -88.500355597999942, 16.34210846600007 ], [ -88.526682094999899, 16.308823960000041 ], [ -88.529652472999942, 16.303534247000073 ], [ -88.533802863999938, 16.290350653000075 ], [ -88.537261522999927, 16.28266022300005 ], [ -88.535959438999896, 16.274115302000041 ], [ -88.53937740799995, 16.270656643000052 ], [ -88.54751542899993, 16.271918036000045 ], [ -88.554676886999914, 16.268866278000075 ], [ -88.566761847999942, 16.26626211100006 ], [ -88.571359829999949, 16.263820705000057 ], [ -88.573475714999915, 16.259914455000057 ], [ -88.578195766999897, 16.243963934000078 ], [ -88.578195766999897, 16.285549221000053 ], [ -88.585031704999949, 16.285549221000053 ], [ -88.591908331999946, 16.263820705000057 ], [ -88.605946417999917, 16.260646877000056 ], [ -88.619740363999938, 16.26898834800005 ], [ -88.625965949999909, 16.281805731000077 ], [ -88.629872199999909, 16.287502346000053 ], [ -88.638295050999943, 16.288153387000079 ], [ -88.650217251999948, 16.285549221000053 ], [ -88.651478644999941, 16.28196849200009 ], [ -88.65103105399993, 16.26439036700009 ], [ -88.653920050999943, 16.257635809000078 ], [ -88.661122199999909, 16.255357164000088 ], [ -88.694894985999952, 16.250799872000073 ], [ -88.700672980999911, 16.247056382000039 ], [ -88.70539303299995, 16.242336330000057 ], [ -88.712554490999935, 16.238226630000042 ], [ -88.725900844999899, 16.236517645000049 ], [ -88.740061001999948, 16.230169989000046 ], [ -88.744211391999897, 16.214504299000055 ], [ -88.742054816999939, 16.175685940000051 ], [ -88.745716925999943, 16.154852606000077 ], [ -88.755197719999899, 16.139715887000079 ], [ -88.769276495999918, 16.130357164000088 ], [ -88.786732550999943, 16.12726471600007 ], [ -88.791818813999896, 16.124660549000055 ], [ -88.797718878999945, 16.118353583000044 ], [ -88.802642381999931, 16.110581773000092 ], [ -88.807036912999934, 16.09320709800005 ], [ -88.81314042899993, 16.088120835000041 ], [ -88.821766730999911, 16.084865627000056 ], [ -88.831410285999937, 16.079494533000059 ], [ -88.842518683999913, 16.070298570000091 ], [ -88.851918097999942, 16.058986721000053 ], [ -88.854318813999896, 16.047919012000079 ], [ -88.853505011999914, 16.036851304000038 ], [ -88.856271938999896, 16.028265692000048 ], [ -88.882394985999952, 16.020900783000059 ], [ -88.899647589999915, 16.010809637000079 ], [ -88.916371222999942, 15.99750397300005 ], [ -88.927642381999931, 15.983872789000088 ], [ -88.931141730999911, 15.959051825000074 ], [ -88.910267706999946, 15.917385158000059 ], [ -88.913970506999959, 15.893947658000044 ], [ -88.951878418999854, 15.879651999000075 ], [ -89.040322631999885, 15.901717834000081 ], [ -89.072387858999889, 15.901511129000127 ], [ -89.100913248999944, 15.896808574000048 ], [ -89.17744604499984, 15.900270894000087 ], [ -89.195765339999923, 15.892932841000103 ], [ -89.204834553999888, 15.89241607700005 ], [ -89.21653926699986, 15.888643697000035 ], [ -89.225996053999921, 15.884044495000083 ], [ -89.228243977999853, 15.880840556000109 ], [ -89.236512207999908, 15.89391469300007 ], [ -89.234135091999946, 15.954944560000044 ], [ -89.2085168605212, 16.186131919766652 ], [ -89.193139671358466, 16.392625602808764 ], [ -89.184352706122695, 16.495872444329748 ], [ -89.149204845179298, 17.036270806333576 ], [ -89.150727874102074, 17.32103207973212 ], [ -89.160496174999935, 17.814314270000054 ] ] ], [ [ [ -87.838286912999934, 17.388495184000078 ], [ -87.825795050999943, 17.39915599200009 ], [ -87.814198370999918, 17.381293036000045 ], [ -87.797352667999917, 17.333238023000092 ], [ -87.801991339999915, 17.325873114000046 ], [ -87.803700324999909, 17.315985419000071 ], [ -87.803578253999945, 17.292303778000075 ], [ -87.810414191999939, 17.292303778000075 ], [ -87.810414191999939, 17.305975653000075 ], [ -87.816070115999935, 17.304266669000071 ], [ -87.819894985999952, 17.301459052000041 ], [ -87.824615037999934, 17.292303778000075 ], [ -87.823801235999952, 17.352932033000059 ], [ -87.827219204999949, 17.378119208000044 ], [ -87.838286912999934, 17.388495184000078 ] ] ], [ [ [ -87.827748175999943, 17.54555898600006 ], [ -87.815744594999899, 17.545152085000041 ], [ -87.801503058999913, 17.541815497000073 ], [ -87.789214647999927, 17.53196849200009 ], [ -87.783070441999939, 17.51203034100007 ], [ -87.787180141999897, 17.496893622000073 ], [ -87.807850714999915, 17.457831122000073 ], [ -87.821115688999896, 17.440741278000075 ], [ -87.831288214999915, 17.423732815000051 ], [ -87.845773891999897, 17.414618231000077 ], [ -87.865630662999934, 17.429510809000078 ], [ -87.875884568999936, 17.413234768000052 ], [ -87.888539191999939, 17.403876044000071 ], [ -87.900054490999935, 17.391791083000044 ], [ -87.907215949999909, 17.367417710000041 ], [ -87.913441535999937, 17.322699286000045 ], [ -87.915882941999939, 17.315415757000039 ], [ -87.921009894999941, 17.305243231000077 ], [ -87.925526495999918, 17.292792059000078 ], [ -87.926503058999913, 17.278631903000075 ], [ -87.940744594999899, 17.292303778000075 ], [ -87.937001105999911, 17.29564036700009 ], [ -87.93390865799995, 17.305975653000075 ], [ -87.931507941999939, 17.327215887000079 ], [ -87.922271287999934, 17.362494208000044 ], [ -87.917469855999911, 17.41046784100007 ], [ -87.909535285999937, 17.426255601000037 ], [ -87.89671790299991, 17.437689520000049 ], [ -87.879302537999934, 17.44993724200009 ], [ -87.858794725999928, 17.470404364000046 ], [ -87.848703579999949, 17.471258856000077 ], [ -87.833811001999948, 17.465318101000037 ], [ -87.821278449999909, 17.46360911700009 ], [ -87.811634894999941, 17.472316799000055 ], [ -87.803944464999915, 17.491929429000038 ], [ -87.802072719999899, 17.512925523000092 ], [ -87.810414191999939, 17.525620835000041 ], [ -87.821441209999932, 17.516180731000077 ], [ -87.830677863999938, 17.511135158000059 ], [ -87.838286912999934, 17.51203034100007 ], [ -87.837798631999931, 17.518377997000073 ], [ -87.827748175999943, 17.54555898600006 ] ] ], [ [ [ -88.077259894999941, 17.641791083000044 ], [ -88.063547329999949, 17.630560614000046 ], [ -88.053618943999936, 17.606268622000073 ], [ -88.043812628999945, 17.552964585000041 ], [ -88.050607876999948, 17.552964585000041 ], [ -88.055653449999909, 17.562648830000057 ], [ -88.064442511999914, 17.586371161000045 ], [ -88.077259894999941, 17.641791083000044 ] ] ], [ [ [ -88.16047115799995, 17.682766018000052 ], [ -88.139515753999945, 17.69204336100006 ], [ -88.082753058999913, 17.72923411700009 ], [ -88.071115688999896, 17.734279690000051 ], [ -88.08031165299991, 17.70180898600006 ], [ -88.103667772999927, 17.681830145000049 ], [ -88.134877081999946, 17.671820380000042 ], [ -88.167307094999899, 17.669094143000052 ], [ -88.166005011999914, 17.676825262000079 ], [ -88.16047115799995, 17.682766018000052 ] ] ], [ [ [ -87.913441535999937, 18.025946356000077 ], [ -87.907215949999909, 18.025946356000077 ], [ -87.915109829999949, 17.98273346600007 ], [ -87.934559699999909, 17.942938544000071 ], [ -87.965809699999909, 17.913763739000046 ], [ -88.009022589999915, 17.902492580000057 ], [ -88.009022589999915, 17.909247137000079 ], [ -87.995350714999915, 17.909247137000079 ], [ -87.958892381999931, 17.934271552000041 ], [ -87.945912238999938, 17.95180898600006 ], [ -87.940744594999899, 17.977525132000039 ], [ -87.956532355999911, 17.976752020000049 ], [ -87.952300584999932, 18.007757880000042 ], [ -87.93390865799995, 18.070298570000091 ], [ -87.931752081999946, 18.074693101000037 ], [ -87.922352667999917, 18.082953192000048 ], [ -87.920277472999942, 18.090806382000039 ], [ -87.919667120999918, 18.100572007000039 ], [ -87.904855923999946, 18.153225002000056 ], [ -87.895008917999917, 18.162095445000091 ], [ -87.879302537999934, 18.15570709800005 ], [ -87.857289191999939, 18.169663804000038 ], [ -87.847320115999935, 18.155991929000038 ], [ -87.848988410999937, 18.133775132000039 ], [ -87.862212693999936, 18.122137762000079 ], [ -87.869618292999917, 18.110825914000088 ], [ -87.890044725999928, 18.057033596000053 ], [ -87.899769660999937, 18.039007880000042 ], [ -87.906646287999934, 18.043524481000077 ], [ -87.913441535999937, 18.046454169000071 ], [ -87.915882941999939, 18.035956122000073 ], [ -87.919667120999918, 18.028509833000044 ], [ -87.925445115999935, 18.023138739000046 ], [ -87.93390865799995, 18.019110419000071 ], [ -87.93390865799995, 18.01235586100006 ], [ -87.926503058999913, 17.997992255000042 ], [ -87.917103644999941, 18.01117584800005 ], [ -87.914865688999896, 18.017157294000071 ], [ -87.913441535999937, 18.025946356000077 ] ] ], [ [ [ -88.095611131999931, 17.517401434000078 ], [ -88.077015753999945, 17.503729559000078 ], [ -88.067697719999899, 17.49054596600007 ], [ -88.069813605999911, 17.480658270000049 ], [ -88.072621222999942, 17.476141669000071 ], [ -88.072865363999938, 17.470119533000059 ], [ -88.077056443999936, 17.461086330000057 ], [ -88.083973761999914, 17.461818752000056 ], [ -88.085804816999939, 17.470119533000059 ], [ -88.087147589999915, 17.490912177000041 ], [ -88.088490363999938, 17.495306708000044 ], [ -88.096506313999896, 17.494289455000057 ], [ -88.105132615999935, 17.498114325000074 ], [ -88.114247199999909, 17.51007721600007 ], [ -88.117298956999946, 17.512884833000044 ], [ -88.117176886999914, 17.518784898000092 ], [ -88.110463019999941, 17.523016669000071 ], [ -88.095611131999931, 17.517401434000078 ] ] ], [ [ [ -87.963286912999934, 18.09320709800005 ], [ -87.960316535999937, 18.090399481000077 ], [ -87.962513800999943, 18.079982815000051 ], [ -87.970611131999931, 18.073146877000056 ], [ -87.981434699999909, 18.071275132000039 ], [ -87.984364386999914, 18.07758209800005 ], [ -87.977162238999938, 18.087469794000071 ], [ -87.972075975999928, 18.090725002000056 ], [ -87.963286912999934, 18.09320709800005 ] ] ], [ [ [ -87.939523891999897, 18.118638414000088 ], [ -87.937123175999943, 18.114650783000059 ], [ -87.936390753999945, 18.103908596000053 ], [ -87.942250128999945, 18.093491929000038 ], [ -87.950510219999899, 18.087591864000046 ], [ -87.954009568999936, 18.088283596000053 ], [ -87.956898566999939, 18.097357489000046 ], [ -87.955230272999927, 18.100816148000092 ], [ -87.944813605999911, 18.107896226000037 ], [ -87.943023240999935, 18.113470770000049 ], [ -87.939523891999897, 18.118638414000088 ] ] ], [ [ [ -87.874745245999918, 18.20648834800005 ], [ -87.874745245999918, 18.197333075000074 ], [ -87.878285285999937, 18.187323309000078 ], [ -87.887806769999941, 18.175604559000078 ], [ -87.893544074999909, 18.180365302000041 ], [ -87.890777147999927, 18.197455145000049 ], [ -87.886830206999946, 18.20343659100007 ], [ -87.883697068999936, 18.201076565000051 ], [ -87.884429490999935, 18.209173895000049 ], [ -87.874745245999918, 18.20648834800005 ] ] ] ] } },
{ "type": "Feature", "properties": { "iso": "CO", "name": "Colombia", "role": "contexto" }, "geometry": { "type": "MultiPolygon", "coordinates": [ [ [ [ -77.895839150733224, 7.235098056585514 ], [ -77.820180623999903, 7.476547343000107 ], [ -77.796306111999911, 7.471276347000071 ], [ -77.774240274999926, 7.474738668000029 ], [ -77.755119994999916, 7.486107483000097 ], [ -77.740237182999891, 7.504607645000121 ], [ -77.731245483999942, 7.530342509000121 ], [ -77.734242716999944, 7.551788228000049 ], [ -77.756825317999898, 7.595558167000135 ], [ -77.765817016999932, 7.626460674000043 ], [ -77.770519571999898, 7.6689903770001 ], [ -77.764215047999897, 7.705732320000081 ], [ -77.740237182999891, 7.718858134000044 ], [ -77.729901896999962, 7.713328756000053 ], [ -77.679930786999904, 7.670954081000033 ], [ -77.670215617999958, 7.659947001000134 ], [ -77.674763142999979, 7.64842315700011 ], [ -77.674814819999909, 7.644650778000084 ], [ -77.671869262999905, 7.64196360300005 ], [ -77.663394327999896, 7.639948222000015 ], [ -77.660758829999878, 7.63803619400008 ], [ -77.633060261999873, 7.60067413400013 ], [ -77.625463826999891, 7.587444967000039 ], [ -77.613319865999898, 7.537473857000066 ], [ -77.602674519999908, 7.526053365000067 ], [ -77.57998856699993, 7.528378805000088 ], [ -77.554925496999914, 7.548480937000051 ], [ -77.509346883999939, 7.594111227000056 ], [ -77.369097045999922, 7.680772603 ], [ -77.339744832999969, 7.707230937000091 ], [ -77.345997680999858, 7.725731099000114 ], [ -77.36651322499992, 7.745109762000084 ], [ -77.379897420999953, 7.774410299000039 ], [ -77.376641805999981, 7.786605937000061 ], [ -77.347186238999882, 7.82381296800007 ], [ -77.321606404999841, 7.881018779000016 ], [ -77.300419067999968, 7.90210276300013 ], [ -77.269723266999932, 7.918122457000081 ], [ -77.236133585999909, 7.92923289 ], [ -77.20605790299993, 7.935485738000096 ], [ -77.169005899999974, 7.935072326000096 ], [ -77.163269815999911, 7.939258117000037 ], [ -77.171072957999939, 7.954916077000078 ], [ -77.180839803999902, 7.965148010000064 ], [ -77.191536824999901, 7.972847799000064 ], [ -77.201200317999906, 7.98199452700004 ], [ -77.207763223999905, 7.996567281000097 ], [ -77.209623575999899, 8.020700175000059 ], [ -77.231069294999941, 8.098731588000064 ], [ -77.260111449999926, 8.154025371000088 ], [ -77.295199747999874, 8.205495097000068 ], [ -77.316903849999875, 8.250841166000086 ], [ -77.324345255999873, 8.261202291000103 ], [ -77.337161010999864, 8.26662831600008 ], [ -77.350493530999898, 8.267403463000093 ], [ -77.363205932999932, 8.27208018000006 ], [ -77.374368042999976, 8.289314270000133 ], [ -77.382998005999923, 8.324945171000124 ], [ -77.391266235999865, 8.393545634000063 ], [ -77.405787313999895, 8.428453064000053 ], [ -77.422323770999895, 8.456410014000141 ], [ -77.432710734999915, 8.465065816000092 ], [ -77.449608927999918, 8.470646871000014 ], [ -77.479684610999897, 8.467856343000051 ], [ -77.488727986999947, 8.473644104000115 ], [ -77.488676309999931, 8.496536764000055 ], [ -77.480356404999952, 8.526199036 ], [ -77.441133992999909, 8.567669372000069 ], [ -77.429093384999931, 8.592629090000059 ], [ -77.430230264999949, 8.610457459000102 ], [ -77.435036173999947, 8.620637716000061 ], [ -77.434002644999879, 8.628259989000043 ], [ -77.417672892999946, 8.638466085000104 ], [ -77.401549845999853, 8.642031759000076 ], [ -77.385375121999857, 8.643633728000111 ], [ -77.374936483999932, 8.6509459440001 ], [ -77.373524542999917, 8.664740302000041 ], [ -77.373158331999946, 8.669338283000059 ], [ -77.366688605999911, 8.678412177000041 ], [ -77.351673956999946, 8.669338283000059 ], [ -77.341379360999952, 8.632473049000055 ], [ -77.329457160999937, 8.613511460000041 ], [ -77.317128058999913, 8.601385809000078 ], [ -77.307118292999917, 8.589016018000052 ], [ -77.298817511999914, 8.574286200000074 ], [ -77.291615363999938, 8.555487372000073 ], [ -77.283192511999914, 8.516791083000044 ], [ -77.274728969999899, 8.495794989000046 ], [ -77.20962480399993, 8.451849677000041 ], [ -77.159169074999909, 8.431708075000074 ], [ -77.144439256999931, 8.421087958000044 ], [ -77.133615688999953, 8.408392645000049 ], [ -77.052805141999897, 8.276312567000048 ], [ -77.03156490799995, 8.259995835000041 ], [ -77.017730272999927, 8.257635809000078 ], [ -76.989857550999943, 8.25726959800005 ], [ -76.976307745999918, 8.253851630000042 ], [ -76.970122850999928, 8.266750393000052 ], [ -76.962025519999941, 8.266546942000048 ], [ -76.956125454999949, 8.256537177000041 ], [ -76.956410285999937, 8.240179755000042 ], [ -76.962635870999918, 8.240179755000042 ], [ -76.970082160999937, 8.24640534100007 ], [ -76.970122850999928, 8.22134023600006 ], [ -76.96312415299991, 8.203680731000077 ], [ -76.950835740999935, 8.197088934000078 ], [ -76.935292120999918, 8.20538971600007 ], [ -76.935292120999918, 8.184963283000059 ], [ -76.921701626999948, 8.199204820000091 ], [ -76.917591925999943, 8.188950914000088 ], [ -76.927113410999937, 8.172756252000056 ], [ -76.928537563999953, 8.15766022300005 ], [ -76.933013475999928, 8.15961334800005 ], [ -76.944447394999941, 8.162543036000045 ], [ -76.948963995999918, 8.164496161000045 ], [ -76.942534959999932, 8.128851630000042 ], [ -76.918324347999942, 8.11391836100006 ], [ -76.895741339999915, 8.117254950000074 ], [ -76.893706834999932, 8.136542059000078 ], [ -76.83226477799991, 8.136542059000078 ], [ -76.838368292999917, 8.127875067000048 ], [ -76.843617316999939, 8.117987372000073 ], [ -76.846750454999949, 8.107123114000046 ], [ -76.846547003999945, 8.095526434000078 ], [ -76.839100714999915, 8.095526434000078 ], [ -76.835601365999935, 8.098334052000041 ], [ -76.825428839999915, 8.103013414000088 ], [ -76.825428839999915, 8.095526434000078 ], [ -76.860218878999945, 8.082505601000037 ], [ -76.860218878999945, 8.075669664000088 ], [ -76.851226365999935, 8.074164130000042 ], [ -76.845285610999952, 8.071519273000092 ], [ -76.837066209999932, 8.062486070000091 ], [ -76.839100714999915, 8.054632880000042 ], [ -76.843413865999935, 8.059393622000073 ], [ -76.849232550999943, 8.062323309000078 ], [ -76.856800910999937, 8.063177802000041 ], [ -76.866444464999915, 8.061997789000088 ], [ -76.858265753999945, 8.053290106000077 ], [ -76.848378058999913, 8.047023830000057 ], [ -76.838978644999941, 8.039618231000077 ], [ -76.83226477799991, 8.027289130000042 ], [ -76.857289191999939, 8.039007880000042 ], [ -76.884388800999943, 8.04633209800005 ], [ -76.907704230999911, 8.044094143000052 ], [ -76.921701626999948, 8.027289130000042 ], [ -76.922027147999927, 8.023016669000071 ], [ -76.915394660999937, 8.021063544000071 ], [ -76.933705206999946, 7.964585679000038 ], [ -76.907053188999953, 7.929510809000078 ], [ -76.853586391999897, 7.91274648600006 ], [ -76.79133053299995, 7.911200262000079 ], [ -76.77961178299995, 7.913234768000052 ], [ -76.767648891999897, 7.91742584800005 ], [ -76.757232225999928, 7.923570054000038 ], [ -76.750355597999942, 7.931708075000074 ], [ -76.747141079999949, 7.940497137000079 ], [ -76.747466600999928, 7.946437893000052 ], [ -76.749256964999915, 7.952622789000088 ], [ -76.750355597999942, 7.962103583000044 ], [ -76.748199022999927, 7.970282294000071 ], [ -76.738840298999946, 7.980292059000078 ], [ -76.736683722999942, 7.989732164000088 ], [ -76.730620897999927, 8.051336981000077 ], [ -76.732004360999952, 8.079291083000044 ], [ -76.744130011999914, 8.103013414000088 ], [ -76.747670050999943, 8.089992580000057 ], [ -76.746937628999945, 8.084540106000077 ], [ -76.744130011999914, 8.075669664000088 ], [ -76.750355597999942, 8.075669664000088 ], [ -76.755482550999943, 8.091620184000078 ], [ -76.759185350999928, 8.11469147300005 ], [ -76.759388800999943, 8.137884833000044 ], [ -76.747914191999939, 8.171535549000055 ], [ -76.751779751999948, 8.192938544000071 ], [ -76.764637824999909, 8.225897528000075 ], [ -76.77017167899993, 8.258490302000041 ], [ -76.770090298999946, 8.398016669000071 ], [ -76.774810350999928, 8.416693427000041 ], [ -76.787912563999953, 8.424505927000041 ], [ -76.802072719999899, 8.430161851000037 ], [ -76.808420376999948, 8.444159247000073 ], [ -76.812245245999918, 8.461981512000079 ], [ -76.81859290299991, 8.47915273600006 ], [ -76.838612433999913, 8.500433661000045 ], [ -76.869984503999945, 8.521551825000074 ], [ -76.90648352799991, 8.538641669000071 ], [ -76.935292120999918, 8.541815497000073 ], [ -76.935292120999918, 8.534369208000044 ], [ -76.947173631999931, 8.545477606000077 ], [ -76.930816209999932, 8.570705471000053 ], [ -76.906361456999946, 8.599310614000046 ], [ -76.893706834999932, 8.620347398000092 ], [ -76.794748501999948, 8.651068427000041 ], [ -76.770619269999941, 8.65298086100006 ], [ -76.673207160999937, 8.68040599200009 ], [ -76.660227016999897, 8.687445380000042 ], [ -76.654774542999917, 8.695746161000045 ], [ -76.65453040299991, 8.706529039000088 ], [ -76.652943488999938, 8.718166408000059 ], [ -76.64875240799995, 8.728013414000088 ], [ -76.640492316999939, 8.733628648000092 ], [ -76.640492316999939, 8.739813544000071 ], [ -76.647328253999945, 8.739813544000071 ], [ -76.647328253999945, 8.747300523000092 ], [ -76.628244594999899, 8.750474351000037 ], [ -76.560454881999931, 8.775376695000091 ], [ -76.546864386999914, 8.784572658000059 ], [ -76.502797003999945, 8.828802802000041 ], [ -76.450998501999948, 8.864447333000044 ], [ -76.428212042999917, 8.884466864000046 ], [ -76.428212042999917, 8.890692450000074 ], [ -76.435536261999914, 8.902573960000041 ], [ -76.426869269999941, 8.910549221000053 ], [ -76.366118943999936, 8.925441799000055 ], [ -76.342518683999913, 8.939113674000055 ], [ -76.323963995999918, 8.941351630000042 ], [ -76.315541144999941, 8.947739976000037 ], [ -76.310373501999948, 8.957464911000045 ], [ -76.301258917999917, 8.969794012000079 ], [ -76.264271613999938, 8.996323960000041 ], [ -76.256255662999934, 9.007391669000071 ], [ -76.265004035999937, 9.042181708000044 ], [ -76.254953579999949, 9.070786851000037 ], [ -76.235463019999941, 9.093573309000078 ], [ -76.20181230399993, 9.123114325000074 ], [ -76.192616339999915, 9.134914455000057 ], [ -76.186512824999909, 9.149725653000075 ], [ -76.174875454999949, 9.232855536000045 ], [ -76.168120897999927, 9.246975002000056 ], [ -76.162505662999934, 9.248114325000074 ], [ -76.134429490999935, 9.258612372000073 ], [ -76.129994269999941, 9.261216539000088 ], [ -76.116932745999918, 9.265814520000049 ], [ -76.112538214999915, 9.276353257000039 ], [ -76.112904425999943, 9.294745184000078 ], [ -76.110829230999911, 9.312160549000055 ], [ -76.107045050999943, 9.321600653000075 ], [ -76.096099412999934, 9.333197333000044 ], [ -76.08657792899993, 9.339911200000074 ], [ -76.077992316999939, 9.343817450000074 ], [ -76.037505662999934, 9.356594143000052 ], [ -76.005285803999925, 9.366241125000045 ], [ -75.976925156999926, 9.382517238000048 ], [ -75.953284621999899, 9.402296152000076 ], [ -75.950900729999944, 9.42676263900006 ], [ -75.943798042999902, 9.440734321000093 ], [ -75.9213432869999, 9.438369571000067 ], [ -75.909982876999948, 9.428168036000045 ], [ -75.877430792999917, 9.42999909100007 ], [ -75.842884894999941, 9.436509507000039 ], [ -75.81867428299995, 9.446193752000056 ], [ -75.811024542999917, 9.443548895000049 ], [ -75.803293423999946, 9.438544012000079 ], [ -75.798085089999915, 9.430365302000041 ], [ -75.798207160999937, 9.418198960000041 ], [ -75.812001105999911, 9.424221096000053 ], [ -75.826730923999946, 9.426011460000041 ], [ -75.840809699999909, 9.42251211100006 ], [ -75.852853969999899, 9.412054755000042 ], [ -75.844878709999932, 9.406724351000037 ], [ -75.838856574999909, 9.404852606000077 ], [ -75.832753058999913, 9.40656159100007 ], [ -75.82485917899993, 9.412054755000042 ], [ -75.815256313999953, 9.403387762000079 ], [ -75.812896287999934, 9.39984772300005 ], [ -75.811879035999937, 9.391546942000048 ], [ -75.781117316999939, 9.41242096600007 ], [ -75.76203365799995, 9.421820380000042 ], [ -75.739247199999909, 9.425726630000042 ], [ -75.716786261999914, 9.422064520000049 ], [ -75.672607851999942, 9.409990145000052 ], [ -75.658643872999903, 9.419943330000081 ], [ -75.620632772999897, 9.452853128000072 ], [ -75.596576868999932, 9.498749423000049 ], [ -75.577167464999945, 9.56221350900006 ], [ -75.57636690399994, 9.62108590400004 ], [ -75.587213841999926, 9.648615712000037 ], [ -75.59961827099994, 9.663148619000083 ], [ -75.606678839999915, 9.669256903000075 ], [ -75.618031378999945, 9.689276434000078 ], [ -75.633741665999935, 9.689159259000064 ], [ -75.647368943999936, 9.699408270000049 ], [ -75.657794426999942, 9.705232142000057 ], [ -75.67797281199995, 9.704476967000062 ], [ -75.69116558099995, 9.699126972000045 ], [ -75.702806239999916, 9.690716519000091 ], [ -75.70513735399993, 9.700661772000046 ], [ -75.649251940999932, 9.756470368000066 ], [ -75.639945061999924, 9.783262609000076 ], [ -75.622862322999936, 9.838364154000089 ], [ -75.623639496999942, 9.861348866000071 ], [ -75.6174175619999, 9.882749292000085 ], [ -75.604675051999948, 9.910354199000039 ], [ -75.593666114999905, 9.943990109000083 ], [ -75.589515920999929, 9.964189339000086 ], [ -75.589955206999946, 9.984849351000037 ], [ -75.576191385999948, 10.041847120000057 ], [ -75.573848339999927, 10.07396026400005 ], [ -75.588591072999918, 10.10837803600009 ], [ -75.589360705999923, 10.128261433000091 ], [ -75.583920882999905, 10.135911362000058 ], [ -75.580067511999914, 10.139146226000037 ], [ -75.572336391999897, 10.140814520000049 ], [ -75.565500454999949, 10.144476630000042 ], [ -75.561634894999941, 10.149969794000071 ], [ -75.551136847999942, 10.172349351000037 ], [ -75.544016079999949, 10.182684637000079 ], [ -75.540882941999939, 10.188544012000079 ], [ -75.537505662999934, 10.199693101000037 ], [ -75.536203579999949, 10.211004950000074 ], [ -75.536366339999915, 10.22101471600007 ], [ -75.535511847999942, 10.230617580000057 ], [ -75.530669725999928, 10.240668036000045 ], [ -75.562854672999947, 10.223084992000054 ], [ -75.604002245999936, 10.19612483800006 ], [ -75.64378608699991, 10.154375703000085 ], [ -75.684880107999902, 10.131519625000067 ], [ -75.703576645999931, 10.134428033000063 ], [ -75.688922325999897, 10.167966257000046 ], [ -75.660149738999905, 10.184107151000092 ], [ -75.646442300999922, 10.193508987000087 ], [ -75.637684699999909, 10.203680731000077 ], [ -75.630848761999914, 10.213446356000077 ], [ -75.625355597999942, 10.225816148000092 ], [ -75.616322394999941, 10.237534898000092 ], [ -75.613636847999942, 10.24876536700009 ], [ -75.617746548999946, 10.261135158000059 ], [ -75.615101691999939, 10.269517320000091 ], [ -75.592152472999942, 10.268622137000079 ], [ -75.597523566999939, 10.277004299000055 ], [ -75.599354620999918, 10.285630601000037 ], [ -75.597523566999939, 10.29437897300005 ], [ -75.592152472999942, 10.302720445000091 ], [ -75.583811001999948, 10.282375393000052 ], [ -75.563384568999936, 10.287095445000091 ], [ -75.527251756999931, 10.309556382000039 ], [ -75.515695766999897, 10.31899648600006 ], [ -75.516428188999953, 10.341457424000055 ], [ -75.52179928299995, 10.368394273000092 ], [ -75.523833787999934, 10.391506252000056 ], [ -75.530669725999928, 10.391506252000056 ], [ -75.539173956999946, 10.386297919000071 ], [ -75.544300910999937, 10.393011786000045 ], [ -75.551136847999942, 10.419419664000088 ], [ -75.557972785999937, 10.419419664000088 ], [ -75.560943162999934, 10.409857489000046 ], [ -75.564198370999918, 10.403713283000059 ], [ -75.569406704999949, 10.400132554000038 ], [ -75.578480597999942, 10.398342190000051 ], [ -75.574696417999917, 10.40688711100006 ], [ -75.569406704999949, 10.425279039000088 ], [ -75.565500454999949, 10.43305084800005 ], [ -75.559315558999913, 10.438950914000088 ], [ -75.54710852799991, 10.444240627000056 ], [ -75.540598110999952, 10.44985586100006 ], [ -75.512115037999934, 10.481675523000092 ], [ -75.502756313999953, 10.48773834800005 ], [ -75.507964647999927, 10.470851955000057 ], [ -75.518666144999941, 10.450262762000079 ], [ -75.522206183999913, 10.432928778000075 ], [ -75.50649980399993, 10.425604559000078 ], [ -75.493275519999941, 10.434637762000079 ], [ -75.487131313999953, 10.455877997000073 ], [ -75.486317511999914, 10.480943101000037 ], [ -75.489125128999945, 10.501369533000059 ], [ -75.493275519999941, 10.505682684000078 ], [ -75.500355597999942, 10.507391669000071 ], [ -75.510243292999917, 10.508205471000053 ], [ -75.509632941999939, 10.514105536000045 ], [ -75.502756313999953, 10.529282945000091 ], [ -75.504383917999917, 10.540716864000046 ], [ -75.504465298999946, 10.551581122000073 ], [ -75.50812740799995, 10.559637762000079 ], [ -75.520497199999909, 10.56281159100007 ], [ -75.524525519999941, 10.567084052000041 ], [ -75.519602016999897, 10.57648346600007 ], [ -75.509836391999897, 10.585842190000051 ], [ -75.499623175999943, 10.590073960000041 ], [ -75.488026495999918, 10.591620184000078 ], [ -75.475493943999936, 10.59601471600007 ], [ -75.463856574999909, 10.602728583000044 ], [ -75.454945441999939, 10.611232815000051 ], [ -75.454823370999918, 10.616400458000044 ], [ -75.462513800999943, 10.626450914000088 ], [ -75.461822068999936, 10.631048895000049 ], [ -75.450998501999948, 10.635891018000052 ], [ -75.439564581999946, 10.64203522300005 ], [ -75.430897589999915, 10.64134349200009 ], [ -75.424183722999942, 10.64329661700009 ], [ -75.421457485999952, 10.655259507000039 ], [ -75.417713995999918, 10.65570709800005 ], [ -75.410023566999939, 10.664618231000077 ], [ -75.403675910999937, 10.675034898000092 ], [ -75.403797980999911, 10.680121161000045 ], [ -75.397572394999941, 10.681870835000041 ], [ -75.373036261999914, 10.693101304000038 ], [ -75.30728105399993, 10.709540106000077 ], [ -75.297352667999917, 10.717352606000077 ], [ -75.287464972999942, 10.733465887000079 ], [ -75.27961178299995, 10.742743231000077 ], [ -75.27375240799995, 10.744330145000049 ], [ -75.268788214999915, 10.741400458000044 ], [ -75.258290167999917, 10.737127997000073 ], [ -75.256337042999917, 10.731024481000077 ], [ -75.26203365799995, 10.724188544000071 ], [ -75.262766079999949, 10.720282294000071 ], [ -75.256337042999917, 10.71360911700009 ], [ -75.256337042999917, 10.706773179000038 ], [ -75.249501105999911, 10.706773179000038 ], [ -75.243763800999943, 10.714748440000051 ], [ -75.222238735999952, 10.73468659100007 ], [ -75.226389126999948, 10.74282461100006 ], [ -75.228667772999927, 10.750067450000074 ], [ -75.229725714999915, 10.758042710000041 ], [ -75.229644334999932, 10.768255927000041 ], [ -75.245187954999949, 10.754950262000079 ], [ -75.249501105999911, 10.747748114000046 ], [ -75.270008917999917, 10.759100653000075 ], [ -75.275542772999927, 10.777777411000045 ], [ -75.267404751999948, 10.795314846000053 ], [ -75.231678839999915, 10.807318427000041 ], [ -75.215687628999945, 10.826605536000045 ], [ -75.204823370999918, 10.830959377000056 ], [ -75.193430141999897, 10.831854559000078 ], [ -75.182240363999938, 10.834540106000077 ], [ -75.171376105999911, 10.838812567000048 ], [ -75.107980923999946, 10.880438544000071 ], [ -75.069894985999952, 10.889553127000056 ], [ -75.049549933999913, 10.901190497000073 ], [ -75.035959438999953, 10.916693427000041 ], [ -75.037220831999946, 10.932684637000079 ], [ -75.032826300999943, 10.942694403000075 ], [ -75.027740037999934, 10.965521552000041 ], [ -75.023589647999927, 10.974310614000046 ], [ -75.014149542999917, 10.980414130000042 ], [ -75.000396287999934, 10.986395575000074 ], [ -74.981971231999921, 10.987428285000078 ], [ -74.962809279999931, 10.994894226000042 ], [ -74.950016929999947, 11.009460454000077 ], [ -74.92571787299994, 11.028578244000073 ], [ -74.923570574999928, 11.045671746000039 ], [ -74.895502538999949, 11.045590797000045 ], [ -74.861510172999942, 11.048833740000077 ], [ -74.845338024999933, 11.062129538000079 ], [ -74.848224909999942, 11.09800148000005 ], [ -74.850336650999907, 11.103430570000057 ], [ -74.84437231499993, 11.10966965700004 ], [ -74.819335863999925, 11.097919317000049 ], [ -74.743173746999901, 11.072652528000049 ], [ -74.645424233999904, 11.033087540000054 ], [ -74.5722998359999, 11.008623930000056 ], [ -74.5229509159999, 10.995924341000091 ], [ -74.471262173999946, 10.98969147300005 ], [ -74.403472459999932, 10.982855536000045 ], [ -74.337269660999937, 10.98696523600006 ], [ -74.297829547999925, 10.991499283000053 ], [ -74.312408006999931, 10.980943101000037 ], [ -74.361805792999917, 10.971665757000039 ], [ -74.458159959999932, 10.974310614000046 ], [ -74.469838019999941, 10.976060289000088 ], [ -74.48078365799995, 10.978949286000045 ], [ -74.491566535999937, 10.979478257000039 ], [ -74.502837693999936, 10.974310614000046 ], [ -74.505767381999931, 10.965765692000048 ], [ -74.504505988999938, 10.954169012000079 ], [ -74.505034959999932, 10.943915106000077 ], [ -74.513417120999918, 10.939601955000057 ], [ -74.517445441999939, 10.926662502000056 ], [ -74.506337042999917, 10.897772528000075 ], [ -74.481760219999899, 10.850816148000092 ], [ -74.497141079999949, 10.858954169000071 ], [ -74.511708136999914, 10.87445709800005 ], [ -74.525013800999943, 10.88344961100006 ], [ -74.536366339999915, 10.871893622000073 ], [ -74.543365037999934, 10.881415106000077 ], [ -74.567209438999953, 10.881415106000077 ], [ -74.581369594999899, 10.888088283000059 ], [ -74.589222785999937, 10.884670315000051 ], [ -74.596994594999899, 10.86782461100006 ], [ -74.602894660999937, 10.847560940000051 ], [ -74.605213995999918, 10.834051825000074 ], [ -74.606353318999936, 10.803656317000048 ], [ -74.604603644999941, 10.789007880000042 ], [ -74.598459438999953, 10.781927802000041 ], [ -74.58462480399993, 10.786851304000038 ], [ -74.578724738999938, 10.802557684000078 ], [ -74.574208136999914, 10.820135809000078 ], [ -74.564279751999948, 10.830959377000056 ], [ -74.564320441999939, 10.820502020000049 ], [ -74.560902472999942, 10.813421942000048 ], [ -74.554025844999899, 10.809556382000039 ], [ -74.543812628999945, 10.80923086100006 ], [ -74.545521613999938, 10.799383856000077 ], [ -74.543812628999945, 10.76203034100007 ], [ -74.528553839999915, 10.755275783000059 ], [ -74.512318488999938, 10.756008205000057 ], [ -74.499663865999935, 10.764715887000079 ], [ -74.495432094999899, 10.781927802000041 ], [ -74.506743943999936, 10.775783596000053 ], [ -74.515614386999914, 10.778225002000056 ], [ -74.521311001999948, 10.78774648600006 ], [ -74.523304816999939, 10.802964585000041 ], [ -74.519276495999918, 10.816066799000055 ], [ -74.511463995999918, 10.825100002000056 ], [ -74.50617428299995, 10.833482164000088 ], [ -74.509632941999939, 10.844549872000073 ], [ -74.489654100999928, 10.841050523000092 ], [ -74.477121548999946, 10.82758209800005 ], [ -74.470570441999939, 10.807847398000092 ], [ -74.465687628999945, 10.759670315000051 ], [ -74.456613735999952, 10.748032945000091 ], [ -74.441477016999897, 10.745835679000038 ], [ -74.402088995999918, 10.748032945000091 ], [ -74.395090298999946, 10.749497789000088 ], [ -74.385568813999953, 10.754584052000041 ], [ -74.366566535999937, 10.772772528000075 ], [ -74.362172003999945, 10.77570221600007 ], [ -74.36001542899993, 10.784816799000055 ], [ -74.330922003999945, 10.837144273000092 ], [ -74.330067511999914, 10.844305731000077 ], [ -74.330922003999945, 10.871893622000073 ], [ -74.319650844999899, 10.893703518000052 ], [ -74.317860480999911, 10.902004299000055 ], [ -74.314605272999927, 10.907171942000048 ], [ -74.300607876999948, 10.923488674000055 ], [ -74.297352667999917, 10.929348049000055 ], [ -74.289906378999945, 10.967474677000041 ], [ -74.280425584999932, 10.989732164000088 ], [ -74.218129035999937, 11.079087632000039 ], [ -74.214914516999897, 11.086981512000079 ], [ -74.217844204999949, 11.098822333000044 ], [ -74.231800910999937, 11.115708726000037 ], [ -74.235951300999943, 11.125148830000057 ], [ -74.235707160999937, 11.135972398000092 ], [ -74.229969855999911, 11.153021552000041 ], [ -74.228505011999914, 11.16274648600006 ], [ -74.230376756999931, 11.172674872000073 ], [ -74.239328579999949, 11.190741278000075 ], [ -74.242176886999914, 11.200262762000079 ], [ -74.240345831999946, 11.204250393000052 ], [ -74.23070227799991, 11.212836005000042 ], [ -74.228505011999914, 11.217678127000056 ], [ -74.229644334999932, 11.223537502000056 ], [ -74.234771287999934, 11.228013414000088 ], [ -74.235951300999943, 11.230658270000049 ], [ -74.233631964999915, 11.241156317000048 ], [ -74.228138800999943, 11.250881252000056 ], [ -74.214914516999897, 11.269110419000071 ], [ -74.20962480399993, 11.27484772300005 ], [ -74.205067511999914, 11.27765534100007 ], [ -74.201771613999938, 11.282049872000073 ], [ -74.200550910999937, 11.292710679000038 ], [ -74.187489386999914, 11.316961981000077 ], [ -74.171864386999914, 11.318101304000038 ], [ -74.159006313999953, 11.315130927000041 ], [ -74.151844855999911, 11.319728908000059 ], [ -74.153391079999949, 11.343654690000051 ], [ -74.145904100999928, 11.343654690000051 ], [ -74.145334438999953, 11.337225653000075 ], [ -74.139068162999934, 11.323716539000088 ], [ -74.128488735999952, 11.337836005000042 ], [ -74.126088019999941, 11.343654690000051 ], [ -74.120716925999943, 11.341009833000044 ], [ -74.118641730999911, 11.337388414000088 ], [ -74.112416144999941, 11.337388414000088 ], [ -74.112416144999941, 11.357896226000037 ], [ -74.102447068999936, 11.34992096600007 ], [ -74.094878709999932, 11.334418036000045 ], [ -74.083851691999939, 11.330633856000077 ], [ -74.074126756999931, 11.33539459800005 ], [ -74.069569464999915, 11.345770575000074 ], [ -74.065419074999909, 11.351752020000049 ], [ -74.057199673999946, 11.343654690000051 ], [ -74.049712693999936, 11.343654690000051 ], [ -74.047922329999949, 11.350816148000092 ], [ -74.044016079999949, 11.354641018000052 ], [ -74.029896613999938, 11.357896226000037 ], [ -74.004628058999913, 11.355292059000078 ], [ -73.985259568999936, 11.347805080000057 ], [ -73.968495245999918, 11.335923570000091 ], [ -73.951039191999939, 11.320298570000091 ], [ -73.94359290299991, 11.317368882000039 ], [ -73.897775844999899, 11.307684637000079 ], [ -73.865386522999927, 11.289007880000042 ], [ -73.826039191999939, 11.276760158000059 ], [ -73.705148891999897, 11.268255927000041 ], [ -73.592396613999938, 11.277044989000046 ], [ -73.402495897999927, 11.277248440000051 ], [ -73.292388475999928, 11.294012762000079 ], [ -73.282582160999937, 11.29954661700009 ], [ -73.276193813999953, 11.30805084800005 ], [ -73.245757615999935, 11.330877997000073 ], [ -73.220041469999899, 11.344875393000052 ], [ -73.214955206999946, 11.348944403000075 ], [ -73.207427537999934, 11.357896226000037 ], [ -73.195668097999942, 11.38157786700009 ], [ -73.190663214999915, 11.385199286000045 ], [ -73.179025844999899, 11.388617255000042 ], [ -73.170277472999942, 11.396877346000053 ], [ -73.156239386999914, 11.416245835000041 ], [ -73.145253058999913, 11.425523179000038 ], [ -73.111887173999946, 11.440415757000039 ], [ -73.054839647999927, 11.493963934000078 ], [ -72.933990037999934, 11.556789455000057 ], [ -72.759673631999931, 11.697088934000078 ], [ -72.741322394999941, 11.707953192000048 ], [ -72.704701300999943, 11.720363674000055 ], [ -72.643910285999937, 11.733303127000056 ], [ -72.628325975999928, 11.740423895000049 ], [ -72.59797115799995, 11.761948960000041 ], [ -72.577463344999899, 11.756048895000049 ], [ -72.556263800999943, 11.766587632000039 ], [ -72.534331834999932, 11.781642971000053 ], [ -72.511626756999931, 11.789252020000049 ], [ -72.452056443999936, 11.79132721600007 ], [ -72.433461066999939, 11.796087958000044 ], [ -72.417591925999943, 11.805121161000045 ], [ -72.391997850999928, 11.826117255000042 ], [ -72.35960852799991, 11.833970445000091 ], [ -72.316151495999918, 11.864976304000038 ], [ -72.263050910999937, 11.885972398000092 ], [ -72.250559048999946, 11.901678778000075 ], [ -72.232167120999918, 11.919745184000078 ], [ -72.228016730999911, 11.930161851000037 ], [ -72.226307745999918, 11.938950914000088 ], [ -72.213734503999945, 11.974839585000041 ], [ -72.17796790299991, 12.029852606000077 ], [ -72.167876756999931, 12.063381252000056 ], [ -72.145497199999909, 12.09251536700009 ], [ -72.138661261999914, 12.104559637000079 ], [ -72.137115037999934, 12.124090887000079 ], [ -72.141224738999938, 12.18032461100006 ], [ -72.145415818999936, 12.200832424000055 ], [ -72.151112433999913, 12.208482164000088 ], [ -72.160511847999942, 12.216538804000038 ], [ -72.169260219999899, 12.221828518000052 ], [ -72.172759568999936, 12.221258856000077 ], [ -72.170521613999938, 12.234279690000051 ], [ -72.161976691999939, 12.242865302000041 ], [ -72.138661261999914, 12.256048895000049 ], [ -72.107533331999946, 12.245021877000056 ], [ -72.004872199999909, 12.262884833000044 ], [ -71.969634568999936, 12.255113023000092 ], [ -71.973540818999936, 12.236558335000041 ], [ -72.015126105999911, 12.19399648600006 ], [ -72.000152147999927, 12.186224677000041 ], [ -71.984852667999917, 12.160956122000073 ], [ -71.967274542999917, 12.153021552000041 ], [ -71.937611456999946, 12.166449286000045 ], [ -71.932525193999936, 12.169745184000078 ], [ -71.92992102799991, 12.182766018000052 ], [ -71.923247850999928, 12.19407786700009 ], [ -71.914418097999942, 12.202785549000055 ], [ -71.905262824999909, 12.20766836100006 ], [ -71.892323370999918, 12.208319403000075 ], [ -71.878773566999939, 12.206773179000038 ], [ -71.868031378999945, 12.208238023000092 ], [ -71.863636847999942, 12.217840887000079 ], [ -71.867665167999917, 12.228094794000071 ], [ -71.874867316999939, 12.237127997000073 ], [ -71.878325975999928, 12.246039130000042 ], [ -71.871083136999914, 12.256048895000049 ], [ -71.881214972999942, 12.263861395000049 ], [ -71.886586066999939, 12.271307684000078 ], [ -71.892730272999927, 12.277777411000045 ], [ -71.905262824999909, 12.282700914000088 ], [ -71.918324347999942, 12.28392161700009 ], [ -71.930653449999909, 12.28188711100006 ], [ -71.940744594999899, 12.276922919000071 ], [ -71.946848110999952, 12.269029039000088 ], [ -71.953033006999931, 12.269029039000088 ], [ -71.960519985999952, 12.282700914000088 ], [ -71.914784308999913, 12.313625393000052 ], [ -71.877919074999909, 12.344794012000079 ], [ -71.875477667999917, 12.349554755000042 ], [ -71.871245897999927, 12.362616278000075 ], [ -71.86742102799991, 12.365301825000074 ], [ -71.849436001999948, 12.364325262000079 ], [ -71.84439042899993, 12.365301825000074 ], [ -71.829090949999909, 12.376206773000092 ], [ -71.820912238999938, 12.377875067000048 ], [ -71.809071417999917, 12.372137762000079 ], [ -71.82681230399993, 12.363348700000074 ], [ -71.84007727799991, 12.351711330000057 ], [ -71.843129035999937, 12.338080145000049 ], [ -71.830148891999897, 12.32367584800005 ], [ -71.822865363999938, 12.319810289000088 ], [ -71.817697719999899, 12.319281317000048 ], [ -71.802845831999946, 12.32367584800005 ], [ -71.801828579999949, 12.326402085000041 ], [ -71.803212042999917, 12.335882880000042 ], [ -71.799427863999938, 12.337958075000074 ], [ -71.78538977799991, 12.337144273000092 ], [ -71.781727667999917, 12.337958075000074 ], [ -71.763295050999943, 12.347601630000042 ], [ -71.751088019999941, 12.35618724200009 ], [ -71.744048631999931, 12.367621161000045 ], [ -71.740793423999946, 12.385728257000039 ], [ -71.74868730399993, 12.387844143000052 ], [ -71.751820441999939, 12.390814520000049 ], [ -71.748199022999927, 12.399400132000039 ], [ -71.741525844999899, 12.405747789000088 ], [ -71.732533331999946, 12.410223700000074 ], [ -71.722767706999946, 12.412787177000041 ], [ -71.713449673999946, 12.413723049000055 ], [ -71.719838019999941, 12.395982164000088 ], [ -71.713775193999936, 12.38703034100007 ], [ -71.704213019999941, 12.37921784100007 ], [ -71.699818488999938, 12.365301825000074 ], [ -71.69359290299991, 12.365301825000074 ], [ -71.687082485999952, 12.375921942000048 ], [ -71.685454881999931, 12.382717190000051 ], [ -71.689849412999934, 12.385728257000039 ], [ -71.696766730999911, 12.38812897300005 ], [ -71.69163977799991, 12.393377997000073 ], [ -71.667591925999943, 12.405747789000088 ], [ -71.653797980999911, 12.410060940000051 ], [ -71.640736456999946, 12.415961005000042 ], [ -71.630930141999897, 12.427394924000055 ], [ -71.643381313999953, 12.425970770000049 ], [ -71.653879360999952, 12.421210028000075 ], [ -71.66234290299991, 12.416083075000074 ], [ -71.668771938999953, 12.413723049000055 ], [ -71.679107225999928, 12.416978257000039 ], [ -71.677316860999952, 12.424790757000039 ], [ -71.668690558999913, 12.433742580000057 ], [ -71.658802863999938, 12.440375067000048 ], [ -71.670074022999927, 12.440415757000039 ], [ -71.680083787999934, 12.438381252000056 ], [ -71.688099738999938, 12.434068101000037 ], [ -71.69359290299991, 12.427394924000055 ], [ -71.691883917999917, 12.443426825000074 ], [ -71.690256313999953, 12.449164130000042 ], [ -71.686146613999938, 12.454657294000071 ], [ -71.699289516999897, 12.446275132000039 ], [ -71.725697394999941, 12.423488674000055 ], [ -71.734527147999927, 12.413723049000055 ], [ -71.740793423999946, 12.419907945000091 ], [ -71.730539516999897, 12.438055731000077 ], [ -71.715728318999936, 12.453517971000053 ], [ -71.697255011999914, 12.46430084800005 ], [ -71.675607876999948, 12.468329169000071 ], [ -71.656158006999931, 12.465318101000037 ], [ -71.626088019999941, 12.45148346600007 ], [ -71.60415605399993, 12.447211005000042 ], [ -71.531605597999942, 12.447211005000042 ], [ -71.511301235999952, 12.443264065000051 ], [ -71.490630662999934, 12.433823960000041 ], [ -71.459584113999938, 12.413723049000055 ], [ -71.44595292899993, 12.400580145000049 ], [ -71.439076300999943, 12.396185614000046 ], [ -71.42609615799995, 12.392564195000091 ], [ -71.390248175999943, 12.39329661700009 ], [ -71.38109290299991, 12.389146226000037 ], [ -71.361236131999931, 12.37445709800005 ], [ -71.340931769999941, 12.367173570000091 ], [ -71.29515540299991, 12.358465887000079 ], [ -71.261830206999946, 12.341864325000074 ], [ -71.242298956999946, 12.327704169000071 ], [ -71.231597459999932, 12.31085846600007 ], [ -71.227162238999938, 12.30540599200009 ], [ -71.222645636999914, 12.297308661000045 ], [ -71.21906490799995, 12.278265692000048 ], [ -71.15843665299991, 12.176703192000048 ], [ -71.151722785999937, 12.149603583000044 ], [ -71.113880988999938, 12.09438711100006 ], [ -71.107492641999897, 12.07493724200009 ], [ -71.113677537999934, 12.052394924000055 ], [ -71.126088019999941, 12.031195380000042 ], [ -71.138091600999928, 12.015814520000049 ], [ -71.164906378999945, 11.996161200000074 ], [ -71.233998175999943, 11.958889065000051 ], [ -71.25413977799991, 11.93695709800005 ], [ -71.268666144999941, 11.929185289000088 ], [ -71.285633917999917, 11.922919012000079 ], [ -71.298817511999914, 11.92023346600007 ], [ -71.303578253999945, 11.911688544000071 ], [ -71.323068813999953, 11.85814036700009 ], [ -71.327506533469858, 11.849997690578633 ], [ -71.357629353999897, 11.850802307000023 ], [ -71.375457723999915, 11.841087138000077 ], [ -71.409667521999921, 11.812303365000062 ], [ -71.449458373999931, 11.795456848000086 ], [ -71.593635620999919, 11.758508199000048 ], [ -71.710889444999879, 11.728535868000094 ], [ -71.971080281999946, 11.661924948000106 ], [ -71.990613973999871, 11.649057516000099 ], [ -72.007925578999874, 11.624614563000065 ], [ -72.256592569999924, 11.167794902000139 ], [ -72.267082885999884, 11.154901632000048 ], [ -72.284652872999857, 11.150457458000034 ], [ -72.321859904999968, 11.160095113000054 ], [ -72.341341918999944, 11.162110494000103 ], [ -72.361444050999921, 11.158002218000078 ], [ -72.416996215999916, 11.137615865000043 ], [ -72.459991007999889, 11.135807190000051 ], [ -72.481488402999844, 11.132525737000066 ], [ -72.49931677299989, 11.12079518700007 ], [ -72.503812622999902, 11.111777649000118 ], [ -72.50469112199994, 11.092709045000049 ], [ -72.507481648999914, 11.082993876000103 ], [ -72.515026408999859, 11.072477722000144 ], [ -72.533939981999907, 11.052375590000082 ], [ -72.542053182999894, 11.041084290000114 ], [ -72.576469685999939, 10.957368469000073 ], [ -72.594504760999939, 10.932977193000042 ], [ -72.613108276999895, 10.915252177000127 ], [ -72.656723184999947, 10.885202332000063 ], [ -72.682974812999902, 10.855617575000025 ], [ -72.706125854999868, 10.811253357000069 ], [ -72.754391641999888, 10.674853414000012 ], [ -72.781418416999941, 10.631316020000085 ], [ -72.843016723999966, 10.560596822000065 ], [ -72.861413533999951, 10.508093567000103 ], [ -72.875417846999966, 10.489645081000091 ], [ -72.892005981999972, 10.472927755000043 ], [ -72.90756058799991, 10.452463888000082 ], [ -72.914898640999894, 10.432904358000073 ], [ -72.916242227999959, 10.413835755000093 ], [ -72.915518758999951, 10.39427622500007 ], [ -72.935620890999928, 10.175193991000057 ], [ -72.987710733999876, 9.999416606000082 ], [ -72.987865763999935, 9.960426738000095 ], [ -72.996185668999885, 9.921281840000063 ], [ -72.996960814999909, 9.900714620000073 ], [ -72.990449584999936, 9.874979757000077 ], [ -72.981612914999914, 9.856557108000075 ], [ -72.977633829999945, 9.838056946000052 ], [ -72.985540323999885, 9.81216705300011 ], [ -73.01690791899992, 9.748605041000047 ], [ -73.071891642999873, 9.664088237000072 ], [ -73.097161417999928, 9.596366272000083 ], [ -73.107651733999973, 9.577995301000087 ], [ -73.123619750999922, 9.561252137000039 ], [ -73.163720662999907, 9.536344096000064 ], [ -73.178448445999919, 9.523037415000147 ], [ -73.197413696999945, 9.478673197000091 ], [ -73.277408812999909, 9.361806946000044 ], [ -73.311773640999945, 9.276230774000098 ], [ -73.324382690999954, 9.255921936000078 ], [ -73.342159383999899, 9.239178772000031 ], [ -73.379108032999937, 9.213883159000147 ], [ -73.390838582999919, 9.194504496000093 ], [ -73.391148640999916, 9.172774556000078 ], [ -73.377816121999871, 9.164687195000084 ], [ -73.253844360999892, 9.1677102660001 ], [ -73.212244832999886, 9.173446350000063 ], [ -73.176174682999886, 9.19093882300011 ], [ -73.14186153199995, 9.223029887000038 ], [ -73.124343221999908, 9.234476217000051 ], [ -73.098763387999952, 9.241581727000082 ], [ -73.076025756999883, 9.254268290000127 ], [ -73.032669230999915, 9.294601746000083 ], [ -73.009724894999863, 9.295376892000093 ], [ -73.003575398999885, 9.287909648000067 ], [ -72.991121378999907, 9.251684468000121 ], [ -72.991431436999903, 9.247937927000109 ], [ -72.995462199999906, 9.239101258000105 ], [ -72.995617227999929, 9.235354716000089 ], [ -72.992206583999916, 9.230342102000122 ], [ -72.982853149999869, 9.220962830000076 ], [ -72.980062622999895, 9.216518656000076 ], [ -72.97603186099991, 9.192127380000045 ], [ -72.978667358999928, 9.15014028000013 ], [ -72.973189656999949, 9.128436178000044 ], [ -72.955309611999979, 9.103993225000096 ], [ -72.936396036999952, 9.099187317000087 ], [ -72.916190551999961, 9.106964621000103 ], [ -72.881980753999954, 9.129366353000094 ], [ -72.874022582999885, 9.133422954000096 ], [ -72.861723592999851, 9.137040304000081 ], [ -72.850251423999936, 9.136730245000095 ], [ -72.841518107999946, 9.133784688000091 ], [ -72.834128377999946, 9.13362965900005 ], [ -72.826686971999919, 9.141691182000045 ], [ -72.807670043999877, 9.12373362200006 ], [ -72.791030232999844, 9.113940939000102 ], [ -72.785604207999967, 9.102442933000077 ], [ -72.800021932999897, 9.079446920000123 ], [ -72.783072062999878, 9.059939067000116 ], [ -72.720491902999896, 8.822744243000074 ], [ -72.675430053999946, 8.651514384000052 ], [ -72.655431274999899, 8.617898865000114 ], [ -72.578071655999878, 8.534854839000062 ], [ -72.558537963999868, 8.513719178000116 ], [ -72.45627030499989, 8.403932597000079 ], [ -72.444539753999891, 8.394114075000118 ], [ -72.434411173999933, 8.390186666000147 ], [ -72.424954386999872, 8.387706197000071 ], [ -72.415084187999895, 8.382409363000136 ], [ -72.403250285999974, 8.3704979460001 ], [ -72.393535115999953, 8.355382589000087 ], [ -72.386765502999907, 8.33861358700004 ], [ -72.383974975999934, 8.321792908000063 ], [ -72.385835327999956, 8.305514831000053 ], [ -72.394775350999879, 8.272803650000057 ], [ -72.395963907999914, 8.256603088000062 ], [ -72.390537882999922, 8.234330546000095 ], [ -72.357258259999895, 8.172137960000015 ], [ -72.335760864999941, 8.103899231000071 ], [ -72.33384883599993, 8.065477804000125 ], [ -72.350075235999924, 8.042585144000014 ], [ -72.367231811999886, 8.042688497000128 ], [ -72.388315796999933, 8.046176657000075 ], [ -72.40707434199993, 8.043773702000124 ], [ -72.417099568999845, 8.025764465000037 ], [ -72.421853800999941, 8.006230774000116 ], [ -72.430122029999978, 7.990521139000066 ], [ -72.441904256999891, 7.977136942000115 ], [ -72.456735391999928, 7.964941304000106 ], [ -72.467432413999916, 7.959670309000074 ], [ -72.478801228999913, 7.955536194000061 ], [ -72.487792928999852, 7.949179993000115 ], [ -72.491203572999979, 7.937501119000061 ], [ -72.48665604699994, 7.928716126000069 ], [ -72.465675414999851, 7.904583232000107 ], [ -72.45864741999992, 7.893524475000106 ], [ -72.454461629999912, 7.87616119400009 ], [ -72.451774454999878, 7.832804667000104 ], [ -72.454151570999926, 7.815234681000035 ], [ -72.474150349999945, 7.754153137000046 ], [ -72.483348754999952, 7.649353333000064 ], [ -72.480403198999852, 7.628941142000116 ], [ -72.466812296999962, 7.589873759000099 ], [ -72.463401651999931, 7.570753479000103 ], [ -72.467380737999918, 7.548739319000035 ], [ -72.475907348999925, 7.528637187000058 ], [ -72.482005167999972, 7.508018290000066 ], [ -72.478697875999899, 7.484453837000061 ], [ -72.451309366999936, 7.440218811000136 ], [ -72.414619099999868, 7.413812155000059 ], [ -72.370797485999873, 7.399084371000058 ], [ -72.321808227999952, 7.390040995000106 ], [ -72.23969437699995, 7.391281230000047 ], [ -72.20620804899994, 7.381876119000083 ], [ -72.171688191999863, 7.337331034000087 ], [ -72.166313843999916, 7.334075419000101 ], [ -72.164040079999978, 7.328856099000078 ], [ -72.173496866999955, 7.28818674700004 ], [ -72.174220337999941, 7.279608460000091 ], [ -72.171481486999909, 7.249894511000122 ], [ -72.164143432999907, 7.22080068000011 ], [ -72.153343057999876, 7.192585348000051 ], [ -72.098255981999927, 7.086752014000098 ], [ -72.080996052999922, 7.066598206000023 ], [ -72.069575561999926, 7.059208476000023 ], [ -72.042083699999949, 7.046909485000072 ], [ -72.028699503999917, 7.038847962000077 ], [ -72.005290079999952, 7.019107564000109 ], [ -71.99381791199994, 7.012854716000021 ], [ -71.881008259999902, 6.986603089000084 ], [ -71.848193725999863, 6.983864238000137 ], [ -71.832639119999953, 6.986448059000054 ], [ -71.82189042199991, 6.992959290000016 ], [ -71.812123575999863, 7.001175842000052 ], [ -71.799617878999868, 7.009185689000034 ], [ -71.788559122999885, 7.009702454000063 ], [ -71.777758748999929, 7.007532044000072 ], [ -71.771505899999937, 7.011149394000057 ], [ -71.77403804599993, 7.028926086000084 ], [ -71.74535762499994, 7.029339498000098 ], [ -71.721689819999909, 7.03342193600011 ], [ -71.698022013999974, 7.034972229000033 ], [ -71.669599975999944, 7.027737529000063 ], [ -71.673527384999915, 7.044222310000052 ], [ -71.667016153999953, 7.051508688000112 ], [ -71.65430375199989, 7.053369039000117 ], [ -71.62040401299987, 7.052128805000095 ], [ -71.612187459999944, 7.046341044000116 ], [ -71.606503051999908, 7.038279521000035 ], [ -71.5947208259999, 7.030114645000111 ], [ -71.587796182999909, 7.029287821000082 ], [ -71.580613159999871, 7.031561584000102 ], [ -71.567073934999883, 7.039313050000104 ], [ -71.558443969999928, 7.041225078000124 ], [ -71.553586385999921, 7.037297668000065 ], [ -71.548625447999967, 7.028305969000115 ], [ -71.528833374999891, 7.027065735000079 ], [ -71.528058227999878, 7.029856262000038 ], [ -71.509919799999864, 7.034610494000034 ], [ -71.487647257999896, 7.028926086000084 ], [ -71.467700154999903, 7.012441304000106 ], [ -71.45576289899995, 7.015696920000096 ], [ -71.429459594999912, 7.027737529000063 ], [ -71.413904988999974, 7.030993144000135 ], [ -71.39819535399991, 7.02949452700004 ], [ -71.366000935999949, 7.020709534000062 ], [ -71.349361125999934, 7.019469299000107 ], [ -71.307761597999928, 7.027375793000061 ], [ -71.292517048999883, 7.025773824000041 ], [ -71.283525349999934, 7.018849183000057 ], [ -71.281458292999901, 7.007221985000086 ], [ -71.280683146999877, 6.994612936000067 ], [ -71.275515503999969, 6.984381002000077 ], [ -71.262027953999905, 6.97869659500013 ], [ -71.213245402999945, 6.977508036000117 ], [ -71.201514851999946, 6.971875305000083 ], [ -71.193815063999864, 6.965312398 ], [ -71.18404821799993, 6.962573547000062 ], [ -71.166323201999916, 6.968102926000057 ], [ -71.153610798999949, 6.977094625000106 ], [ -71.145394246999928, 6.986189678000073 ], [ -71.13604081299988, 6.99213246700009 ], [ -71.065476643999915, 6.984536031000033 ], [ -71.011268065999872, 6.99089223200005 ], [ -70.961322794999916, 7.009444072000093 ], [ -70.91881892899994, 7.039468079000059 ], [ -70.908096069999942, 7.053369039000117 ], [ -70.903445190999975, 7.063187561000092 ], [ -70.895538696999921, 7.06851023300004 ], [ -70.874816446999887, 7.069182027000124 ], [ -70.836627563999912, 7.081894430000077 ], [ -70.793064331999886, 7.085098369000136 ], [ -70.732964639999949, 7.099309388000108 ], [ -70.703302368999886, 7.099929504000073 ], [ -70.696739461999925, 7.096673889000087 ], [ -70.682605957999954, 7.084633281000023 ], [ -70.673175007999902, 7.081170959000076 ], [ -70.63927526899991, 7.073471171000094 ], [ -70.622893839999847, 7.074091288000062 ], [ -70.594678507999873, 7.082979635000072 ], [ -70.57860713799991, 7.085821838000044 ], [ -70.57147578999988, 7.079362284000084 ], [ -70.520910400999924, 7.015593567000067 ], [ -70.510704305999866, 7.009702454000063 ], [ -70.494813801999953, 7.005516663000037 ], [ -70.484142619999943, 7.005309957000065 ], [ -70.461301636999849, 7.008307190000082 ], [ -70.451663981999928, 7.007687073000113 ], [ -70.447013102999875, 7.004741516000109 ], [ -70.440966959999912, 6.995749817000075 ], [ -70.43778885999987, 6.993010966000028 ], [ -70.422931884999912, 6.987791646000105 ], [ -70.31906225599991, 6.938285624000059 ], [ -70.287617146999935, 6.936942037000094 ], [ -70.231263997999946, 6.968516337000068 ], [ -70.195012979999888, 6.977559713000034 ], [ -70.15778011099988, 6.97952341800007 ], [ -70.129203043999922, 6.972547099000067 ], [ -70.096621053999854, 6.944435120000037 ], [ -70.079412801999894, 6.922834371000064 ], [ -69.77596879099994, 6.540816345000067 ], [ -69.700211140999869, 6.445292460000104 ], [ -69.548489136999933, 6.254296366000105 ], [ -69.443637654999947, 6.122237244000132 ], [ -69.431080281999925, 6.122237244000132 ], [ -69.406146403999855, 6.12934275300006 ], [ -69.358164835999901, 6.151615295000113 ], [ -69.331396443999949, 6.15636952700001 ], [ -69.311345987999886, 6.146215108000135 ], [ -69.268583740999873, 6.097458395000103 ], [ -69.246104492999876, 6.08066355400004 ], [ -69.189157063999886, 6.112625427000111 ], [ -69.129961710999908, 6.169934591000086 ], [ -69.108412638999937, 6.182569479000037 ], [ -69.080197306999878, 6.209389547000114 ], [ -69.061128702999895, 6.217838644000011 ], [ -69.036892455999919, 6.218768819000061 ], [ -69.016170206999902, 6.21398875000007 ], [ -68.978575601999893, 6.197323100000034 ], [ -68.960902262999866, 6.202361553000102 ], [ -68.93834549999994, 6.197116394000076 ], [ -68.914470987999948, 6.188693135000094 ], [ -68.892921915999892, 6.184326477000099 ], [ -68.829127359999887, 6.187788798000042 ], [ -68.807862507999886, 6.184326477000099 ], [ -68.744093790999869, 6.164921977000034 ], [ -68.721614542999959, 6.162519023000073 ], [ -68.700892293999914, 6.157971497000048 ], [ -68.659344441999934, 6.138670349000094 ], [ -68.635314900999902, 6.135879822000049 ], [ -68.621982381999885, 6.14192596400008 ], [ -68.595679076999943, 6.164921977000034 ], [ -68.584723673999861, 6.170012106000115 ], [ -68.522505249999966, 6.173293559000101 ], [ -68.4490213629999, 6.194997661000102 ], [ -68.427420613999914, 6.197323100000034 ], [ -68.406698364999897, 6.194894308000073 ], [ -68.34112097199997, 6.17683339400007 ], [ -68.304172322999932, 6.176988424000101 ], [ -68.190277466999902, 6.217838644000011 ], [ -68.146507527999887, 6.223781433000028 ], [ -68.019021769999966, 6.211611634000107 ], [ -67.977990682999916, 6.217838644000011 ], [ -67.943315795999894, 6.229698385000034 ], [ -67.933652303999878, 6.23145538300011 ], [ -67.924143839999971, 6.234555970000144 ], [ -67.916289021999944, 6.242229920000042 ], [ -67.911069702999924, 6.252306824000073 ], [ -67.909157674999904, 6.262512919000045 ], [ -67.904300089999879, 6.275147807000081 ], [ -67.892827921999867, 6.278300070000043 ], [ -67.879288696999907, 6.277938334000041 ], [ -67.868126587999967, 6.279876201000064 ], [ -67.857636270999905, 6.288454488000099 ], [ -67.839136108999895, 6.307523092000082 ], [ -67.827198852999942, 6.313414205000072 ], [ -67.818517211999875, 6.313750102000071 ], [ -67.800792195999861, 6.308608297000077 ], [ -67.73097733599991, 6.302691345000071 ], [ -67.573984334999949, 6.266233622000058 ], [ -67.54489050299992, 6.248069356000116 ], [ -67.518277139999896, 6.222541199000091 ], [ -67.490475219999951, 6.201638082000017 ], [ -67.449960896999926, 6.197943218000106 ], [ -67.47616084799995, 6.178435364000094 ], [ -67.486961221999906, 6.166782328000039 ], [ -67.491405395999891, 6.152958883000082 ], [ -67.491198689999948, 6.114485779000034 ], [ -67.454301716999908, 6.056789042000048 ], [ -67.428566853999939, 6.038469747000079 ], [ -67.420970418999872, 6.018341776000099 ], [ -67.418593302999909, 5.995345764000149 ], [ -67.422469034999978, 5.978240865000103 ], [ -67.434768025999915, 5.968163961000073 ], [ -67.470889852999932, 5.952841899000106 ], [ -67.485204223999915, 5.944082743000124 ], [ -67.532384806999943, 5.892561340000029 ], [ -67.541583210999931, 5.876722514000036 ], [ -67.601217814999927, 5.820576070000072 ], [ -67.625144002999946, 5.784505921000076 ], [ -67.641163695999893, 5.744844259000089 ], [ -67.649121866999849, 5.70195282000013 ], [ -67.649070190999936, 5.656089986000083 ], [ -67.637753051999965, 5.597308045000105 ], [ -67.6359960529999, 5.577593485000051 ], [ -67.632585408999944, 5.573071798000029 ], [ -67.617650919999903, 5.558524882000071 ], [ -67.614291951999888, 5.55366729800005 ], [ -67.617030802999921, 5.541600851000069 ], [ -67.622973591999937, 5.533410136000043 ], [ -67.630001586999953, 5.526898906000071 ], [ -67.6359960529999, 5.51953501400007 ], [ -67.647003133999874, 5.483361511000055 ], [ -67.652480834999949, 5.477961324000077 ], [ -67.664469767999918, 5.474912415000048 ], [ -67.67527014199996, 5.467186788000049 ], [ -67.693718627999971, 5.447213847000029 ], [ -67.702141886999954, 5.441400248000136 ], [ -67.73164912999988, 5.430134786000082 ], [ -67.737023477999941, 5.425819804000113 ], [ -67.746686971999878, 5.414321798000088 ], [ -67.752112996999927, 5.409670919000121 ], [ -67.756712198999878, 5.408792420000083 ], [ -67.76792598499992, 5.410497742000047 ], [ -67.772576863999888, 5.409670919000121 ], [ -67.809783895999914, 5.378820089000044 ], [ -67.834588582999942, 5.339313456000099 ], [ -67.843683634999906, 5.29724884000008 ], [ -67.8340201419999, 5.25887909000005 ], [ -67.824976765999935, 5.242781881000084 ], [ -67.818620564999918, 5.227821554000116 ], [ -67.81474483299985, 5.210277405000056 ], [ -67.813504598999913, 5.186557923000095 ], [ -67.815571654999871, 5.177902120000056 ], [ -67.824563354999924, 5.15433766700005 ], [ -67.827198852999942, 5.142116191000127 ], [ -67.827560587999926, 5.130695699000029 ], [ -67.82663041299989, 5.120386251000113 ], [ -67.824511677999908, 5.110593567000066 ], [ -67.820997680999938, 5.100594177000048 ], [ -67.81474483299985, 5.090956523000031 ], [ -67.796761433999876, 5.070156759000071 ], [ -67.793092406999875, 5.063335470000112 ], [ -67.795211141999943, 5.052715963000125 ], [ -67.799862019999921, 5.045868835000078 ], [ -67.804564575999905, 5.040856221000112 ], [ -67.806734985999896, 5.035714417000108 ], [ -67.804977986999916, 4.991246846000124 ], [ -67.806683308999965, 4.97225575700007 ], [ -67.819602417999874, 4.933317566000099 ], [ -67.826372029999902, 4.894844462000052 ], [ -67.827198852999942, 4.871538391000101 ], [ -67.825235148999894, 4.864897970000101 ], [ -67.816140095999941, 4.847302145000114 ], [ -67.813504598999913, 4.840506694000084 ], [ -67.813866333999925, 4.828259379000144 ], [ -67.817121948999898, 4.821515605000116 ], [ -67.818620564999918, 4.815676168000039 ], [ -67.813504598999913, 4.80634857200009 ], [ -67.820532593999928, 4.787641704000109 ], [ -67.82285803299996, 4.743587545000139 ], [ -67.83060949699987, 4.72754201300009 ], [ -67.840634725999905, 4.711496480000037 ], [ -67.845647338999953, 4.689740703000027 ], [ -67.848799600999911, 4.634188538000032 ], [ -67.855155802999946, 4.607730204000035 ], [ -67.853708862999952, 4.575820007000061 ], [ -67.855155802999946, 4.566156515000046 ], [ -67.860633504999925, 4.557965800000105 ], [ -67.867609822999924, 4.553159892000096 ], [ -67.873397583999889, 4.546519471000096 ], [ -67.875051228999951, 4.532644348000119 ], [ -67.87179561399995, 4.521559753000119 ], [ -67.865077676999931, 4.512077128000044 ], [ -67.856551066999913, 4.50417063400009 ], [ -67.847662720999892, 4.497891948000088 ], [ -67.847662720999892, 4.504687399000133 ], [ -67.829059203999947, 4.491432394000128 ], [ -67.821876180999908, 4.47822906500005 ], [ -67.813504598999913, 4.443269959000048 ], [ -67.809422159999912, 4.439290873000061 ], [ -67.797071492999947, 4.43492421500008 ], [ -67.793092406999875, 4.42898142500006 ], [ -67.79267899599995, 4.42084238700005 ], [ -67.7983634039999, 4.406915589000064 ], [ -67.799862019999921, 4.398905741000092 ], [ -67.796658081999936, 4.385805766000132 ], [ -67.782653768999921, 4.363791606000049 ], [ -67.77939815299996, 4.350794983000114 ], [ -67.781981974999951, 4.338883565000089 ], [ -67.799862019999921, 4.306069031000064 ], [ -67.804926310999889, 4.268474426000054 ], [ -67.79944860899991, 4.235323995000044 ], [ -67.790766967999843, 4.20426645900011 ], [ -67.786219441999918, 4.172976380000108 ], [ -67.777744506999909, 4.153933614000039 ], [ -67.758934284999981, 4.138559875000055 ], [ -67.740175740999888, 4.118716126000066 ], [ -67.73164912999988, 4.086366679000079 ], [ -67.720642048999878, 4.074972026000083 ], [ -67.714079141999918, 4.056497701000055 ], [ -67.717024698999893, 4.039341125000092 ], [ -67.710410115999906, 4.035723775000108 ], [ -67.701625121999911, 4.011952616000059 ], [ -67.698576212999882, 3.949966736000107 ], [ -67.693873657999916, 3.928598531000105 ], [ -67.653876098999945, 3.859248759000067 ], [ -67.644419311999883, 3.834624939000079 ], [ -67.638786580999948, 3.785170594000135 ], [ -67.631758585999933, 3.761864523000014 ], [ -67.614136921999943, 3.740573832000024 ], [ -67.594809936999894, 3.730910340000094 ], [ -67.576516479999924, 3.730703633000132 ], [ -67.557912964999872, 3.73416595500008 ], [ -67.537449096999921, 3.735509542000045 ], [ -67.499828654999902, 3.717913717000059 ], [ -67.471406616999872, 3.680060730000079 ], [ -67.403917195999924, 3.504464213000063 ], [ -67.39011958899988, 3.485059713000098 ], [ -67.375391804999879, 3.474905294000038 ], [ -67.337823038999971, 3.46009999600011 ], [ -67.304646768999959, 3.425709331000064 ], [ -67.309452677999872, 3.383928935000114 ], [ -67.335290893999883, 3.342096863000052 ], [ -67.395803995999927, 3.266571757000037 ], [ -67.408051309999848, 3.257270000000105 ], [ -67.418386596999966, 3.253704325000044 ], [ -67.440245727999894, 3.249415182000064 ], [ -67.452182983999933, 3.243679098000101 ], [ -67.513832967999889, 3.186731670000128 ], [ -67.55662105299993, 3.147044170000058 ], [ -67.599512492999878, 3.107460022000097 ], [ -67.813607950999938, 2.909332581000072 ], [ -67.838619344999927, 2.886129863000065 ], [ -67.85525915499997, 2.858172913000061 ], [ -67.855930948999941, 2.789753316000073 ], [ -67.84125484199987, 2.801432190000057 ], [ -67.833348347999902, 2.81522979800009 ], [ -67.823323120999902, 2.827322083000084 ], [ -67.80332434099995, 2.832593078000116 ], [ -67.78141353399991, 2.83150787400011 ], [ -67.770199747999953, 2.832438050000079 ], [ -67.751027790999842, 2.842101542000094 ], [ -67.742552856999936, 2.838587545000053 ], [ -67.73164912999988, 2.826340231000117 ], [ -67.690411336999972, 2.80634145100008 ], [ -67.665606648999926, 2.801328837000113 ], [ -67.645659546999923, 2.808666891000115 ], [ -67.62659094299994, 2.813421122000108 ], [ -67.608452514999897, 2.798589986000081 ], [ -67.594293172999954, 2.776110738000071 ], [ -67.587058471999882, 2.758127340000087 ], [ -67.581477416999888, 2.713065491000037 ], [ -67.57558630399987, 2.691103007000066 ], [ -67.563700724999933, 2.681749573000033 ], [ -67.518793904999939, 2.681026103000121 ], [ -67.500293741999911, 2.675341695000085 ], [ -67.485204223999915, 2.661905823000041 ], [ -67.481018432999889, 2.65353424100006 ], [ -67.475023966999856, 2.634672343000133 ], [ -67.470889852999932, 2.627127584000092 ], [ -67.461743122999849, 2.620409647000059 ], [ -67.440349080999937, 2.610022685000047 ], [ -67.436163289999882, 2.603563130000083 ], [ -67.43264929299994, 2.595398255000063 ], [ -67.416991332999885, 2.575761210000039 ], [ -67.412908894999873, 2.571885478000084 ], [ -67.400351522999955, 2.568216451000083 ], [ -67.393220174999925, 2.559328105000063 ], [ -67.38810420799993, 2.548165996000122 ], [ -67.381541300999857, 2.537779032000103 ], [ -67.372032836999949, 2.530440979000019 ], [ -67.349863647999939, 2.518452047000068 ], [ -67.340613565999917, 2.510493876000098 ], [ -67.335807658999926, 2.500313619000039 ], [ -67.331260131999898, 2.486671041000122 ], [ -67.325420694999906, 2.474630432000055 ], [ -67.316635701999928, 2.469462789000147 ], [ -67.305680297999942, 2.466207174000061 ], [ -67.294724894999945, 2.45835235600012 ], [ -67.275707966999903, 2.439387106000083 ], [ -67.266561238999913, 2.433754375000134 ], [ -67.23136958799995, 2.42233388300005 ], [ -67.197624877999971, 2.402025045000116 ], [ -67.189718383999917, 2.394376933000046 ], [ -67.186101033999932, 2.384455058000057 ], [ -67.185739298999948, 2.365489808000092 ], [ -67.180158243999927, 2.356498108000054 ], [ -67.173750365999894, 2.336447652000103 ], [ -67.187031209999901, 2.315983785000057 ], [ -67.206306518999924, 2.297793681000101 ], [ -67.217675333999921, 2.284512838000097 ], [ -67.217261921999921, 2.266064351000082 ], [ -67.201345580999885, 2.22792714400012 ], [ -67.194265910999974, 2.197024638000116 ], [ -67.177832804999895, 2.15449493400007 ], [ -67.169254516999871, 2.141162415000053 ], [ -67.154113321999944, 2.132687480000044 ], [ -67.136026570999945, 2.127132263000135 ], [ -67.120988728999862, 2.119096578000054 ], [ -67.11463252799993, 2.102999370000077 ], [ -67.111170206999901, 2.048842469000064 ], [ -67.11463252799993, 2.03129832000009 ], [ -67.119025024999928, 2.023986105000105 ], [ -67.135148071999907, 2.003341370000101 ], [ -67.132615925999914, 1.990809835000093 ], [ -67.12553625599989, 1.980500386000088 ], [ -67.118094848999874, 1.972387187000095 ], [ -67.110343383999862, 1.959519755000088 ], [ -67.09158483899995, 1.946523133000071 ], [ -67.087295694999909, 1.93882334400007 ], [ -67.084815226999922, 1.927997132000129 ], [ -67.066831827999948, 1.894123230000034 ], [ -66.980893920999904, 1.66594594300004 ], [ -66.978051716999914, 1.644293518000055 ], [ -66.978051716999914, 1.599722596000035 ], [ -66.97417598499996, 1.580033875000083 ], [ -66.964460815999928, 1.558303935000083 ], [ -66.943170125999927, 1.523189799000136 ], [ -66.933609985999851, 1.501692403000092 ], [ -66.92968257699988, 1.479497375000065 ], [ -66.936503865999924, 1.438517965000131 ], [ -66.932731485999909, 1.424642843000072 ], [ -66.923378051999862, 1.414359232000066 ], [ -66.911905884999953, 1.405186666000077 ], [ -66.901725626999877, 1.394463806000061 ], [ -66.891183634999919, 1.374542542000057 ], [ -66.883535521999931, 1.349944560000068 ], [ -66.882501994999956, 1.326018372000064 ], [ -66.900898803999951, 1.288966370000097 ], [ -66.895886189999885, 1.265298564000076 ], [ -66.87506058799994, 1.222510478000046 ], [ -66.913404500999945, 1.214862366000062 ], [ -67.065229858999913, 1.172694397000015 ], [ -67.086107136999971, 1.176001689000103 ], [ -67.094478718999937, 1.20121978800006 ], [ -67.098199421999965, 1.253361308000123 ], [ -67.07360144099988, 1.541199035000133 ], [ -67.082954874999928, 1.604631856000069 ], [ -67.117164673999923, 1.709793396000052 ], [ -67.155715291999883, 1.788083191000112 ], [ -67.264752563999906, 1.932544657000065 ], [ -67.288627075999898, 1.974893494000071 ], [ -67.320408081999943, 2.053079936000117 ], [ -67.340613565999917, 2.090106100000071 ], [ -67.365779988999861, 2.114962464000129 ], [ -67.381748005999896, 2.122739767000041 ], [ -67.424639445999873, 2.138113505000121 ], [ -67.439728962999965, 2.139560445000114 ], [ -67.449134073999915, 2.134134420000038 ], [ -67.466083943999934, 2.116357727000107 ], [ -67.475334024999938, 2.111861877000081 ], [ -67.510267293999931, 2.107417705000074 ], [ -67.527320515999861, 2.096591492000044 ], [ -67.554398966999912, 2.073130392000067 ], [ -67.592949585999889, 2.05481109600008 ], [ -67.669740762999965, 1.973343201000148 ], [ -67.790456909999961, 1.812577820000072 ], [ -67.820842651999925, 1.784000753000015 ], [ -67.86053015199991, 1.76152150500009 ], [ -67.893189656999965, 1.749713440000093 ], [ -67.928846394999965, 1.741290181000096 ], [ -67.964864868999939, 1.740153300000088 ], [ -67.998247842999916, 1.749971823000067 ], [ -68.031785848999931, 1.777515361000042 ], [ -68.058657592999936, 1.816401876000015 ], [ -68.079224812999911, 1.859965109000143 ], [ -68.101238972999909, 1.924121399000072 ], [ -68.111109171999971, 1.942414856000141 ], [ -68.126147013999883, 1.956212463000099 ], [ -68.149143026999923, 1.965540060000123 ], [ -68.169761921999907, 1.969725851000064 ], [ -68.177099975999909, 1.973188172000107 ], [ -68.185161499999907, 1.980758769000062 ], [ -68.187280232999882, 1.988200175000088 ], [ -68.187435262999912, 2.008250631000038 ], [ -68.192189493999905, 2.014891052000038 ], [ -68.20081945799987, 2.007837219000123 ], [ -68.26081579699985, 1.858208110000064 ], [ -68.280246134999942, 1.829398499000135 ], [ -68.273683227999953, 1.825264385000111 ], [ -68.248310098999951, 1.82211212100006 ], [ -68.238956664999904, 1.810252380000037 ], [ -68.241127075999913, 1.788341573000082 ], [ -68.238956664999904, 1.770280660000083 ], [ -68.201542927999952, 1.768678691000048 ], [ -68.193533081999874, 1.763743592000097 ], [ -68.190742554999929, 1.755010274000128 ], [ -68.191724405999878, 1.742427063000108 ], [ -68.188778849999977, 1.73583831800002 ], [ -68.180407267999897, 1.729688823000046 ], [ -68.163302367999876, 1.721291402000062 ], [ -68.286447306999918, 1.721136373000121 ], [ -68.591028198999879, 1.720877991000052 ], [ -68.999995483999896, 1.720464580000041 ], [ -69.304524699999945, 1.720206197000067 ], [ -69.352402913999953, 1.720206197000067 ], [ -69.393382324999976, 1.725270488000135 ], [ -69.469191650999875, 1.757387390000076 ], [ -69.541952066999869, 1.772709452000043 ], [ -69.580295979999875, 1.770228983000067 ], [ -69.649051472999957, 1.738938904000065 ], [ -69.690082560999912, 1.735476583000121 ], [ -69.71145076499991, 1.738525493000054 ], [ -69.729149942999925, 1.738990581000081 ], [ -69.746358194999885, 1.735166525000039 ], [ -69.789197957999932, 1.712790629000054 ], [ -69.8075430909999, 1.707364603000087 ], [ -69.856170613999922, 1.707674663000063 ], [ -69.84880672299991, 1.668891500000129 ], [ -69.849245971999949, 1.600187684000062 ], [ -69.851106323999943, 1.256616923000109 ], [ -69.85193314599988, 1.119260966000084 ], [ -69.852191528999953, 1.05941965700012 ], [ -69.829350545999944, 1.057249248000048 ], [ -69.787673502999922, 1.084224345000067 ], [ -69.76255875699988, 1.091097310000038 ], [ -69.749665486999902, 1.090528870000085 ], [ -69.736823892999894, 1.088358459000091 ], [ -69.728064737999915, 1.08298411100013 ], [ -69.726514445999896, 1.061021627000073 ], [ -69.716024128999948, 1.058592835000098 ], [ -69.619905965999919, 1.072752177000055 ], [ -69.596754923999924, 1.071925354000129 ], [ -69.553295043999924, 1.056835836000033 ], [ -69.54295975699992, 1.055595601000093 ], [ -69.510093546999883, 1.056112366000121 ], [ -69.478260864999953, 1.060659892000075 ], [ -69.468726562999848, 1.05941965700012 ], [ -69.459760700999908, 1.055182190000082 ], [ -69.452370971999898, 1.046242167000059 ], [ -69.44728084399992, 1.041694641000021 ], [ -69.428418945999908, 1.030480855000064 ], [ -69.418161172999902, 1.02862050400006 ], [ -69.370851399999964, 1.062985332000011 ], [ -69.354960897999945, 1.067067770000108 ], [ -69.338786173999949, 1.064122213000104 ], [ -69.288815063999976, 1.038439026000034 ], [ -69.274268147999919, 1.028207093000049 ], [ -69.257189086999887, 1.006916402000073 ], [ -69.246782756112154, 1.0 ], [ -78.224190543116293, 1.0 ], [ -78.250154378999923, 1.019628804000121 ], [ -78.270618245999884, 1.030480855000064 ], [ -78.330071980999946, 1.046500550000118 ], [ -78.349218099999945, 1.05580230700005 ], [ -78.37280839099995, 1.073785705000134 ], [ -78.466911173999932, 1.178378805000051 ], [ -78.485204630999903, 1.192641500000121 ], [ -78.540601766999941, 1.205353902000084 ], [ -78.555613769999923, 1.204113668000048 ], [ -78.570057332999852, 1.19584543900001 ], [ -78.575690063999872, 1.211968486000075 ], [ -78.596619018999945, 1.234085998000083 ], [ -78.600443074999902, 1.244421285000101 ], [ -78.602148396999951, 1.263644918000111 ], [ -78.611527668999912, 1.266435445000084 ], [ -78.625557820999916, 1.261991272000074 ], [ -78.641267455999895, 1.259407450000069 ], [ -78.664676879999945, 1.266642151000042 ], [ -78.684288086999885, 1.281886698000079 ], [ -78.699351765999978, 1.302040507000058 ], [ -78.709196125999938, 1.32415802000007 ], [ -78.719479735999954, 1.341056214000062 ], [ -78.748986978999966, 1.36485321000012 ], [ -78.769967610999856, 1.394102072000067 ], [ -78.828684048999946, 1.43431224200009 ], [ -78.812855597999942, 1.441799221000053 ], [ -78.819569464999915, 1.45970286700009 ], [ -78.831939256999931, 1.470363674000055 ], [ -78.845204230999911, 1.47882721600007 ], [ -78.854481574999909, 1.490179755000042 ], [ -78.855620897999927, 1.505438544000071 ], [ -78.853505011999914, 1.524400132000039 ], [ -78.853342251999948, 1.543361721000053 ], [ -78.860707160999937, 1.558498440000051 ], [ -78.867095506999931, 1.560288804000038 ], [ -78.899599346999935, 1.545328417000064 ], [ -78.907931750999921, 1.555049163000092 ], [ -78.918115278999949, 1.564306070000043 ], [ -78.931078676999903, 1.566157600000054 ], [ -78.940800743999944, 1.574951140000053 ], [ -78.962570989999904, 1.58698692300004 ], [ -78.971512914999948, 1.591281121000065 ], [ -78.997980076999909, 1.607936954000081 ], [ -79.012686311999914, 1.623613374000058 ], [ -79.021511546999932, 1.638310358000069 ], [ -79.016611533999935, 1.654964673000052 ], [ -79.0087697539999, 1.664760146000049 ], [ -78.993084659999909, 1.670634053000072 ], [ -78.973479631999908, 1.675526632000071 ], [ -78.955839935999904, 1.692179301000067 ], [ -78.940163269999914, 1.72255830000006 ], [ -78.926442726999937, 1.741178241000057 ], [ -78.900958475999914, 1.76666302700005 ], [ -78.880371744999934, 1.790193196000075 ], [ -78.866645050999921, 1.804905033000068 ], [ -78.84605195599994, 1.82158548600006 ], [ -78.799387173999946, 1.832017320000091 ], [ -78.776844855999911, 1.82843659100007 ], [ -78.759447805999912, 1.830547266000053 ], [ -78.73760027599991, 1.82580073400004 ], [ -78.718604441999901, 1.817256321000059 ], [ -78.697255011999914, 1.812079169000071 ], [ -78.663726365999935, 1.809759833000044 ], [ -78.641590949999909, 1.804877020000049 ], [ -78.612635846999922, 1.801310645000058 ], [ -78.607538320999936, 1.798764066000047 ], [ -78.600527358999898, 1.790488726000092 ], [ -78.590973419999898, 1.783484927000075 ], [ -78.580788148999943, 1.780299772000092 ], [ -78.571230417999914, 1.782207066000069 ], [ -78.571848618999923, 1.796212322000088 ], [ -78.570563935999928, 1.803852028000051 ], [ -78.566726717999927, 1.819768385000089 ], [ -78.553327551999928, 1.83441235500004 ], [ -78.546295612999927, 1.859884284000088 ], [ -78.554066535999937, 1.876206773000092 ], [ -78.552845831999946, 1.891180731000077 ], [ -78.547840949999909, 1.899318752000056 ], [ -78.54515540299991, 1.905910549000055 ], [ -78.545399542999917, 1.914740302000041 ], [ -78.548350346999939, 1.920613375000073 ], [ -78.552299571999924, 1.91664581200007 ], [ -78.558482814999934, 1.904170269000076 ], [ -78.571496680999928, 1.896806241000093 ], [ -78.59136712399993, 1.896842641000092 ], [ -78.597630306999918, 1.90988494000004 ], [ -78.59820906099992, 1.928567313000087 ], [ -78.593820766999897, 1.948879299000055 ], [ -78.592518683999913, 1.964056708000044 ], [ -78.587473110999952, 1.988470770000049 ], [ -78.586333787999934, 2.000392971000053 ], [ -78.589588995999918, 2.009100653000075 ], [ -78.597727016999897, 2.019354559000078 ], [ -78.608021613999938, 2.02798086100006 ], [ -78.617990688999953, 2.031439520000049 ], [ -78.629017706999946, 2.025336005000042 ], [ -78.637196417999917, 2.01235586100006 ], [ -78.647474133999935, 1.980641280000043 ], [ -78.658243585999912, 1.974992279000048 ], [ -78.665605777999929, 1.982915292000087 ], [ -78.667347785999937, 2.003648179000038 ], [ -78.6706835949999, 2.03099448200004 ], [ -78.682986919999905, 2.065041284000074 ], [ -78.691768766999928, 2.112479953000047 ], [ -78.700548437999942, 2.146743957000069 ], [ -78.703158746999918, 2.189805173000082 ], [ -78.691705933999913, 2.214419156000076 ], [ -78.679361092999898, 2.241683269000077 ], [ -78.672298278999904, 2.267190010000093 ], [ -78.645375128999945, 2.278265692000048 ], [ -78.63695227799991, 2.306586005000042 ], [ -78.607411261999914, 2.359808661000045 ], [ -78.585682745999918, 2.403143622000073 ], [ -78.574086066999939, 2.433172919000071 ], [ -78.558990037999934, 2.449164130000042 ], [ -78.565297003999945, 2.432562567000048 ], [ -78.566273566999939, 2.415513414000088 ], [ -78.563588019999941, 2.398342190000051 ], [ -78.558990037999934, 2.381537177000041 ], [ -78.544911261999914, 2.426743882000039 ], [ -78.53620290799995, 2.47515151500005 ], [ -78.525045132999935, 2.495506662000082 ], [ -78.506457944999909, 2.490871279000089 ], [ -78.481388476999939, 2.522313629000053 ], [ -78.456333373999939, 2.551898515000062 ], [ -78.432215845999906, 2.587028252000039 ], [ -78.410887103999926, 2.595331203000057 ], [ -78.371963267999945, 2.632291167000062 ], [ -78.346018238999932, 2.647985921000043 ], [ -78.333972983999899, 2.647045418000062 ], [ -78.324706692999939, 2.623909973000082 ], [ -78.313595149999912, 2.597081555000045 ], [ -78.297860032999949, 2.57118076200004 ], [ -78.277503605999925, 2.542509370000062 ], [ -78.254750128999945, 2.541896877000056 ], [ -78.265463333999946, 2.575777132000042 ], [ -78.271009391999939, 2.604440755000041 ], [ -78.270076330999927, 2.634952070000054 ], [ -78.261743374999924, 2.649741391000077 ], [ -78.24693074399994, 2.663600774000088 ], [ -78.2358255769999, 2.646015167000087 ], [ -78.22843126999993, 2.615495700000054 ], [ -78.234917469999914, 2.593315008000047 ], [ -78.224744655999928, 2.576667705000091 ], [ -78.207753058999913, 2.537339585000041 ], [ -78.193104620999918, 2.521429755000042 ], [ -78.184396938999953, 2.515204169000071 ], [ -78.148793097999942, 2.497544664000088 ], [ -78.132476365999935, 2.492743231000077 ], [ -78.122954881999931, 2.493638414000088 ], [ -78.106556769999941, 2.504380601000094 ], [ -78.086659308999913, 2.510565497000073 ], [ -78.085275844999899, 2.516058661000045 ], [ -78.085072394999941, 2.523586330000057 ], [ -78.086659308999913, 2.531683661000045 ], [ -78.081654425999943, 2.541489976000094 ], [ -78.081361245999915, 2.577489655000079 ], [ -78.085049305999917, 2.59228130200006 ], [ -78.089662756999928, 2.607996460000038 ], [ -78.099826973999939, 2.624637143000086 ], [ -78.105364943999916, 2.642204308000089 ], [ -78.096104901999922, 2.651451390000091 ], [ -78.073901624999905, 2.646820263000052 ], [ -78.063717986999904, 2.65421008900006 ], [ -78.039656069999921, 2.65512674200005 ], [ -78.021146997999949, 2.654194966000091 ], [ -78.0044853899999, 2.655113608000079 ], [ -77.991517113999919, 2.663432042000068 ], [ -77.969283354999902, 2.676372319000052 ], [ -77.949840129999927, 2.67451808800007 ], [ -77.93586178299995, 2.662054755000042 ], [ -77.925445115999935, 2.64321523600006 ], [ -77.917591925999943, 2.63226959800005 ], [ -77.90689042899993, 2.629461981000077 ], [ -77.888050910999937, 2.634711005000042 ], [ -77.897043423999946, 2.619086005000042 ], [ -77.905425584999932, 2.598211981000077 ], [ -77.904286261999914, 2.579982815000051 ], [ -77.884348110999952, 2.572088934000078 ], [ -77.872547980999911, 2.570786851000094 ], [ -77.852365688999953, 2.566107489000046 ], [ -77.839670376999948, 2.56586334800005 ], [ -77.813832160999937, 2.571234442000048 ], [ -77.802398240999935, 2.572088934000078 ], [ -77.777943488999938, 2.577704169000071 ], [ -77.76040605399993, 2.591620184000078 ], [ -77.751210089999915, 2.609605210000041 ], [ -77.751535610999952, 2.62726471600007 ], [ -77.757639126999948, 2.639960028000075 ], [ -77.768910285999937, 2.657171942000048 ], [ -77.783355272999927, 2.671372789000088 ], [ -77.798695441999939, 2.675726630000042 ], [ -77.798695441999939, 2.681870835000041 ], [ -77.778187628999945, 2.681870835000041 ], [ -77.778187628999945, 2.689398505000042 ], [ -77.79133053299995, 2.691961981000077 ], [ -77.797596808999913, 2.698716539000088 ], [ -77.797759568999936, 2.70766836100006 ], [ -77.792469855999911, 2.716701565000051 ], [ -77.802886522999927, 2.71938711100006 ], [ -77.806304490999935, 2.725531317000048 ], [ -77.804432745999918, 2.734076239000046 ], [ -77.798695441999939, 2.743963934000078 ], [ -77.807525193999936, 2.745794989000046 ], [ -77.811756964999915, 2.748480536000045 ], [ -77.812855597999942, 2.754095770000049 ], [ -77.812367316999939, 2.764471747000073 ], [ -77.794789191999939, 2.75726959800005 ], [ -77.780913865999935, 2.763169664000088 ], [ -77.768299933999913, 2.773342190000051 ], [ -77.754628058999913, 2.77875397300005 ], [ -77.748199022999927, 2.779527085000041 ], [ -77.739247199999909, 2.782049872000073 ], [ -77.733550584999932, 2.786118882000039 ], [ -77.737212693999936, 2.79173411700009 ], [ -77.745513475999928, 2.793158270000049 ], [ -77.76195227799991, 2.785589911000045 ], [ -77.770741339999915, 2.785589911000045 ], [ -77.785755988999938, 2.794826565000051 ], [ -77.781849738999938, 2.802150783000059 ], [ -77.770822719999899, 2.808742580000057 ], [ -77.764556443999936, 2.815659898000092 ], [ -77.757639126999948, 2.813299872000073 ], [ -77.741566535999937, 2.810044664000088 ], [ -77.723215298999946, 2.808742580000057 ], [ -77.709339972999942, 2.812241929000038 ], [ -77.705189581999946, 2.805650132000039 ], [ -77.698475714999915, 2.79751211100006 ], [ -77.696278449999909, 2.79173411700009 ], [ -77.688832160999937, 2.79173411700009 ], [ -77.698597785999937, 2.81313711100006 ], [ -77.735422329999949, 2.822495835000041 ], [ -77.723540818999936, 2.84015534100007 ], [ -77.708159959999932, 2.848456122000073 ], [ -77.69359290299991, 2.850165106000077 ], [ -77.680246548999946, 2.853664455000057 ], [ -77.668324347999942, 2.86749909100007 ], [ -77.658599412999934, 2.863470770000049 ], [ -77.65070553299995, 2.859116929000038 ], [ -77.644886847999942, 2.853745835000041 ], [ -77.641713019999941, 2.846380927000041 ], [ -77.636057094999899, 2.869614976000094 ], [ -77.657704230999911, 2.876898505000042 ], [ -77.688221808999913, 2.87250397300005 ], [ -77.709339972999942, 2.860663153000075 ], [ -77.714914516999897, 2.875677802000041 ], [ -77.715687628999945, 2.897528387000079 ], [ -77.710072394999941, 2.918117580000057 ], [ -77.696278449999909, 2.928941148000092 ], [ -77.682606574999909, 2.927313544000071 ], [ -77.673451300999943, 2.919175523000092 ], [ -77.665191209999932, 2.909247137000079 ], [ -77.654652472999942, 2.901597398000092 ], [ -77.643381313999953, 2.898138739000046 ], [ -77.640126105999911, 2.900051174000055 ], [ -77.639068162999934, 2.906154690000051 ], [ -77.634185350999928, 2.915350653000075 ], [ -77.625070766999897, 2.92446523600006 ], [ -77.620716925999943, 2.927679755000042 ], [ -77.619699673999946, 2.931586005000042 ], [ -77.620513475999928, 2.942613023000092 ], [ -77.623931443999936, 2.94798411700009 ], [ -77.637684699999909, 2.951727606000077 ], [ -77.641713019999941, 2.956244208000044 ], [ -77.641468878999945, 2.961330471000053 ], [ -77.635894334999932, 2.964829820000091 ], [ -77.63109290299991, 2.97797272300005 ], [ -77.623158331999946, 2.981838283000059 ], [ -77.627349412999934, 2.991034247000073 ], [ -77.633900519999941, 2.99485911700009 ], [ -77.642160610999952, 2.994289455000057 ], [ -77.649769660999937, 2.99555084800005 ], [ -77.654652472999942, 3.004706122000073 ], [ -77.657541469999899, 2.995184637000079 ], [ -77.654652472999942, 2.991034247000073 ], [ -77.665435350999928, 2.984564520000049 ], [ -77.676625128999945, 2.982326565000051 ], [ -77.685414191999939, 2.985907294000071 ], [ -77.688832160999937, 2.997259833000044 ], [ -77.713937954999949, 2.974758205000057 ], [ -77.723540818999936, 2.969916083000044 ], [ -77.721791144999941, 2.982001044000071 ], [ -77.685023287999911, 3.025839156000075 ], [ -77.662256366999941, 3.058458759000075 ], [ -77.647706847999928, 3.073852830000078 ], [ -77.571428684999944, 3.13807513900008 ], [ -77.539628839999921, 3.196844681000073 ], [ -77.525120717999926, 3.201353588000075 ], [ -77.508656378999945, 3.194566148000092 ], [ -77.505523240999935, 3.204575914000088 ], [ -77.504505988999938, 3.21320221600007 ], [ -77.501820441999939, 3.22337474200009 ], [ -77.494862433999913, 3.223618882000039 ], [ -77.485747850999928, 3.221380927000041 ], [ -77.479683974999944, 3.227463768000064 ], [ -77.485436416999903, 3.237703861000057 ], [ -77.500799921999942, 3.24475811700006 ], [ -77.516177240999923, 3.239661555000055 ], [ -77.53860164799994, 3.237124141000038 ], [ -77.54179451899995, 3.246080663000043 ], [ -77.529603721999933, 3.261417016000053 ], [ -77.505238630999941, 3.282491318000041 ], [ -77.488572764999901, 3.292702895000048 ], [ -77.464864340999952, 3.301625682000065 ], [ -77.477658403999897, 3.313153257000067 ], [ -77.476551886999914, 3.333644924000055 ], [ -77.468658006999931, 3.344671942000048 ], [ -77.457386847999942, 3.356146552000041 ], [ -77.445464647999927, 3.363226630000042 ], [ -77.435617641999897, 3.360988674000055 ], [ -77.419056769999941, 3.365220445000091 ], [ -77.404855923999946, 3.367173570000091 ], [ -77.400461391999897, 3.370021877000056 ], [ -77.380970831999946, 3.387640692000048 ], [ -77.358509894999941, 3.345770575000074 ], [ -77.343739386999914, 3.329413153000075 ], [ -77.318918423999946, 3.319973049000055 ], [ -77.323475714999915, 3.331122137000079 ], [ -77.356760219999899, 3.370917059000078 ], [ -77.365630662999934, 3.385646877000056 ], [ -77.367054816999939, 3.402085679000038 ], [ -77.362456834999932, 3.417792059000078 ], [ -77.353016730999911, 3.429836330000057 ], [ -77.349436001999948, 3.42133209800005 ], [ -77.342681443999936, 3.412054755000042 ], [ -77.336089647999927, 3.407171942000048 ], [ -77.333159959999932, 3.411810614000046 ], [ -77.335194464999915, 3.419256903000075 ], [ -77.344146287999934, 3.432033596000053 ], [ -77.346180792999917, 3.436021226000094 ], [ -77.341135219999899, 3.456244208000044 ], [ -77.331695115999935, 3.473334052000041 ], [ -77.326283331999946, 3.490668036000045 ], [ -77.333159959999932, 3.511786200000074 ], [ -77.32290605399993, 3.512396552000041 ], [ -77.31273352799991, 3.511786200000074 ], [ -77.317738410999937, 3.501776434000078 ], [ -77.318918423999946, 3.487616278000075 ], [ -77.316151495999918, 3.480373440000051 ], [ -77.309803839999915, 3.480210679000038 ], [ -77.300282355999911, 3.486558335000041 ], [ -77.282826300999943, 3.485174872000073 ], [ -77.278187628999945, 3.482611395000049 ], [ -77.269154425999943, 3.473944403000075 ], [ -77.264271613999938, 3.470851955000057 ], [ -77.265492316999939, 3.480414130000042 ], [ -77.269439256999931, 3.487941799000055 ], [ -77.275868292999917, 3.493475653000075 ], [ -77.284779425999943, 3.49750397300005 ], [ -77.27171790299991, 3.504950262000079 ], [ -77.290516730999911, 3.511542059000078 ], [ -77.298980272999927, 3.511786200000074 ], [ -77.294789191999939, 3.521144924000055 ], [ -77.291005011999914, 3.523667710000041 ], [ -77.277943488999938, 3.517971096000053 ], [ -77.274891730999911, 3.532782294000071 ], [ -77.289051886999914, 3.538072007000039 ], [ -77.309559699999909, 3.536851304000038 ], [ -77.325754360999952, 3.532212632000039 ], [ -77.321766730999911, 3.547837632000039 ], [ -77.310536261999914, 3.550197658000059 ], [ -77.294992641999897, 3.547023830000057 ], [ -77.277943488999938, 3.545884507000039 ], [ -77.283192511999914, 3.548570054000038 ], [ -77.298980272999927, 3.558986721000053 ], [ -77.285878058999913, 3.565334377000056 ], [ -77.277943488999938, 3.566392320000091 ], [ -77.280995245999918, 3.570461330000057 ], [ -77.284779425999943, 3.580633856000077 ], [ -77.264759894999941, 3.585028387000079 ], [ -77.243763800999943, 3.586900132000039 ], [ -77.243763800999943, 3.580633856000077 ], [ -77.248605923999946, 3.571519273000092 ], [ -77.238840298999946, 3.571682033000059 ], [ -77.20962480399993, 3.580633856000077 ], [ -77.223866339999915, 3.584214585000041 ], [ -77.227162238999938, 3.591009833000044 ], [ -77.222645636999914, 3.600165106000077 ], [ -77.204904751999948, 3.621242580000057 ], [ -77.198638475999928, 3.63353099200009 ], [ -77.189198370999918, 3.662583726000094 ], [ -77.177723761999914, 3.654445705000057 ], [ -77.169545050999943, 3.652248440000051 ], [ -77.161854620999918, 3.655951239000046 ], [ -77.151275193999936, 3.665716864000046 ], [ -77.140288865999935, 3.669826565000051 ], [ -77.124867316999939, 3.673732815000051 ], [ -77.118275519999941, 3.67804596600007 ], [ -77.133941209999932, 3.68305084800005 ], [ -77.147206183999913, 3.68109772300005 ], [ -77.160552537999934, 3.676214911000045 ], [ -77.170806443999936, 3.67719147300005 ], [ -77.174916144999941, 3.692694403000075 ], [ -77.167876756999931, 3.694973049000055 ], [ -77.152211066999939, 3.697943427000041 ], [ -77.135731574999909, 3.704413153000075 ], [ -77.126454230999911, 3.717230536000045 ], [ -77.143666144999941, 3.715073960000041 ], [ -77.185414191999939, 3.703599351000094 ], [ -77.198719855999911, 3.710028387000079 ], [ -77.202951626999948, 3.725490627000056 ], [ -77.200795050999943, 3.743475653000075 ], [ -77.195423956999946, 3.758205471000053 ], [ -77.167388475999928, 3.737941799000055 ], [ -77.152333136999914, 3.733099677000041 ], [ -77.130197719999899, 3.731512762000079 ], [ -77.12564042899993, 3.733547268000052 ], [ -77.128244594999899, 3.737982489000046 ], [ -77.135365363999938, 3.74249909100007 ], [ -77.144439256999931, 3.744533596000053 ], [ -77.155262824999909, 3.74445221600007 ], [ -77.163441535999937, 3.745347398000092 ], [ -77.169789191999939, 3.749253648000092 ], [ -77.174916144999941, 3.758205471000053 ], [ -77.15843665299991, 3.756903387000079 ], [ -77.144439256999931, 3.759588934000078 ], [ -77.133656378999945, 3.766750393000052 ], [ -77.126454230999911, 3.778713283000059 ], [ -77.141997850999928, 3.788478908000059 ], [ -77.151478644999941, 3.800441799000055 ], [ -77.150380011999914, 3.813666083000044 ], [ -77.133941209999932, 3.827093817000048 ], [ -77.126128709999932, 3.821600653000075 ], [ -77.121490037999934, 3.816351630000042 ], [ -77.119699673999946, 3.809515692000048 ], [ -77.120269334999932, 3.79913971600007 ], [ -77.105620897999927, 3.813462632000039 ], [ -77.111887173999946, 3.834051825000074 ], [ -77.114491339999915, 3.852606512000079 ], [ -77.06859290299991, 3.867743231000077 ], [ -77.056304490999935, 3.884344794000071 ], [ -77.046009894999941, 3.902777411000045 ], [ -77.03156490799995, 3.915838934000078 ], [ -77.03156490799995, 3.922064520000049 ], [ -77.093006964999915, 3.909002997000073 ], [ -77.093006964999915, 3.915838934000078 ], [ -77.086008266999897, 3.918158270000049 ], [ -77.079335089999915, 3.922064520000049 ], [ -77.104644334999932, 3.921779690000051 ], [ -77.116078253999945, 3.923814195000091 ], [ -77.126454230999911, 3.929510809000078 ], [ -77.123036261999914, 3.886135158000059 ], [ -77.181141730999911, 3.85297272300005 ], [ -77.253163214999915, 3.840806382000039 ], [ -77.291615363999938, 3.860581773000092 ], [ -77.289540167999917, 3.869818427000041 ], [ -77.275217251999948, 3.877752997000073 ], [ -77.27171790299991, 3.88540273600006 ], [ -77.275257941999939, 3.889227606000077 ], [ -77.292632615999935, 3.897772528000075 ], [ -77.304798956999946, 3.905829169000071 ], [ -77.309152798999946, 3.905951239000046 ], [ -77.311756964999915, 3.908433335000041 ], [ -77.31273352799991, 3.919012762000079 ], [ -77.311634894999941, 3.927557684000078 ], [ -77.305246548999946, 3.943182684000078 ], [ -77.300200975999928, 3.969142971000053 ], [ -77.295074022999927, 3.97797272300005 ], [ -77.284779425999943, 3.984076239000046 ], [ -77.270415818999936, 3.986395575000074 ], [ -77.260894334999932, 3.98314036700009 ], [ -77.25999915299991, 3.975409247000073 ], [ -77.27171790299991, 3.964260158000059 ], [ -77.223988410999937, 3.971991278000075 ], [ -77.20962480399993, 3.97728099200009 ], [ -77.20962480399993, 3.984076239000046 ], [ -77.243763800999943, 3.97728099200009 ], [ -77.239247199999909, 3.989935614000046 ], [ -77.232289191999939, 4.001206773000092 ], [ -77.20539303299995, 4.032619533000059 ], [ -77.189198370999918, 4.067328192000048 ], [ -77.199818488999938, 4.066880601000094 ], [ -77.204741990999935, 4.068101304000038 ], [ -77.20962480399993, 4.080308335000041 ], [ -77.22492428299995, 4.076971747000073 ], [ -77.236683722999942, 4.085353908000059 ], [ -77.248605923999946, 4.098211981000077 ], [ -77.264271613999938, 4.108221747000073 ], [ -77.25999915299991, 4.098537502000056 ], [ -77.258534308999913, 4.087632554000038 ], [ -77.25999915299991, 4.07689036700009 ], [ -77.264271613999938, 4.067328192000048 ], [ -77.272938605999911, 4.072088934000078 ], [ -77.281605597999942, 4.073553778000075 ], [ -77.290394660999937, 4.071844794000071 ], [ -77.298980272999927, 4.067328192000048 ], [ -77.298980272999927, 4.059881903000075 ], [ -77.293771938999953, 4.05499909100007 ], [ -77.296009894999941, 4.05337148600006 ], [ -77.298980272999927, 4.045599677000041 ], [ -77.303456183999913, 4.049790757000039 ], [ -77.318918423999946, 4.05304596600007 ], [ -77.315825975999928, 4.034247137000079 ], [ -77.318918423999946, 4.006537177000041 ], [ -77.326324022999927, 3.981390692000048 ], [ -77.336537238999938, 3.970445054000038 ], [ -77.339711066999939, 3.964422919000071 ], [ -77.343251105999911, 3.93695709800005 ], [ -77.346180792999917, 3.929510809000078 ], [ -77.362131313999953, 3.92804596600007 ], [ -77.374663865999935, 3.936428127000056 ], [ -77.379790818999936, 3.950018622000073 ], [ -77.373524542999917, 3.964260158000059 ], [ -77.425038214999915, 4.004584052000041 ], [ -77.430775519999941, 4.012640692000048 ], [ -77.435170050999943, 4.029364325000074 ], [ -77.430409308999913, 4.044012762000079 ], [ -77.408273891999897, 4.045599677000041 ], [ -77.419829881999931, 4.060207424000055 ], [ -77.423980272999927, 4.067328192000048 ], [ -77.431141730999911, 4.09438711100006 ], [ -77.435047980999911, 4.124904690000051 ], [ -77.435170050999943, 4.155218817000048 ], [ -77.432850714999915, 4.169012762000079 ], [ -77.426665818999936, 4.180365302000041 ], [ -77.415109829999949, 4.19017161700009 ], [ -77.401193813999953, 4.193304755000042 ], [ -77.387766079999949, 4.19171784100007 ], [ -77.377552863999938, 4.193589585000041 ], [ -77.373524542999917, 4.206935940000051 ], [ -77.369618292999917, 4.213934637000079 ], [ -77.360096808999913, 4.221136786000045 ], [ -77.348052537999934, 4.224676825000074 ], [ -77.336537238999938, 4.220607815000051 ], [ -77.319813605999911, 4.200832424000055 ], [ -77.313099738999938, 4.198879299000055 ], [ -77.298980272999927, 4.203192450000074 ], [ -77.280995245999918, 4.213771877000056 ], [ -77.264963344999899, 4.228745835000041 ], [ -77.236317511999914, 4.265326239000046 ], [ -77.320912238999938, 4.26634349200009 ], [ -77.336537238999938, 4.268744208000044 ], [ -77.350331183999913, 4.28579336100006 ], [ -77.387196417999917, 4.347235419000071 ], [ -77.358998175999943, 4.387193101000094 ], [ -77.353016730999911, 4.402492580000057 ], [ -77.345082160999937, 4.445542710000041 ], [ -77.335113084999932, 4.460923570000091 ], [ -77.31273352799991, 4.471380927000041 ], [ -77.31273352799991, 4.478176174000055 ], [ -77.333159959999932, 4.471380927000041 ], [ -77.330433722999942, 4.499660549000055 ], [ -77.319569464999915, 4.546616929000038 ], [ -77.318918423999946, 4.683661200000074 ], [ -77.315663214999915, 4.674383856000077 ], [ -77.311675584999932, 4.667181708000044 ], [ -77.306304490999935, 4.661200262000079 ], [ -77.298980272999927, 4.65570709800005 ], [ -77.294422980999911, 4.665716864000046 ], [ -77.291615363999938, 4.682074286000045 ], [ -77.294992641999897, 4.697333075000074 ], [ -77.318837042999917, 4.709662177000041 ], [ -77.322132941999939, 4.722845770000049 ], [ -77.323109503999945, 4.738755601000094 ], [ -77.325754360999952, 4.752508856000077 ], [ -77.303334113999938, 4.749212958000044 ], [ -77.28579667899993, 4.737005927000041 ], [ -77.272938605999911, 4.720607815000051 ], [ -77.264271613999938, 4.704087632000039 ], [ -77.25804602799991, 4.704087632000039 ], [ -77.26976477799991, 4.736070054000038 ], [ -77.312163865999935, 4.787176825000074 ], [ -77.318918423999946, 4.820868231000077 ], [ -77.323597785999937, 4.818793036000045 ], [ -77.335357225999928, 4.815497137000079 ], [ -77.339995897999927, 4.813381252000056 ], [ -77.348622199999909, 4.854193427000041 ], [ -77.360503709999932, 4.982489325000074 ], [ -77.366688605999911, 4.998928127000056 ], [ -77.372873501999948, 5.14915599200009 ], [ -77.367909308999913, 5.183254299000055 ], [ -77.358998175999943, 5.215643622000073 ], [ -77.346180792999917, 5.24477773600006 ], [ -77.360585089999915, 5.253485419000071 ], [ -77.36156165299991, 5.275213934000078 ], [ -77.359201626999948, 5.297308661000045 ], [ -77.36359615799995, 5.307440497000073 ], [ -77.373036261999914, 5.315659898000092 ], [ -77.378244594999899, 5.335191148000092 ], [ -77.380970831999946, 5.375067450000074 ], [ -77.395741339999915, 5.370347398000092 ], [ -77.404652472999942, 5.374701239000046 ], [ -77.408558722999942, 5.38617584800005 ], [ -77.408273891999897, 5.403021552000041 ], [ -77.401478644999941, 5.403021552000041 ], [ -77.393422003999945, 5.39594147300005 ], [ -77.388783331999946, 5.397040106000077 ], [ -77.380970831999946, 5.403021552000041 ], [ -77.39126542899993, 5.409572658000059 ], [ -77.395334438999953, 5.41868724200009 ], [ -77.40257727799991, 5.449652411000045 ], [ -77.402251756999931, 5.457220770000049 ], [ -77.408273891999897, 5.464504299000055 ], [ -77.412912563999953, 5.466213283000059 ], [ -77.429310675999943, 5.468939520000049 ], [ -77.435617641999897, 5.47134023600006 ], [ -77.446888800999943, 5.482082424000055 ], [ -77.453968878999945, 5.492621161000045 ], [ -77.462147589999915, 5.501044012000079 ], [ -77.476551886999914, 5.505438544000071 ], [ -77.49087480399993, 5.505438544000071 ], [ -77.501332160999937, 5.502427476000094 ], [ -77.507923956999946, 5.495754299000055 ], [ -77.510650193999936, 5.484930731000077 ], [ -77.522694464999915, 5.49555084800005 ], [ -77.534535285999937, 5.494940497000073 ], [ -77.544789191999939, 5.491115627000056 ], [ -77.552235480999911, 5.491848049000055 ], [ -77.559193488999938, 5.503078518000052 ], [ -77.55687415299991, 5.511908270000049 ], [ -77.547840949999909, 5.517645575000074 ], [ -77.534901495999918, 5.519720770000049 ], [ -77.526234503999945, 5.530178127000056 ], [ -77.502756313999953, 5.579250393000052 ], [ -77.490834113999938, 5.594794012000079 ], [ -77.481841600999928, 5.597601630000042 ], [ -77.459543423999946, 5.599025783000059 ], [ -77.449818488999938, 5.601629950000074 ], [ -77.437896287999934, 5.610174872000073 ], [ -77.429107225999928, 5.618963934000078 ], [ -77.419504360999952, 5.625677802000041 ], [ -77.404855923999946, 5.62836334800005 ], [ -77.387196417999917, 5.623195705000057 ], [ -77.372181769999941, 5.613470770000049 ], [ -77.355620897999927, 5.607896226000094 ], [ -77.333159959999932, 5.615301825000074 ], [ -77.326771613999938, 5.621283270000049 ], [ -77.322987433999913, 5.634426174000055 ], [ -77.318918423999946, 5.642564195000091 ], [ -77.317941860999952, 5.647040106000077 ], [ -77.319732225999928, 5.65851471600007 ], [ -77.318918423999946, 5.663031317000048 ], [ -77.314442511999914, 5.664292710000041 ], [ -77.301665818999936, 5.662543036000045 ], [ -77.298980272999927, 5.666164455000057 ], [ -77.294300910999937, 5.676947333000044 ], [ -77.283273891999897, 5.685777085000041 ], [ -77.270619269999941, 5.693548895000049 ], [ -77.261138475999928, 5.700913804000038 ], [ -77.254505988999938, 5.710923570000091 ], [ -77.249419725999928, 5.722316799000055 ], [ -77.245920376999948, 5.734198309000078 ], [ -77.243763800999943, 5.745672919000071 ], [ -77.246449347999942, 5.787339585000041 ], [ -77.261586066999939, 5.822495835000041 ], [ -77.302398240999935, 5.888251044000071 ], [ -77.31273352799991, 5.896429755000042 ], [ -77.313465949999909, 5.918402411000045 ], [ -77.353016730999911, 6.026190497000073 ], [ -77.360463019999941, 6.026190497000073 ], [ -77.360463019999941, 5.998928127000056 ], [ -77.366688605999911, 5.998928127000056 ], [ -77.382801886999914, 6.042629299000055 ], [ -77.40843665299991, 6.081976630000042 ], [ -77.469715949999909, 6.156480210000041 ], [ -77.480620897999927, 6.174058335000041 ], [ -77.484364386999914, 6.188788153000075 ], [ -77.483387824999909, 6.228501695000091 ], [ -77.476551886999914, 6.264064846000053 ], [ -77.475697394999941, 6.28156159100007 ], [ -77.483387824999909, 6.294338283000059 ], [ -77.476551886999914, 6.300523179000038 ], [ -77.439035610999952, 6.269476630000042 ], [ -77.415109829999949, 6.239081122000073 ], [ -77.405018683999913, 6.246242580000057 ], [ -77.394886847999942, 6.263576565000051 ], [ -77.380970831999946, 6.300523179000038 ], [ -77.37759355399993, 6.319240627000056 ], [ -77.376698370999918, 6.336859442000048 ], [ -77.377919074999909, 6.351792710000041 ], [ -77.380970831999946, 6.362616278000075 ], [ -77.399281378999945, 6.387640692000048 ], [ -77.396473761999914, 6.395819403000075 ], [ -77.373524542999917, 6.404201565000051 ], [ -77.370838995999918, 6.397935289000088 ], [ -77.360463019999941, 6.389878648000092 ], [ -77.356312628999945, 6.405178127000056 ], [ -77.359934048999946, 6.419175523000092 ], [ -77.368804490999935, 6.430487372000073 ], [ -77.380970831999946, 6.437689520000049 ], [ -77.380970831999946, 6.444525458000044 ], [ -77.365793423999946, 6.470038153000075 ], [ -77.360829230999911, 6.486070054000038 ], [ -77.360463019999941, 6.50657786700009 ], [ -77.347523566999939, 6.521551825000074 ], [ -77.343006964999915, 6.543768622000073 ], [ -77.345366990999935, 6.566107489000046 ], [ -77.353016730999911, 6.581732489000046 ], [ -77.387196417999917, 6.609035549000055 ], [ -77.394154425999943, 6.616685289000088 ], [ -77.398833787999934, 6.62368398600006 ], [ -77.404693162999934, 6.630113023000092 ], [ -77.415109829999949, 6.636297919000071 ], [ -77.414662238999938, 6.647447007000039 ], [ -77.409535285999937, 6.66828034100007 ], [ -77.408273891999897, 6.681057033000059 ], [ -77.411244269999941, 6.693793036000045 ], [ -77.418690558999913, 6.698716539000088 ], [ -77.428700324999909, 6.701564846000053 ], [ -77.462635870999918, 6.720689195000091 ], [ -77.486154751999948, 6.715073960000041 ], [ -77.505686001999948, 6.700140692000048 ], [ -77.517486131999931, 6.684759833000044 ], [ -77.513335740999935, 6.677923895000049 ], [ -77.510650193999936, 6.671087958000044 ], [ -77.518706834999932, 6.669582424000055 ], [ -77.531809048999946, 6.663641669000071 ], [ -77.537993943999936, 6.663641669000071 ], [ -77.538197394999941, 6.68891022300005 ], [ -77.536488410999937, 6.700832424000055 ], [ -77.531809048999946, 6.712062893000052 ], [ -77.573353644999941, 6.801011460000041 ], [ -77.593251105999911, 6.828111070000091 ], [ -77.621815558999913, 6.855943101000094 ], [ -77.636219855999911, 6.865423895000049 ], [ -77.662505662999934, 6.871771552000041 ], [ -77.666737433999913, 6.876857815000051 ], [ -77.671050584999932, 6.879706122000073 ], [ -77.682606574999909, 6.875921942000048 ], [ -77.686024542999917, 6.870184637000079 ], [ -77.685699022999927, 6.861883856000077 ], [ -77.687367316999939, 6.853989976000094 ], [ -77.696278449999909, 6.849188544000071 ], [ -77.701324022999927, 6.918361721000053 ], [ -77.692209438999953, 6.947251695000091 ], [ -77.664662238999938, 6.959051825000074 ], [ -77.652740037999934, 6.976629950000074 ], [ -77.665028449999909, 7.015570380000042 ], [ -77.696278449999909, 7.07453034100007 ], [ -77.703114386999914, 7.07453034100007 ], [ -77.696766730999911, 7.062689520000049 ], [ -77.688832160999937, 7.054632880000042 ], [ -77.688832160999937, 7.04718659100007 ], [ -77.696278449999909, 7.04718659100007 ], [ -77.713246222999942, 7.070502020000049 ], [ -77.786936001999948, 7.148871161000045 ], [ -77.797678188999953, 7.15493398600006 ], [ -77.815785285999937, 7.157049872000073 ], [ -77.825591600999928, 7.162787177000041 ], [ -77.831857876999948, 7.17523834800005 ], [ -77.839588995999918, 7.187241929000038 ], [ -77.853911912999934, 7.191839911000045 ], [ -77.847075975999928, 7.198065497000073 ], [ -77.859852667999917, 7.201849677000041 ], [ -77.87140865799995, 7.211127020000049 ], [ -77.888050910999937, 7.232814846000053 ], [ -77.895839150733224, 7.235098056585514 ] ] ], [ [ [ -78.131418423999946, 2.62726471600007 ], [ -78.129994269999941, 2.622463283000059 ], [ -78.106556769999941, 2.593817450000074 ], [ -78.097279425999943, 2.572170315000051 ], [ -78.096180792999917, 2.540025132000039 ], [ -78.107289191999939, 2.512518622000073 ], [ -78.134429490999935, 2.504380601000094 ], [ -78.157582160999937, 2.518133856000077 ], [ -78.184559699999909, 2.545396226000094 ], [ -78.207020636999914, 2.575344143000052 ], [ -78.216420050999943, 2.596869208000044 ], [ -78.213286912999934, 2.610744533000059 ], [ -78.206450975999928, 2.616848049000055 ], [ -78.199696417999917, 2.621527411000045 ], [ -78.194965920999948, 2.632143556000074 ], [ -78.202208202999941, 2.643003083000053 ], [ -78.216696247999948, 2.670149764000087 ], [ -78.214867980999941, 2.681913849000068 ], [ -78.204890617999922, 2.687339382000062 ], [ -78.187677067999914, 2.678285431000063 ], [ -78.165919354999915, 2.685515512000052 ], [ -78.145085734999952, 2.673748199000045 ], [ -78.139515753999945, 2.655422268000052 ], [ -78.131703253999945, 2.646185614000046 ], [ -78.128977016999897, 2.633693752000056 ], [ -78.131418423999946, 2.62726471600007 ] ] ], [ [ [ -77.902333136999914, 2.696234442000048 ], [ -77.888010219999899, 2.687445380000042 ], [ -77.850493943999936, 2.63812897300005 ], [ -77.835316535999937, 2.626369533000059 ], [ -77.801625128999945, 2.607082424000055 ], [ -77.785023566999939, 2.593817450000074 ], [ -77.808420376999948, 2.578599351000094 ], [ -77.839914516999897, 2.577337958000044 ], [ -77.869740363999938, 2.584418036000045 ], [ -77.888050910999937, 2.593817450000074 ], [ -77.880686001999948, 2.600002346000053 ], [ -77.888050910999937, 2.607407945000091 ], [ -77.867176886999914, 2.627183335000041 ], [ -77.86750240799995, 2.639837958000044 ], [ -77.880726691999939, 2.646429755000042 ], [ -77.898589647999927, 2.648382880000042 ], [ -77.914051886999914, 2.658677476000094 ], [ -77.92023678299995, 2.679754950000074 ], [ -77.916371222999942, 2.697211005000042 ], [ -77.902333136999914, 2.696234442000048 ] ] ], [ [ [ -77.806141730999911, 2.662054755000042 ], [ -77.767689581999946, 2.632554429000038 ], [ -77.75413977799991, 2.617987372000073 ], [ -77.759103969999899, 2.603094794000071 ], [ -77.775868292999917, 2.60101959800005 ], [ -77.801747199999909, 2.613959052000041 ], [ -77.847075975999928, 2.648382880000042 ], [ -77.874582485999952, 2.684759833000044 ], [ -77.880686001999948, 2.696234442000048 ], [ -77.883900519999941, 2.707993882000039 ], [ -77.885121222999942, 2.719631252000056 ], [ -77.882557745999918, 2.724595445000091 ], [ -77.87132727799991, 2.71430084800005 ], [ -77.860096808999913, 2.709865627000056 ], [ -77.857492641999897, 2.716131903000075 ], [ -77.847075975999928, 2.724107164000088 ], [ -77.819203253999945, 2.696234442000048 ], [ -77.815256313999953, 2.688462632000039 ], [ -77.810536261999914, 2.669419664000088 ], [ -77.806141730999911, 2.662054755000042 ] ] ], [ [ [ -77.353016730999911, 4.265326239000046 ], [ -77.332427537999934, 4.255031643000052 ], [ -77.311634894999941, 4.257554429000038 ], [ -77.291167772999927, 4.26235586100006 ], [ -77.27171790299991, 4.258490302000041 ], [ -77.290028449999909, 4.229437567000048 ], [ -77.30296790299991, 4.217596747000073 ], [ -77.315663214999915, 4.222723700000074 ], [ -77.333159959999932, 4.244818427000041 ], [ -77.357777472999942, 4.235541083000044 ], [ -77.381581183999913, 4.231634833000044 ], [ -77.434071417999917, 4.232123114000046 ], [ -77.45376542899993, 4.236395575000074 ], [ -77.466297980999911, 4.237372137000079 ], [ -77.481678839999915, 4.234442450000074 ], [ -77.49054928299995, 4.227362372000073 ], [ -77.496815558999913, 4.218573309000078 ], [ -77.504505988999938, 4.210638739000046 ], [ -77.54133053299995, 4.199408270000049 ], [ -77.545480923999946, 4.196356512000079 ], [ -77.549549933999913, 4.204779364000046 ], [ -77.54914303299995, 4.218654690000051 ], [ -77.544260219999899, 4.231634833000044 ], [ -77.534901495999918, 4.237372137000079 ], [ -77.521595831999946, 4.241685289000088 ], [ -77.499663865999935, 4.260972398000092 ], [ -77.487131313999953, 4.265326239000046 ], [ -77.473784959999932, 4.263739325000074 ], [ -77.44953365799995, 4.258286851000094 ], [ -77.435617641999897, 4.258490302000041 ], [ -77.440297003999945, 4.266546942000048 ], [ -77.455474412999934, 4.277004299000055 ], [ -77.462880011999914, 4.28579336100006 ], [ -77.428130662999934, 4.28579336100006 ], [ -77.452015753999945, 4.291693427000041 ], [ -77.449370897999927, 4.301255601000094 ], [ -77.432932094999899, 4.311835028000075 ], [ -77.415109829999949, 4.320502020000049 ], [ -77.427886522999927, 4.326157945000091 ], [ -77.435617641999897, 4.327337958000044 ], [ -77.432972785999937, 4.334418036000045 ], [ -77.428130662999934, 4.341009833000044 ], [ -77.401478644999941, 4.327337958000044 ], [ -77.386138475999928, 4.314642645000049 ], [ -77.375396287999934, 4.300441799000055 ], [ -77.367298956999946, 4.284125067000048 ], [ -77.353016730999911, 4.265326239000046 ] ] ], [ [ [ -81.711496548999946, 12.522935289000088 ], [ -81.719797329999949, 12.543158270000049 ], [ -81.716949022999927, 12.56321849200009 ], [ -81.706369594999899, 12.580308335000041 ], [ -81.691029425999943, 12.59125397300005 ], [ -81.686390753999945, 12.580064195000091 ], [ -81.704741990999935, 12.504461981000077 ], [ -81.717396613999938, 12.502427476000037 ], [ -81.723703579999949, 12.511542059000078 ], [ -81.711496548999946, 12.522935289000088 ] ] ], [ [ [ -81.382639126999948, 13.319159247000073 ], [ -81.386138475999928, 13.341457424000055 ], [ -81.378732876999948, 13.362697658000059 ], [ -81.365345831999946, 13.373968817000048 ], [ -81.351389126999948, 13.366197007000039 ], [ -81.346302863999938, 13.348700262000079 ], [ -81.352162238999938, 13.334173895000049 ], [ -81.365345831999946, 13.323879299000055 ], [ -81.382639126999948, 13.319159247000073 ] ] ], [ [ [ -81.611724412999934, 3.958970445000091 ], [ -81.616322394999941, 3.963812567000048 ], [ -81.614654100999928, 3.969183661000045 ], [ -81.609852667999917, 3.97492096600007 ], [ -81.604115363999938, 3.97687409100007 ], [ -81.602406378999945, 3.979559637000079 ], [ -81.601429816999939, 3.988348700000074 ], [ -81.596180792999917, 3.991197007000039 ], [ -81.590565558999913, 3.990464585000041 ], [ -81.585194464999915, 3.992377020000049 ], [ -81.58226477799991, 3.991522528000075 ], [ -81.578724738999938, 3.978176174000055 ], [ -81.584868943999936, 3.974595445000091 ], [ -81.589019334999932, 3.970282294000071 ], [ -81.594227667999917, 3.970770575000074 ], [ -81.606312628999945, 3.960191148000092 ], [ -81.611724412999934, 3.958970445000091 ] ] ], [ [ [ -78.186611575999905, 2.990372525000055 ], [ -78.172643386999937, 3.002495520000082 ], [ -78.164269952999916, 3.001595525000084 ], [ -78.16612955599993, 2.987616597000056 ], [ -78.166130854999949, 2.973648910000065 ], [ -78.16709082999995, 2.959704273000057 ], [ -78.18202567499992, 2.94293530300007 ], [ -78.193223497999952, 2.933616561000065 ], [ -78.208154962999913, 2.92988917100007 ], [ -78.220288919999916, 2.933616538000081 ], [ -78.220290219999924, 2.94386796100008 ], [ -78.204423308999935, 2.945731374000047 ], [ -78.199723623999944, 2.960621378000042 ], [ -78.195028303999948, 2.980156382000075 ], [ -78.186611575999905, 2.990372525000055 ] ] ], [ [ [ -75.586801161999915, 10.367791823000061 ], [ -75.575830134999933, 10.377872464000063 ], [ -75.568108086999928, 10.372799271000076 ], [ -75.555904298999906, 10.367757667000092 ], [ -75.537887886999897, 10.362673061000066 ], [ -75.535319918999903, 10.350646060000088 ], [ -75.546263277999913, 10.339266993000081 ], [ -75.555914949999931, 10.340542755000058 ], [ -75.567497900999911, 10.343719089000047 ], [ -75.575861486999941, 10.338658252000073 ], [ -75.578432725999903, 10.325996191000058 ], [ -75.582290111999953, 10.319033361000038 ], [ -75.590661324999928, 10.319043831000045 ], [ -75.594526428999927, 10.331077056000083 ], [ -75.595812815999921, 10.347537475000081 ], [ -75.592594506999944, 10.360198024000056 ], [ -75.586801161999915, 10.367791823000061 ] ] ], [ [ [ -80.089914516999897, 13.578355210000041 ], [ -80.089426235999952, 13.576849677000041 ], [ -80.090891079999949, 13.578029690000051 ], [ -80.089914516999897, 13.578355210000041 ] ] ] ] } },
{ "type": "Feature", "properties": { "iso": "CR", "name": "Costa Rica", "role": "centro" }, "geometry": { "type": "MultiPolygon", "coordinates": [ [ [ [ -83.696499785854115, 10.936594144736317 ], [ -83.686867076854611, 10.937970246495594 ], [ -83.681766322780319, 10.935434518184676 ], [ -83.67833546290187, 10.935952757867287 ], [ -83.672991238860462, 10.933231989430151 ], [ -83.675564383769284, 10.929409915424063 ], [ -83.675564383769284, 10.925976484931059 ], [ -83.671275808921237, 10.926494741135784 ], [ -83.666195497178151, 10.931223787193453 ], [ -83.665352396489226, 10.935318186754772 ], [ -83.660755988999938, 10.934393622000073 ], [ -83.644357876999948, 10.925930080000057 ], [ -83.624256964999915, 10.902899481000077 ], [ -83.598703579999949, 10.856594143000052 ], [ -83.580555792999917, 10.807318427000041 ], [ -83.582875128999945, 10.77570221600007 ], [ -83.597564256999931, 10.79360586100006 ], [ -83.623850063999896, 10.857611395000049 ], [ -83.606922980999911, 10.777777411000045 ], [ -83.608631964999915, 10.745510158000059 ], [ -83.637521938999896, 10.721096096000053 ], [ -83.622222459999932, 10.723863023000092 ], [ -83.611887173999946, 10.730861721000053 ], [ -83.602162238999938, 10.739569403000075 ], [ -83.589100714999915, 10.747748114000046 ], [ -83.593658006999931, 10.742661851000037 ], [ -83.594715949999909, 10.736558335000041 ], [ -83.593006964999915, 10.729315497000073 ], [ -83.589100714999915, 10.721096096000053 ], [ -83.585275844999899, 10.732855536000045 ], [ -83.581044074999909, 10.755804755000042 ], [ -83.575428839999915, 10.768255927000041 ], [ -83.526966925999943, 10.636053778000075 ], [ -83.466175910999937, 10.494533596000053 ], [ -83.394520636999914, 10.376044012000079 ], [ -83.203724738999938, 10.129339911000045 ], [ -83.188384568999936, 10.117743231000077 ], [ -83.124663865999935, 10.040594794000071 ], [ -83.085316535999937, 10.002142645000049 ], [ -83.061512824999909, 10.015326239000046 ], [ -83.052398240999935, 10.009588934000078 ], [ -83.02603105399993, 10.005031643000052 ], [ -83.020578579999949, 9.997381903000075 ], [ -83.01984615799995, 9.978705145000049 ], [ -83.016672329999949, 9.963120835000041 ], [ -83.009348110999952, 9.949286200000074 ], [ -82.99632727799991, 9.935939846000053 ], [ -82.949777798999946, 9.867580471000053 ], [ -82.934885219999899, 9.857082424000055 ], [ -82.87726803299995, 9.780096747000073 ], [ -82.833811001999948, 9.739488023000092 ], [ -82.808257615999935, 9.747219143000052 ], [ -82.802479620999918, 9.731512762000079 ], [ -82.796986456999946, 9.691229559000078 ], [ -82.78774980399993, 9.672756252000056 ], [ -82.772328253999945, 9.661037502000056 ], [ -82.705230272999927, 9.637925523000092 ], [ -82.681385870999918, 9.63548411700009 ], [ -82.657948370999918, 9.636297919000071 ], [ -82.635894334999932, 9.634507554000038 ], [ -82.616444464999915, 9.624335028000075 ], [ -82.591420050999943, 9.586981512000079 ], [ -82.573597785999937, 9.576198635000083 ], [ -82.562836873999913, 9.53869537300011 ], [ -82.570614176999925, 9.538230285000083 ], [ -82.585884562999865, 9.546240133000055 ], [ -82.601103271999904, 9.548668925000115 ], [ -82.608208781999934, 9.537868551000088 ], [ -82.612394572999875, 9.499498800000055 ], [ -82.618854125999917, 9.486708883000077 ], [ -82.632134969999925, 9.484667663000039 ], [ -82.650712646999892, 9.487845764000085 ], [ -82.668205118999936, 9.493168437000037 ], [ -82.678049479999913, 9.497767639000088 ], [ -82.688668986999915, 9.509446513000057 ], [ -82.701458903999878, 9.53355356900002 ], [ -82.711690836999963, 9.544999899000118 ], [ -82.719726521999945, 9.541330872000032 ], [ -82.729364176999951, 9.544896546000089 ], [ -82.771092895999885, 9.579855652000091 ], [ -82.829022175999938, 9.6027224730001 ], [ -82.847470662999854, 9.600655416000052 ], [ -82.866048340999896, 9.585074972000101 ], [ -82.877391316999876, 9.569184469000092 ], [ -82.879251668999899, 9.55990854900007 ], [ -82.867133544999888, 9.538643697000097 ], [ -82.860208902999915, 9.511203512000037 ], [ -82.855919758999846, 9.505441590000075 ], [ -82.849382690999875, 9.503477885000038 ], [ -82.844783488999923, 9.500687358000079 ], [ -82.846385457999958, 9.492548320000068 ], [ -82.861294108999914, 9.484099223000072 ], [ -82.914624186999902, 9.476864522000099 ], [ -82.933305216999969, 9.470327454000127 ], [ -82.941702636999935, 9.45634897900004 ], [ -82.944286458999869, 9.437151185000118 ], [ -82.939377197999931, 9.059577332000032 ], [ -82.90945654399988, 9.072005514000097 ], [ -82.900232299999885, 9.072057190000109 ], [ -82.893281819999885, 9.066941224000033 ], [ -82.88687394299987, 9.051489970000119 ], [ -82.882429769999931, 9.04534047500006 ], [ -82.876564494999855, 9.041929830000129 ], [ -82.854085246999944, 9.031982117000041 ], [ -82.80817073599988, 8.9983665970001 ], [ -82.762695475999919, 8.98299285900012 ], [ -82.749130411999914, 8.974078674000097 ], [ -82.72334387199993, 8.930928854000072 ], [ -82.719364786999847, 8.921523743000108 ], [ -82.733860025999974, 8.897985128000116 ], [ -82.763780679999911, 8.879950053000115 ], [ -82.866926839999934, 8.838066304000051 ], [ -82.8785798749999, 8.829772238000089 ], [ -82.888320882999949, 8.816930644000095 ], [ -82.883566650999853, 8.812383118000071 ], [ -82.875634318999914, 8.807525533000046 ], [ -82.875789347999842, 8.793908793000043 ], [ -82.885116943999975, 8.78318593400013 ], [ -82.914882568999957, 8.764789124000032 ], [ -82.92296992999988, 8.756159160000081 ], [ -82.924158488999893, 8.741198832000123 ], [ -82.919223388999939, 8.72706532800008 ], [ -82.910335042999918, 8.713913676000104 ], [ -82.878941609999913, 8.679057923000045 ], [ -82.862224284999854, 8.655700176000096 ], [ -82.849796102999875, 8.629861959000067 ], [ -82.841863769999918, 8.599476217000117 ], [ -82.835972656999928, 8.52976471000008 ], [ -82.838918213999932, 8.494624736000034 ], [ -82.848297485999865, 8.46516916900012 ], [ -82.870414998999877, 8.438116557000072 ], [ -82.896511596999886, 8.425352478000107 ], [ -82.924778604999858, 8.41674835200007 ], [ -82.953510701999875, 8.402098084000087 ], [ -82.997771565999898, 8.360162659000096 ], [ -83.043298502999875, 8.334737854000082 ], [ -83.052109334999869, 8.327632345000055 ], [ -83.053246216999952, 8.315100810000047 ], [ -83.044073649999859, 8.305359803000101 ], [ -83.016065023999943, 8.289004211000062 ], [ -83.010768188999918, 8.283371480000127 ], [ -83.001104695999885, 8.269237976000085 ], [ -82.995523640999892, 8.264819641000088 ], [ -82.989193277999874, 8.264457907000093 ], [ -82.977126830999879, 8.269237976000085 ], [ -82.968005940999888, 8.267971904000134 ], [ -82.95051346899993, 8.258825175000055 ], [ -82.943666341999887, 8.248567403000067 ], [ -82.939092977999849, 8.216838074000052 ], [ -82.886408854999928, 8.102193909000093 ], [ -82.891369791999892, 8.057545471000068 ], [ -82.897629258999899, 8.034748020000023 ], [ -82.911244269999941, 8.045355536000045 ], [ -82.909698045999903, 8.060614325000074 ], [ -82.902129686999899, 8.077460028000075 ], [ -82.897613084999932, 8.092800197000088 ], [ -82.900380011999914, 8.105047919000071 ], [ -82.968495245999918, 8.221218166000085 ], [ -82.992583787999934, 8.24640534100007 ], [ -83.116851365999935, 8.336127020000049 ], [ -83.150868292999917, 8.369289455000057 ], [ -83.121490037999934, 8.40493398600006 ], [ -83.116078253999945, 8.407782294000071 ], [ -83.110463019999941, 8.418036200000074 ], [ -83.099598761999914, 8.431341864000046 ], [ -83.092681443999936, 8.446682033000059 ], [ -83.099029100999928, 8.462713934000078 ], [ -83.131703253999945, 8.503200588000084 ], [ -83.137196417999917, 8.514553127000056 ], [ -83.1377253899999, 8.529323635000083 ], [ -83.130604620999918, 8.534491278000075 ], [ -83.118153449999909, 8.538153387000079 ], [ -83.102447068999936, 8.548041083000044 ], [ -83.114247199999909, 8.551784572000088 ], [ -83.143422003999945, 8.55023834800005 ], [ -83.157704230999911, 8.555487372000073 ], [ -83.165150519999941, 8.563747463000084 ], [ -83.185047980999911, 8.602687893000052 ], [ -83.181752081999946, 8.607855536000045 ], [ -83.178212042999917, 8.616970119000086 ], [ -83.171376105999911, 8.616970119000086 ], [ -83.161732550999943, 8.600734768000052 ], [ -83.158802863999938, 8.592800197000088 ], [ -83.157704230999911, 8.579413153000075 ], [ -83.153309699999909, 8.577175197000088 ], [ -83.123565232999908, 8.589016018000052 ], [ -83.123565232999908, 8.596462307000081 ], [ -83.137237107999908, 8.60219961100006 ], [ -83.151722785999937, 8.612860419000071 ], [ -83.164051886999914, 8.62563711100006 ], [ -83.171376105999911, 8.637477932000081 ], [ -83.178212042999917, 8.637477932000081 ], [ -83.18578040299991, 8.625189520000049 ], [ -83.203968878999945, 8.62445709800005 ], [ -83.224761522999927, 8.626857815000051 ], [ -83.240264451999906, 8.623806057000081 ], [ -83.247588670999903, 8.637233791000085 ], [ -83.259307420999903, 8.651312567000048 ], [ -83.273182745999918, 8.658474026000079 ], [ -83.287383592999902, 8.651068427000041 ], [ -83.319081183999913, 8.669582424000055 ], [ -83.32835852799991, 8.684597072000088 ], [ -83.322173631999931, 8.70571523600006 ], [ -83.335804816999939, 8.70571523600006 ], [ -83.331695115999935, 8.722072658000059 ], [ -83.345855272999927, 8.72992584800005 ], [ -83.366932745999918, 8.734279690000051 ], [ -83.383656378999945, 8.739813544000071 ], [ -83.389515753999945, 8.728094794000071 ], [ -83.394805467999902, 8.728949286000045 ], [ -83.4013972649999, 8.733710028000075 ], [ -83.411529100999928, 8.733669338000084 ], [ -83.416289842999902, 8.728298244000086 ], [ -83.417510545999903, 8.721258856000077 ], [ -83.421660936999899, 8.71515534100007 ], [ -83.435170050999943, 8.712551174000055 ], [ -83.468251105999911, 8.717474677000041 ], [ -83.481719529999907, 8.712591864000046 ], [ -83.486683722999942, 8.692694403000075 ], [ -83.479115363999938, 8.698431708000044 ], [ -83.473011847999942, 8.698879299000055 ], [ -83.437896287999934, 8.646429755000042 ], [ -83.433257615999935, 8.630519924000055 ], [ -83.41274980399993, 8.598456122000073 ], [ -83.404774542999917, 8.589016018000052 ], [ -83.391590949999909, 8.582302151000079 ], [ -83.354237433999913, 8.571071682000081 ], [ -83.339222785999937, 8.569159247000073 ], [ -83.325469529999907, 8.560980536000045 ], [ -83.312367316999939, 8.545070705000057 ], [ -83.299712693999936, 8.534369208000044 ], [ -83.287383592999902, 8.541815497000073 ], [ -83.286854620999918, 8.517157294000071 ], [ -83.288848436999899, 8.507025458000044 ], [ -83.294911261999914, 8.500270901000079 ], [ -83.294911261999914, 8.493434963000084 ], [ -83.279815232999908, 8.472927151000079 ], [ -83.273711717999902, 8.437933661000045 ], [ -83.276356574999909, 8.401556708000044 ], [ -83.287383592999902, 8.376735744000086 ], [ -83.309844529999907, 8.375921942000048 ], [ -83.346424933999913, 8.387600002000056 ], [ -83.380889451999906, 8.404120184000078 ], [ -83.397246873999904, 8.417669989000046 ], [ -83.391102667999917, 8.417669989000046 ], [ -83.382964647999927, 8.412502346000053 ], [ -83.36937415299991, 8.410915432000081 ], [ -83.388661261999914, 8.419501044000071 ], [ -83.396473761999914, 8.424587307000081 ], [ -83.404774542999917, 8.43195221600007 ], [ -83.404774542999917, 8.417669989000046 ], [ -83.462432420999903, 8.442694403000075 ], [ -83.482940232999908, 8.44562409100007 ], [ -83.544178839999915, 8.438259182000081 ], [ -83.561146613999938, 8.438177802000041 ], [ -83.575591600999928, 8.444973049000055 ], [ -83.5888972649999, 8.458563544000071 ], [ -83.613270636999914, 8.490016994000086 ], [ -83.7002253899999, 8.570339260000083 ], [ -83.705799933999913, 8.579413153000075 ], [ -83.710113084999932, 8.580511786000045 ], [ -83.730580206999946, 8.588812567000048 ], [ -83.736805792999917, 8.592718817000048 ], [ -83.739898240999935, 8.623806057000081 ], [ -83.709462042999917, 8.670355536000045 ], [ -83.702381964999915, 8.678412177000041 ], [ -83.686675584999932, 8.687689520000049 ], [ -83.675933397999927, 8.691799221000053 ], [ -83.671009894999941, 8.68891022300005 ], [ -83.667836066999939, 8.682928778000075 ], [ -83.660918748999904, 8.689846096000053 ], [ -83.636586066999939, 8.726752020000049 ], [ -83.630034959999932, 8.733669338000084 ], [ -83.642567511999914, 8.74953847900008 ], [ -83.627471482999908, 8.767401434000078 ], [ -83.600005662999934, 8.782049872000073 ], [ -83.575428839999915, 8.788275458000044 ], [ -83.575428839999915, 8.79446035400008 ], [ -83.597075975999928, 8.797023830000057 ], [ -83.607940232999908, 8.796047268000052 ], [ -83.615386522999927, 8.790106512000079 ], [ -83.626942511999914, 8.777736721000053 ], [ -83.638661261999914, 8.772284247000073 ], [ -83.642567511999914, 8.78188711100006 ], [ -83.637806769999941, 8.798854885000083 ], [ -83.623809373999904, 8.815578518000052 ], [ -83.599029100999928, 8.827541408000059 ], [ -83.587635870999918, 8.835353908000059 ], [ -83.582875128999945, 8.846625067000048 ], [ -83.589100714999915, 8.856756903000075 ], [ -83.602080857999908, 8.863796291000085 ], [ -83.613880988999938, 8.873236395000049 ], [ -83.616363084999932, 8.890692450000074 ], [ -83.597035285999937, 8.880886135000083 ], [ -83.587676561999899, 8.877997137000079 ], [ -83.575428839999915, 8.877630927000041 ], [ -83.581410285999937, 8.884955145000049 ], [ -83.588978644999941, 8.890529690000051 ], [ -83.603382941999939, 8.898138739000046 ], [ -83.609486456999946, 8.903143622000073 ], [ -83.612945115999935, 8.907782294000071 ], [ -83.618275519999941, 8.910956122000073 ], [ -83.630034959999932, 8.911769924000055 ], [ -83.617909308999913, 8.919012762000079 ], [ -83.619618292999917, 8.924261786000045 ], [ -83.626576300999943, 8.928249416000085 ], [ -83.630034959999932, 8.931667385000083 ], [ -83.625518357999908, 8.942653713000084 ], [ -83.620391404999907, 8.950832424000055 ], [ -83.613392706999946, 8.958075262000079 ], [ -83.603382941999939, 8.966376044000071 ], [ -83.629872199999909, 9.035345770000049 ], [ -83.634755011999914, 9.044094143000052 ], [ -83.651153123999904, 9.06195709800005 ], [ -83.657989061999899, 9.055202541000085 ], [ -83.680449998999904, 9.084133205000057 ], [ -83.700917120999918, 9.117865302000041 ], [ -83.72720292899993, 9.144313869000086 ], [ -83.767201300999943, 9.151393947000088 ], [ -83.764881964999915, 9.17719147300005 ], [ -83.786895311999899, 9.199245510000083 ], [ -83.817128058999913, 9.214504299000055 ], [ -83.839507615999935, 9.220282294000071 ], [ -83.918080206999946, 9.294745184000078 ], [ -83.995106574999909, 9.330226955000057 ], [ -84.007435675999943, 9.339748440000051 ], [ -84.103627081999946, 9.37726471600007 ], [ -84.109852667999917, 9.37726471600007 ], [ -84.116322394999941, 9.37258535400008 ], [ -84.121937628999945, 9.372626044000071 ], [ -84.126616990999935, 9.376898505000042 ], [ -84.130360480999911, 9.384711005000042 ], [ -84.144073045999903, 9.378851630000042 ], [ -84.152251756999931, 9.385321356000077 ], [ -84.161529100999928, 9.394720770000049 ], [ -84.178700324999909, 9.397772528000075 ], [ -84.167958136999914, 9.416205145000049 ], [ -84.182240363999938, 9.442206122000073 ], [ -84.208363410999937, 9.464992580000057 ], [ -84.233387824999909, 9.473456122000073 ], [ -84.233387824999909, 9.466701565000051 ], [ -84.224598761999914, 9.464992580000057 ], [ -84.218658006999931, 9.462551174000055 ], [ -84.205433722999942, 9.453029690000051 ], [ -84.231434699999909, 9.457546291000085 ], [ -84.272694464999915, 9.481594143000052 ], [ -84.298858201999906, 9.487127997000073 ], [ -84.324208136999914, 9.489081122000073 ], [ -84.457915818999936, 9.52602773600006 ], [ -84.483509894999941, 9.528102932000081 ], [ -84.495472785999937, 9.52602773600006 ], [ -84.508290167999917, 9.521999416000085 ], [ -84.521595831999946, 9.519313869000086 ], [ -84.535023566999939, 9.521307684000078 ], [ -84.546742316999939, 9.531073309000078 ], [ -84.550689256999931, 9.542873440000051 ], [ -84.555409308999913, 9.552394924000055 ], [ -84.569121873999904, 9.555446682000081 ], [ -84.56509355399993, 9.548407294000071 ], [ -84.562977667999917, 9.541164455000057 ], [ -84.579497850999928, 9.554348049000055 ], [ -84.616566535999937, 9.578070380000042 ], [ -84.623768683999913, 9.592962958000044 ], [ -84.627308722999942, 9.606716213000084 ], [ -84.636097785999937, 9.613348700000074 ], [ -84.647206183999913, 9.617702541000085 ], [ -84.657948370999918, 9.624335028000075 ], [ -84.661366339999915, 9.634466864000046 ], [ -84.659942186999899, 9.644924221000053 ], [ -84.662709113999938, 9.651678778000075 ], [ -84.67837480399993, 9.65102773600006 ], [ -84.674427863999938, 9.662380276000079 ], [ -84.675526495999918, 9.67328522300005 ], [ -84.678089972999942, 9.683539130000042 ], [ -84.67837480399993, 9.692572333000044 ], [ -84.672474738999938, 9.703802802000041 ], [ -84.655262824999909, 9.720770575000074 ], [ -84.648467576999906, 9.737697658000059 ], [ -84.641468878999945, 9.746120510000083 ], [ -84.634429490999935, 9.757025458000044 ], [ -84.631214972999942, 9.771429755000042 ], [ -84.634551561999899, 9.783392645000049 ], [ -84.642364061999899, 9.793768622000073 ], [ -84.657948370999918, 9.809271552000041 ], [ -84.698394334999932, 9.868841864000046 ], [ -84.709706183999913, 9.87759023600006 ], [ -84.725941535999937, 9.884466864000046 ], [ -84.723784959999932, 9.899603583000044 ], [ -84.709706183999913, 9.922552802000041 ], [ -84.734283006999931, 9.942572333000044 ], [ -84.738799607999908, 9.952297268000052 ], [ -84.733631964999915, 9.966945705000057 ], [ -84.762318488999938, 9.975653387000079 ], [ -84.850941535999937, 9.966945705000057 ], [ -84.850941535999937, 9.974391994000086 ], [ -84.838653123999904, 9.97915273600006 ], [ -84.82290605399993, 9.980861721000053 ], [ -84.788238084999932, 9.980617580000057 ], [ -84.788238084999932, 9.987453518000052 ], [ -84.820098436999899, 9.988959052000041 ], [ -84.848540818999936, 9.993963934000078 ], [ -84.874256964999915, 10.002630927000041 ], [ -84.898101365999935, 10.015326239000046 ], [ -84.928252732999908, 10.040106512000079 ], [ -84.932850714999915, 10.045477606000077 ], [ -84.939320441999939, 10.046942450000074 ], [ -84.952015753999945, 10.055446682000081 ], [ -84.960967576999906, 10.064886786000045 ], [ -84.956166144999941, 10.069362697000088 ], [ -84.97288977799991, 10.077948309000078 ], [ -85.01390540299991, 10.115993557000081 ], [ -85.035755988999938, 10.126735744000086 ], [ -85.046050584999932, 10.136135158000059 ], [ -85.052357550999943, 10.138251044000071 ], [ -85.057362433999913, 10.136013088000084 ], [ -85.061675584999932, 10.13226959800005 ], [ -85.067372199999909, 10.131415106000077 ], [ -85.076201951999906, 10.138251044000071 ], [ -85.070301886999914, 10.148871161000045 ], [ -85.068348761999914, 10.155666408000059 ], [ -85.076771613999938, 10.160589911000045 ], [ -85.089873826999906, 10.172390041000085 ], [ -85.107899542999917, 10.166571356000077 ], [ -85.175567186999899, 10.16555410400008 ], [ -85.193470831999946, 10.170111395000049 ], [ -85.209462042999917, 10.18117910400008 ], [ -85.234527147999927, 10.207098700000074 ], [ -85.234527147999927, 10.213324286000045 ], [ -85.228789842999902, 10.231594143000052 ], [ -85.246245897999927, 10.252630927000041 ], [ -85.289173956999946, 10.282253322000088 ], [ -85.283070441999939, 10.26203034100007 ], [ -85.254180467999902, 10.241156317000048 ], [ -85.247547980999911, 10.216742255000042 ], [ -85.244903123999904, 10.170355536000045 ], [ -85.238880988999938, 10.143133856000077 ], [ -85.227080857999908, 10.124579169000071 ], [ -85.240101691999939, 10.116278387000079 ], [ -85.238270636999914, 10.102443752000056 ], [ -85.226470506999931, 10.08938222900008 ], [ -85.195912238999938, 10.07876211100006 ], [ -85.185047980999911, 10.067084052000041 ], [ -85.171864386999914, 10.042059637000079 ], [ -85.165638800999943, 10.042059637000079 ], [ -85.157582160999937, 10.045355536000045 ], [ -85.154082811999899, 10.042669989000046 ], [ -85.15257727799991, 10.035834052000041 ], [ -85.161284959999932, 10.035183010000083 ], [ -85.170277472999942, 10.036322333000044 ], [ -85.178822394999941, 10.038845119000086 ], [ -85.186146613999938, 10.042059637000079 ], [ -85.186146613999938, 10.035834052000041 ], [ -85.144520636999914, 9.999335028000075 ], [ -85.083851691999939, 9.97492096600007 ], [ -85.076201951999906, 9.970648505000042 ], [ -85.069081183999913, 9.973415432000081 ], [ -85.053130662999934, 9.966945705000057 ], [ -85.014515753999945, 9.944973049000055 ], [ -84.996693488999938, 9.939276434000078 ], [ -84.9775691399999, 9.938788153000075 ], [ -84.959584113999938, 9.946478583000044 ], [ -84.947783982999908, 9.937160549000055 ], [ -84.922596808999913, 9.921454169000071 ], [ -84.911122199999909, 9.911688544000071 ], [ -84.911122199999909, 9.905462958000044 ], [ -84.931060350999928, 9.90070221600007 ], [ -84.930165167999917, 9.886297919000071 ], [ -84.918080206999946, 9.869533596000053 ], [ -84.90493730399993, 9.857082424000055 ], [ -84.913075324999909, 9.854315497000073 ], [ -84.920765753999945, 9.848944403000075 ], [ -84.932850714999915, 9.836615302000041 ], [ -84.918080206999946, 9.830023505000042 ], [ -84.90062415299991, 9.828070380000042 ], [ -84.864613410999937, 9.829169012000079 ], [ -84.864613410999937, 9.822943427000041 ], [ -84.878692186999899, 9.813544012000079 ], [ -84.896595831999946, 9.80609772300005 ], [ -84.912017381999931, 9.795843817000048 ], [ -84.91860917899993, 9.778265692000048 ], [ -84.922352667999917, 9.774196682000081 ], [ -84.945912238999938, 9.760891018000052 ], [ -84.950347459999932, 9.753566799000055 ], [ -84.955474412999934, 9.735134182000081 ], [ -84.959584113999938, 9.727362372000073 ], [ -84.990956183999913, 9.742743231000077 ], [ -85.007598436999899, 9.744086005000042 ], [ -85.014800584999932, 9.73078034100007 ], [ -85.010365363999938, 9.722601630000042 ], [ -84.994984503999945, 9.703273830000057 ], [ -84.997425910999937, 9.699408270000049 ], [ -85.029815232999908, 9.683742580000057 ], [ -85.035267706999946, 9.682399807000081 ], [ -85.038929816999939, 9.67727285400008 ], [ -85.062611456999946, 9.665309963000084 ], [ -85.067494269999941, 9.657375393000052 ], [ -85.089344855999911, 9.588568427000041 ], [ -85.098500128999945, 9.571071682000081 ], [ -85.110463019999941, 9.555446682000081 ], [ -85.11782792899993, 9.555446682000081 ], [ -85.145782029999907, 9.612616278000075 ], [ -85.229115363999938, 9.724391994000086 ], [ -85.234527147999927, 9.737331447000088 ], [ -85.238636847999942, 9.742010809000078 ], [ -85.247914191999939, 9.747748114000046 ], [ -85.272979295999903, 9.758002020000049 ], [ -85.275054490999935, 9.76593659100007 ], [ -85.274688279999907, 9.775051174000055 ], [ -85.275502081999946, 9.782009182000081 ], [ -85.299305792999917, 9.808010158000059 ], [ -85.332427537999934, 9.826605536000045 ], [ -85.439971482999908, 9.864528713000084 ], [ -85.449574347999942, 9.862494208000044 ], [ -85.4638972649999, 9.852606512000079 ], [ -85.470366990999935, 9.85024648600006 ], [ -85.480010545999903, 9.852484442000048 ], [ -85.493560350999928, 9.862250067000048 ], [ -85.50454667899993, 9.864528713000084 ], [ -85.510975714999915, 9.865057684000078 ], [ -85.518177863999938, 9.874172268000052 ], [ -85.525176561999899, 9.877386786000045 ], [ -85.530995245999918, 9.875881252000056 ], [ -85.535552537999934, 9.870754299000055 ], [ -85.592071092999902, 9.888739325000074 ], [ -85.619130011999914, 9.89288971600007 ], [ -85.625518357999908, 9.89679596600007 ], [ -85.630604620999918, 9.901556708000044 ], [ -85.638579881999931, 9.905462958000044 ], [ -85.649810350999928, 9.904974677000041 ], [ -85.657215949999909, 9.900539455000057 ], [ -85.663807745999918, 9.900091864000046 ], [ -85.672718878999945, 9.911688544000071 ], [ -85.665557420999903, 9.93032461100006 ], [ -85.676136847999942, 9.955511786000045 ], [ -85.778553839999915, 10.079901434000078 ], [ -85.784657355999911, 10.090887762000079 ], [ -85.792713995999918, 10.11782461100006 ], [ -85.805043097999942, 10.136664130000042 ], [ -85.844024217999902, 10.231024481000077 ], [ -85.847564256999931, 10.259344794000071 ], [ -85.851836717999902, 10.276556708000044 ], [ -85.857696092999902, 10.289089260000083 ], [ -85.843902147999927, 10.302435614000046 ], [ -85.838164842999902, 10.31203847900008 ], [ -85.840321417999917, 10.320135809000078 ], [ -85.861602342999902, 10.346991278000075 ], [ -85.874989386999914, 10.355047919000071 ], [ -85.867583787999934, 10.364894924000055 ], [ -85.85024980399993, 10.378485419000071 ], [ -85.83853105399993, 10.395453192000048 ], [ -85.830352342999902, 10.412014065000051 ], [ -85.813262498999904, 10.405300197000088 ], [ -85.803985154999907, 10.415920315000051 ], [ -85.796742316999939, 10.431423244000086 ], [ -85.775502081999946, 10.447292385000083 ], [ -85.783721482999908, 10.465236721000053 ], [ -85.798817511999914, 10.483954169000071 ], [ -85.80923417899993, 10.494533596000053 ], [ -85.800282355999911, 10.500270901000079 ], [ -85.795643683999913, 10.501369533000059 ], [ -85.795643683999913, 10.508205471000053 ], [ -85.80923417899993, 10.508205471000053 ], [ -85.80923417899993, 10.515041408000059 ], [ -85.797840949999909, 10.517157294000071 ], [ -85.790516730999911, 10.524115302000041 ], [ -85.781971808999913, 10.542995510000083 ], [ -85.775135870999918, 10.542995510000083 ], [ -85.761219855999911, 10.531805731000077 ], [ -85.741607225999928, 10.539821682000081 ], [ -85.721587693999936, 10.550930080000057 ], [ -85.706288214999915, 10.54913971600007 ], [ -85.700062628999945, 10.54913971600007 ], [ -85.70140540299991, 10.562282619000086 ], [ -85.697987433999913, 10.568630276000079 ], [ -85.687001105999911, 10.57648346600007 ], [ -85.677845831999946, 10.59210846600007 ], [ -85.661854620999918, 10.590114651000079 ], [ -85.631743943999936, 10.621161200000074 ], [ -85.634022589999915, 10.629461981000077 ], [ -85.63931230399993, 10.635809637000079 ], [ -85.652251756999931, 10.644720770000049 ], [ -85.693226691999939, 10.603786526000079 ], [ -85.695179816999939, 10.61163971600007 ], [ -85.700062628999945, 10.611232815000051 ], [ -85.700062628999945, 10.617458401000079 ], [ -85.688465949999909, 10.629950262000079 ], [ -85.681385870999918, 10.635199286000045 ], [ -85.672718878999945, 10.637884833000044 ], [ -85.679554816999939, 10.644720770000049 ], [ -85.687001105999911, 10.637884833000044 ], [ -85.683990037999934, 10.64907461100006 ], [ -85.672718878999945, 10.652167059000078 ], [ -85.672718878999945, 10.658392645000049 ], [ -85.679554816999939, 10.658392645000049 ], [ -85.679554816999939, 10.665838934000078 ], [ -85.662871873999904, 10.678981838000084 ], [ -85.659575975999928, 10.712958075000074 ], [ -85.665272589999915, 10.77883535400008 ], [ -85.680287238999938, 10.79633209800005 ], [ -85.713368292999917, 10.81085846600007 ], [ -85.746490037999934, 10.816188869000086 ], [ -85.761504686999899, 10.80609772300005 ], [ -85.767486131999931, 10.80609772300005 ], [ -85.795074022999927, 10.828640041000085 ], [ -85.803089972999942, 10.837184963000084 ], [ -85.798329230999911, 10.835638739000046 ], [ -85.792388475999928, 10.838324286000045 ], [ -85.789906378999945, 10.843898830000057 ], [ -85.795643683999913, 10.850856838000084 ], [ -85.80296790299991, 10.852484442000048 ], [ -85.822295701999906, 10.850612697000088 ], [ -85.830352342999902, 10.850856838000084 ], [ -85.859771287999934, 10.861761786000045 ], [ -85.882923956999946, 10.875148830000057 ], [ -85.908802863999938, 10.886419989000046 ], [ -85.946441209999932, 10.891140041000085 ], [ -85.946441209999932, 10.898586330000057 ], [ -85.923817511999914, 10.904201565000051 ], [ -85.88149980399993, 10.923163153000075 ], [ -85.857696092999902, 10.925930080000057 ], [ -85.864491339999915, 10.93585846600007 ], [ -85.869130011999914, 10.93813711100006 ], [ -85.878163214999915, 10.939601955000057 ], [ -85.878163214999915, 10.946356512000079 ], [ -85.828724738999938, 10.949286200000074 ], [ -85.816151495999918, 10.946356512000079 ], [ -85.810902472999942, 10.938666083000044 ], [ -85.812163865999935, 10.929714260000083 ], [ -85.814605272999927, 10.922267971000053 ], [ -85.812652147999927, 10.919094143000052 ], [ -85.808501756999931, 10.917181708000044 ], [ -85.795643683999913, 10.905462958000044 ], [ -85.789418097999942, 10.905462958000044 ], [ -85.781971808999913, 10.912868557000081 ], [ -85.781971808999913, 10.919094143000052 ], [ -85.793365037999934, 10.930243231000077 ], [ -85.782460089999915, 10.937445380000042 ], [ -85.761138475999928, 10.940578518000052 ], [ -85.740996873999904, 10.939601955000057 ], [ -85.734160936999899, 10.936428127000056 ], [ -85.725209113999938, 10.927679755000042 ], [ -85.717071092999902, 10.925930080000057 ], [ -85.710560675999943, 10.928290106000077 ], [ -85.707793748999904, 10.934027411000045 ], [ -85.708892381999931, 10.940822658000059 ], [ -85.713734503999945, 10.946356512000079 ], [ -85.713734503999945, 10.953802802000041 ], [ -85.698882615999935, 10.959255276000079 ], [ -85.694691535999937, 10.97024160400008 ], [ -85.698150193999936, 10.983221747000073 ], [ -85.706288214999915, 10.994818427000041 ], [ -85.71353105399993, 11.000026760000083 ], [ -85.730376756999931, 11.006903387000079 ], [ -85.737578904999907, 11.011867580000057 ], [ -85.746001756999931, 11.020656643000052 ], [ -85.746001756999931, 11.023016669000071 ], [ -85.740956183999913, 11.02407461100006 ], [ -85.734160936999899, 11.028957424000055 ], [ -85.718861456999946, 11.042914130000042 ], [ -85.7099910149999, 11.038112697000088 ], [ -85.699615037999934, 11.028631903000075 ], [ -85.679554816999939, 11.028957424000055 ], [ -85.667510545999903, 11.039862372000073 ], [ -85.670196092999902, 11.054388739000046 ], [ -85.681019660999937, 11.068386135000083 ], [ -85.693226691999939, 11.077337958000044 ], [ -85.701735565999883, 11.080880181000097 ], [ -85.677582153999907, 11.119632467000059 ], [ -85.659314534999851, 11.158829041000018 ], [ -85.631150879999893, 11.196216939000067 ], [ -85.597793741999936, 11.209937032000099 ], [ -85.569164998999952, 11.195390117000045 ], [ -85.540949666999978, 11.17032704600004 ], [ -85.508626058999909, 11.152421163000071 ], [ -85.407417765999895, 11.115446676000118 ], [ -85.272361409999917, 11.066199036000043 ], [ -85.092837483999915, 11.000647482000119 ], [ -84.931400309999873, 10.941891378000065 ], [ -84.908404296999919, 10.939359233000076 ], [ -84.884969034999955, 10.947679138000041 ], [ -84.707770548999918, 11.063046774000085 ], [ -84.676454630999899, 11.070410665000082 ], [ -84.658729614999885, 11.062736715000099 ], [ -84.620669921999934, 11.035761617000077 ], [ -84.603229125999889, 11.033281149000089 ], [ -84.581680053999946, 11.034469706000024 ], [ -84.558606526999966, 11.027209168000056 ], [ -84.508738769999923, 11.005530904000054 ], [ -84.498170939999852, 11.001991069000098 ], [ -84.489127563999887, 10.996358337000061 ], [ -84.46638993399992, 10.968453064000087 ], [ -84.457837483999896, 10.961347555000145 ], [ -84.448871623999963, 10.956334941000094 ], [ -84.438200439999946, 10.952200826000066 ], [ -84.427245035999874, 10.951115621000071 ], [ -84.417762410999899, 10.955043030000041 ], [ -84.363967244999884, 10.989614563000131 ], [ -84.355466471999875, 10.994627177000098 ], [ -84.3459838469999, 10.989898784000019 ], [ -84.343658406999879, 10.982379863000062 ], [ -84.343865112999936, 10.972277121000033 ], [ -84.341798055999874, 10.959900615000066 ], [ -84.337405558999876, 10.952665914000093 ], [ -84.324098876999955, 10.936181132000115 ], [ -84.321308349999896, 10.9291531370001 ], [ -84.310740519999939, 10.919412130000055 ], [ -84.264283406999908, 10.901816305000082 ], [ -84.253663900999925, 10.89471079600014 ], [ -84.244723877999888, 10.88491811100009 ], [ -84.225655273999905, 10.875306295000073 ], [ -84.208369506999901, 10.860966085000072 ], [ -84.204648803999902, 10.836988220000066 ], [ -84.218523925999875, 10.829831035000026 ], [ -84.222658040999903, 10.827040507000063 ], [ -84.227102213999899, 10.819314881000068 ], [ -84.225241862999894, 10.81368214900003 ], [ -84.218885660999973, 10.80595652300012 ], [ -84.19687150099989, 10.788515727000089 ], [ -84.19160050499994, 10.781720276000044 ], [ -84.180412557999915, 10.789755961000125 ], [ -84.164832112999875, 10.789445903000043 ], [ -84.149019124999882, 10.787172140000038 ], [ -84.137004354999931, 10.789161682000071 ], [ -84.118426676999974, 10.771229960000099 ], [ -84.106928670999935, 10.766914978000031 ], [ -84.095430663999934, 10.775519104000068 ], [ -84.088557698999864, 10.775519104000068 ], [ -84.076439574999966, 10.763814393000075 ], [ -84.051634887999938, 10.779549866000053 ], [ -84.034555826999878, 10.775519104000068 ], [ -84.022696085999968, 10.78722381700004 ], [ -84.00923437599991, 10.789445903000043 ], [ -83.998201456999908, 10.782056173000043 ], [ -83.99362809299987, 10.765002950000095 ], [ -83.933321695999979, 10.718054911000053 ], [ -83.92657792199995, 10.714902649000095 ], [ -83.917276163999929, 10.7134815470001 ], [ -83.907483479999968, 10.715367737000108 ], [ -83.893556681999968, 10.724927877000113 ], [ -83.886864583999852, 10.72714996400012 ], [ -83.859527750999916, 10.721775615000055 ], [ -83.855807047999917, 10.723997701000059 ], [ -83.835343180999956, 10.747613831000081 ], [ -83.768964802999932, 10.772470195000039 ], [ -83.698142252999872, 10.789161682000071 ], [ -83.66302811699984, 10.807015889000112 ], [ -83.660134236999852, 10.834171855000093 ], [ -83.669306803999945, 10.869751078000064 ], [ -83.669854510493167, 10.891717678072528 ], [ -83.679831847356198, 10.897010590307339 ], [ -83.676850114500567, 10.910298763549688 ], [ -83.678799709060002, 10.916154380185779 ], [ -83.680976324785831, 10.917119398852687 ], [ -83.688754410845718, 10.93458680566807 ], [ -83.696499785854115, 10.936594144736317 ] ] ], [ [ [ -85.131337042999917, 10.098700262000079 ], [ -85.121571417999917, 10.096380927000041 ], [ -85.116037563999896, 10.091701565000051 ], [ -85.107899542999917, 10.089544989000046 ], [ -85.097320115999935, 10.089829820000091 ], [ -85.097320115999935, 10.083644924000055 ], [ -85.109486456999946, 10.079291083000044 ], [ -85.124826626999948, 10.07562897300005 ], [ -85.141835089999915, 10.074164130000042 ], [ -85.158802863999938, 10.076157945000091 ], [ -85.176136847999942, 10.083238023000092 ], [ -85.185292120999918, 10.09243398600006 ], [ -85.199126756999931, 10.117743231000077 ], [ -85.180287238999938, 10.124009507000039 ], [ -85.171864386999914, 10.124579169000071 ], [ -85.139963344999899, 10.119208075000074 ], [ -85.110463019999941, 10.110296942000048 ], [ -85.110463019999941, 10.103461005000042 ], [ -85.145130988999938, 10.103461005000042 ], [ -85.135650193999936, 10.098456122000073 ], [ -85.131337042999917, 10.098700262000079 ] ] ], [ [ [ -87.099029100999928, 5.516017971000053 ], [ -87.117665167999917, 5.51508209800005 ], [ -87.104603644999941, 5.53742096600007 ], [ -87.092518683999913, 5.546698309000078 ], [ -87.078521287999934, 5.555080471000053 ], [ -87.064605272999927, 5.557847398000092 ], [ -87.064605272999927, 5.54759349200009 ], [ -87.065541144999941, 5.53461334800005 ], [ -87.078521287999934, 5.520656643000052 ], [ -87.099029100999928, 5.516017971000053 ] ] ], [ [ [ -83.896617592999917, 8.706491863000053 ], [ -83.883463738999922, 8.712992682000049 ], [ -83.869114045999936, 8.713587405000055 ], [ -83.870305238999947, 8.701776235000068 ], [ -83.878076405999934, 8.698821179000049 ], [ -83.890634796999905, 8.701178567000056 ], [ -83.896617592999917, 8.706491863000053 ] ] ] ] } },
{ "type": "Feature", "properties": { "iso": "CU", "name": "Cuba", "role": "contexto" }, "geometry": { "type": "MultiPolygon", "coordinates": [ [ [ [ -75.095005810746201, 19.897225962598796 ], [ -75.09495029099989, 19.97158369 ], [ -75.137035780433081, 19.971550610171906 ], [ -75.135159714999929, 19.976278928000056 ], [ -75.129750128999945, 19.981146552000041 ], [ -75.115052261999949, 19.990617325000073 ], [ -75.102076925999938, 19.99290049800004 ], [ -75.090132651999909, 20.014136874000087 ], [ -75.084857109999916, 20.025895131000084 ], [ -75.090809699999909, 20.03546784100007 ], [ -75.09243730399993, 20.061224677000041 ], [ -75.112791213999913, 20.057484937000083 ], [ -75.122380731999897, 20.043912247000037 ], [ -75.135794742999906, 20.021295780000059 ], [ -75.154332992999912, 20.031165777000069 ], [ -75.169425450999938, 20.025576828000055 ], [ -75.175445115999935, 20.013739325000074 ], [ -75.177357550999943, 20.003973700000074 ], [ -75.17406165299991, 19.993475653000075 ], [ -75.162111921999951, 19.990411082000037 ], [ -75.158070441999939, 19.991359768000052 ], [ -75.153309699999909, 19.999172268000052 ], [ -75.146996645999934, 19.984277612000085 ], [ -75.15912652399993, 19.97776874200008 ], [ -75.160192443999904, 19.970647995000036 ], [ -75.178862062999883, 19.970731793000041 ], [ -75.22896927899987, 19.937440491000118 ], [ -75.232858852999925, 19.900051174000055 ], [ -75.284657355999911, 19.888251044000071 ], [ -75.383290167999917, 19.882473049000055 ], [ -75.394276495999918, 19.883490302000041 ], [ -75.427601691999939, 19.890692450000074 ], [ -75.437489386999914, 19.895656643000052 ], [ -75.444406704999949, 19.896714585000041 ], [ -75.447336391999897, 19.894761460000041 ], [ -75.455637173999946, 19.88548411700009 ], [ -75.461822068999936, 19.882473049000055 ], [ -75.488880988999938, 19.879095770000049 ], [ -75.520904100999928, 19.87962474200009 ], [ -75.550852016999897, 19.885158596000053 ], [ -75.571644660999937, 19.896714585000041 ], [ -75.604725714999915, 19.89203522300005 ], [ -75.645619269999941, 19.912583726000037 ], [ -75.687001105999911, 19.940375067000048 ], [ -75.721831834999932, 19.957505601000037 ], [ -75.743723110999952, 19.959865627000056 ], [ -75.815297003999945, 19.957505601000037 ], [ -75.834339972999942, 19.959784247000073 ], [ -75.87336178299995, 19.969549872000073 ], [ -75.893788214999915, 19.971828518000052 ], [ -75.932118292999917, 19.967678127000056 ], [ -75.952219204999949, 19.962225653000075 ], [ -75.96548417899993, 19.954413153000075 ], [ -75.980091925999943, 19.952378648000035 ], [ -76.112049933999913, 19.982489325000074 ], [ -76.202259894999941, 19.992336330000057 ], [ -76.248158331999946, 19.990627346000053 ], [ -76.327992316999939, 19.97016022300005 ], [ -76.366118943999936, 19.964992580000057 ], [ -76.438710089999915, 19.964992580000057 ], [ -76.460275844999899, 19.962103583000044 ], [ -76.50226803299995, 19.948391018000052 ], [ -76.524403449999909, 19.943915106000077 ], [ -76.651600714999915, 19.951117255000042 ], [ -76.781076626999948, 19.940741278000075 ], [ -76.801747199999909, 19.930731512000079 ], [ -76.823597785999937, 19.931586005000042 ], [ -76.845611131999931, 19.93626536700009 ], [ -76.866444464999915, 19.937689520000049 ], [ -76.881825324999909, 19.931382554000038 ], [ -76.914133266999897, 19.906642971000053 ], [ -76.935292120999918, 19.896714585000041 ], [ -76.958892381999931, 19.891058661000045 ], [ -77.088042772999927, 19.885443427000041 ], [ -77.113433397999927, 19.88930898600006 ], [ -77.163400844999899, 19.908107815000051 ], [ -77.188954230999911, 19.912583726000037 ], [ -77.202788865999935, 19.902899481000077 ], [ -77.20962480399993, 19.902899481000077 ], [ -77.21711178299995, 19.90961334800005 ], [ -77.227284308999913, 19.911078192000048 ], [ -77.237172003999945, 19.90688711100006 ], [ -77.243763800999943, 19.896714585000041 ], [ -77.269154425999943, 19.904527085000041 ], [ -77.298247850999928, 19.906683661000045 ], [ -77.324086066999939, 19.900295315000051 ], [ -77.339995897999927, 19.882473049000055 ], [ -77.31273352799991, 19.882473049000055 ], [ -77.31273352799991, 19.87563711100006 ], [ -77.330474412999934, 19.874823309000078 ], [ -77.358509894999941, 19.864488023000035 ], [ -77.37726803299995, 19.86196523600006 ], [ -77.469960089999915, 19.859564520000049 ], [ -77.533355272999927, 19.844916083000044 ], [ -77.569325324999909, 19.841498114000046 ], [ -77.611480272999927, 19.844631252000056 ], [ -77.673247850999928, 19.828924872000073 ], [ -77.692534959999932, 19.827826239000046 ], [ -77.706044074999909, 19.830023505000042 ], [ -77.719553188999953, 19.835882880000042 ], [ -77.730580206999946, 19.844794012000079 ], [ -77.737212693999936, 19.855698960000041 ], [ -77.735991990999935, 19.874172268000052 ], [ -77.717355923999946, 19.907212632000039 ], [ -77.716175910999937, 19.916571356000077 ], [ -77.708811001999948, 19.91868724200009 ], [ -77.696115688999953, 19.919989325000074 ], [ -77.688832160999937, 19.923407294000071 ], [ -77.682118292999917, 19.929592190000051 ], [ -77.675282355999911, 19.939886786000045 ], [ -77.668324347999942, 19.943915106000077 ], [ -77.671376105999911, 19.954779364000046 ], [ -77.666737433999913, 19.962469794000071 ], [ -77.647857225999928, 19.978664455000057 ], [ -77.625559048999946, 20.007798570000091 ], [ -77.620432094999899, 20.020331122000073 ], [ -77.572743292999917, 20.061102606000077 ], [ -77.574696417999917, 20.069810289000088 ], [ -77.58812415299991, 20.082464911000045 ], [ -77.586415167999917, 20.08852773600006 ], [ -77.577381964999915, 20.087958075000074 ], [ -77.55101477799991, 20.079779364000046 ], [ -77.541086391999897, 20.088771877000056 ], [ -77.521880662999934, 20.094549872000073 ], [ -77.517486131999931, 20.098456122000073 ], [ -77.514719204999949, 20.104437567000048 ], [ -77.496978318999936, 20.129461981000077 ], [ -77.479562954999949, 20.140855210000041 ], [ -77.436634894999941, 20.16242096600007 ], [ -77.42023678299995, 20.185044664000088 ], [ -77.401356574999909, 20.198065497000073 ], [ -77.300648566999939, 20.242743231000077 ], [ -77.281361456999946, 20.24555084800005 ], [ -77.266468878999945, 20.253241278000075 ], [ -77.250721808999913, 20.289292710000041 ], [ -77.236317511999914, 20.300767320000091 ], [ -77.22329667899993, 20.300767320000091 ], [ -77.228993292999917, 20.289129950000074 ], [ -77.22297115799995, 20.283392645000049 ], [ -77.210072394999941, 20.282863674000055 ], [ -77.195423956999946, 20.286525783000059 ], [ -77.181752081999946, 20.294867255000042 ], [ -77.171213344999899, 20.30727773600006 ], [ -77.16429602799991, 20.322170315000051 ], [ -77.161854620999918, 20.338324286000045 ], [ -77.15453040299991, 20.34406159100007 ], [ -77.113433397999927, 20.368475653000075 ], [ -77.110259568999936, 20.416408596000053 ], [ -77.103505011999914, 20.423651434000078 ], [ -77.095814581999946, 20.430161851000037 ], [ -77.082427537999934, 20.465277411000045 ], [ -77.113433397999927, 20.51243724200009 ], [ -77.123199022999927, 20.52094147300005 ], [ -77.150135870999918, 20.537909247000073 ], [ -77.185943162999934, 20.550930080000057 ], [ -77.195668097999942, 20.552150783000059 ], [ -77.189198370999918, 20.540961005000042 ], [ -77.195423956999946, 20.534125067000048 ], [ -77.214019334999932, 20.546210028000075 ], [ -77.229481574999909, 20.552923895000049 ], [ -77.239898240999935, 20.563055731000077 ], [ -77.243763800999943, 20.585353908000059 ], [ -77.240386522999927, 20.59210846600007 ], [ -77.232492641999897, 20.59601471600007 ], [ -77.223378058999913, 20.598822333000044 ], [ -77.216460740999935, 20.602443752000056 ], [ -77.195423956999946, 20.629787502000056 ], [ -77.195423956999946, 20.636542059000078 ], [ -77.231678839999915, 20.658270575000074 ], [ -77.251047329999949, 20.662095445000091 ], [ -77.25804602799991, 20.643377997000073 ], [ -77.278187628999945, 20.662054755000042 ], [ -77.29515540299991, 20.687079169000071 ], [ -77.314849412999934, 20.709051825000074 ], [ -77.343129035999937, 20.718491929000038 ], [ -77.37173417899993, 20.716131903000075 ], [ -77.403187628999945, 20.709173895000049 ], [ -77.429351365999935, 20.698431708000044 ], [ -77.442372199999909, 20.684393622000073 ], [ -77.451893683999913, 20.690008856000077 ], [ -77.45767167899993, 20.689886786000045 ], [ -77.469715949999909, 20.684393622000073 ], [ -77.480295376999948, 20.681789455000057 ], [ -77.493397589999915, 20.677476304000038 ], [ -77.504505988999938, 20.677557684000078 ], [ -77.521962042999917, 20.68032461100006 ], [ -77.572743292999917, 20.69798411700009 ], [ -77.61164303299995, 20.67845286700009 ], [ -77.620513475999928, 20.677557684000078 ], [ -77.63499915299991, 20.687933661000045 ], [ -77.641713019999941, 20.691148179000038 ], [ -77.649281378999945, 20.692572333000044 ], [ -77.678863084999932, 20.691148179000038 ], [ -77.686675584999932, 20.69204336100006 ], [ -77.706125454999949, 20.697414455000057 ], [ -77.712717251999948, 20.701117255000042 ], [ -77.716420050999943, 20.698879299000055 ], [ -77.729318813999953, 20.69798411700009 ], [ -77.778431769999941, 20.700751044000071 ], [ -77.79556230399993, 20.705877997000073 ], [ -77.822132941999939, 20.723049221000053 ], [ -77.840809699999909, 20.728257554000038 ], [ -77.877512173999946, 20.732163804000038 ], [ -77.899240688999953, 20.72728099200009 ], [ -77.914173956999946, 20.716376044000071 ], [ -77.926869269999941, 20.704901434000078 ], [ -77.94204667899993, 20.69798411700009 ], [ -78.007069464999915, 20.696193752000056 ], [ -78.041127081999946, 20.704494533000059 ], [ -78.051909959999932, 20.725978908000059 ], [ -78.059396938999953, 20.725978908000059 ], [ -78.065541144999941, 20.71165599200009 ], [ -78.098378058999913, 20.748114325000074 ], [ -78.110259568999936, 20.753241278000075 ], [ -78.132069464999915, 20.757391669000071 ], [ -78.144113735999952, 20.768255927000041 ], [ -78.161773240999935, 20.800441799000055 ], [ -78.172352667999917, 20.811753648000035 ], [ -78.190785285999937, 20.827622789000088 ], [ -78.211048956999946, 20.839504299000055 ], [ -78.226918097999942, 20.838934637000079 ], [ -78.237660285999937, 20.833400783000059 ], [ -78.241281704999949, 20.83852773600006 ], [ -78.241851365999935, 20.847886460000041 ], [ -78.243723110999952, 20.855047919000071 ], [ -78.255726691999939, 20.868638414000088 ], [ -78.262074347999942, 20.878159898000035 ], [ -78.264800584999932, 20.886664130000042 ], [ -78.272043423999946, 20.90110911700009 ], [ -78.342681443999936, 20.949408270000049 ], [ -78.356353318999936, 20.953029690000051 ], [ -78.391468878999945, 20.951239325000074 ], [ -78.403920050999943, 20.957953192000048 ], [ -78.415028449999909, 20.973089911000045 ], [ -78.42992102799991, 20.999701239000046 ], [ -78.442250128999945, 21.011135158000059 ], [ -78.478993292999917, 21.037583726000037 ], [ -78.487904425999943, 21.038560289000088 ], [ -78.494740363999938, 21.047919012000079 ], [ -78.500884568999936, 21.082098700000074 ], [ -78.504383917999917, 21.14712148600006 ], [ -78.512277798999946, 21.175116278000075 ], [ -78.52757727799991, 21.203273830000057 ], [ -78.538197394999941, 21.231634833000044 ], [ -78.531727667999917, 21.26040273600006 ], [ -78.522572394999941, 21.25031159100007 ], [ -78.511463995999918, 21.248846747000073 ], [ -78.502105272999927, 21.255560614000046 ], [ -78.498199022999927, 21.269964911000045 ], [ -78.505523240999935, 21.280218817000048 ], [ -78.537993943999936, 21.290350653000075 ], [ -78.545399542999917, 21.29759349200009 ], [ -78.547474738999938, 21.31509023600006 ], [ -78.55687415299991, 21.347479559000078 ], [ -78.558990037999934, 21.366522528000075 ], [ -78.563303188999953, 21.38344961100006 ], [ -78.582102016999897, 21.413885809000078 ], [ -78.586333787999934, 21.428208726000037 ], [ -78.59243730399993, 21.461818752000056 ], [ -78.607818162999934, 21.493719794000071 ], [ -78.628163214999915, 21.521063544000071 ], [ -78.649037238999938, 21.540920315000051 ], [ -78.665353969999899, 21.551174221000053 ], [ -78.680978969999899, 21.556626695000091 ], [ -78.733998175999943, 21.564357815000051 ], [ -78.74632727799991, 21.568060614000046 ], [ -78.751088019999941, 21.575506903000075 ], [ -78.744618292999917, 21.58930084800005 ], [ -78.733306443999936, 21.583238023000035 ], [ -78.720611131999931, 21.581244208000044 ], [ -78.693104620999918, 21.581854559000078 ], [ -78.689116990999935, 21.586411851000037 ], [ -78.694203253999945, 21.596665757000039 ], [ -78.706776495999918, 21.612616278000075 ], [ -78.713693813999953, 21.61859772300005 ], [ -78.723947719999899, 21.625555731000077 ], [ -78.744618292999917, 21.636542059000078 ], [ -78.759266730999911, 21.640611070000091 ], [ -78.766509568999936, 21.639715887000079 ], [ -78.773060675999943, 21.635646877000056 ], [ -78.785552537999934, 21.63031647300005 ], [ -78.831898566999939, 21.620306708000044 ], [ -78.878407355999911, 21.616034247000073 ], [ -78.883371548999946, 21.614203192000048 ], [ -78.889027472999942, 21.60968659100007 ], [ -78.893544074999909, 21.604193427000041 ], [ -78.895415818999936, 21.599269924000055 ], [ -78.89875240799995, 21.595526434000078 ], [ -78.90648352799991, 21.594671942000048 ], [ -78.937082485999952, 21.596380927000041 ], [ -78.949208136999914, 21.598781643000052 ], [ -78.959950324999909, 21.599554755000042 ], [ -78.970570441999939, 21.595526434000078 ], [ -78.977365688999953, 21.60297272300005 ], [ -78.994536912999934, 21.59406159100007 ], [ -79.012806769999941, 21.590073960000041 ], [ -79.055897589999915, 21.58930084800005 ], [ -79.075550910999937, 21.586086330000057 ], [ -79.128163214999915, 21.561997789000088 ], [ -79.169260219999899, 21.551703192000048 ], [ -79.208892381999931, 21.548488674000055 ], [ -79.249419725999928, 21.551947333000044 ], [ -79.329579230999911, 21.57367584800005 ], [ -79.346099412999934, 21.583156643000052 ], [ -79.364654100999928, 21.599269924000055 ], [ -79.378773566999939, 21.601263739000046 ], [ -79.430653449999909, 21.595404364000046 ], [ -79.450306769999941, 21.595526434000078 ], [ -79.472279425999943, 21.601996161000045 ], [ -79.481760219999899, 21.607367255000042 ], [ -79.491322394999941, 21.616034247000073 ], [ -79.506459113999938, 21.639797268000052 ], [ -79.515288865999935, 21.648586330000057 ], [ -79.519195115999935, 21.640204169000071 ], [ -79.522206183999913, 21.630031643000052 ], [ -79.529693162999934, 21.623439846000053 ], [ -79.539662238999938, 21.621975002000056 ], [ -79.549672003999945, 21.626898505000042 ], [ -79.559152798999946, 21.634995835000041 ], [ -79.564930792999917, 21.637884833000044 ], [ -79.607777472999942, 21.648993231000077 ], [ -79.613677537999934, 21.651312567000048 ], [ -79.621652798999946, 21.657619533000059 ], [ -79.62759355399993, 21.666937567000048 ], [ -79.632313605999911, 21.678208726000037 ], [ -79.639271613999938, 21.687730210000041 ], [ -79.652088995999918, 21.69171784100007 ], [ -79.722727016999897, 21.693426825000074 ], [ -79.790109829999949, 21.711615302000041 ], [ -79.815785285999937, 21.71124909100007 ], [ -79.827056443999936, 21.695135809000078 ], [ -79.833851691999939, 21.677679755000042 ], [ -79.850819464999915, 21.680080471000053 ], [ -79.872954881999931, 21.69086334800005 ], [ -79.895375128999945, 21.698553778000075 ], [ -79.895375128999945, 21.70538971600007 ], [ -79.874867316999939, 21.712836005000042 ], [ -79.874867316999939, 21.71906159100007 ], [ -79.890370245999918, 21.722398179000038 ], [ -79.893625454999949, 21.733587958000044 ], [ -79.892648891999897, 21.747748114000046 ], [ -79.895375128999945, 21.759995835000041 ], [ -79.91234290299991, 21.74835846600007 ], [ -79.93000240799995, 21.743312893000052 ], [ -79.94945227799991, 21.743109442000048 ], [ -79.971669074999909, 21.74640534100007 ], [ -79.992054816999939, 21.753322658000059 ], [ -80.003651495999918, 21.755804755000042 ], [ -80.012684699999909, 21.753810940000051 ], [ -80.015370245999918, 21.74673086100006 ], [ -80.009022589999915, 21.739935614000046 ], [ -79.999134894999941, 21.73501211100006 ], [ -79.990956183999913, 21.733343817000048 ], [ -80.003244594999899, 21.720892645000049 ], [ -80.02179928299995, 21.729193427000041 ], [ -80.038807745999918, 21.747137762000079 ], [ -80.046213344999899, 21.763413804000038 ], [ -80.048451300999943, 21.784898179000038 ], [ -80.05532792899993, 21.803697007000039 ], [ -80.067250128999945, 21.81704336100006 ], [ -80.084339972999942, 21.822088934000078 ], [ -80.104888475999928, 21.825384833000044 ], [ -80.145904100999928, 21.839911200000074 ], [ -80.188221808999913, 21.848456122000073 ], [ -80.217681443999936, 21.871486721000053 ], [ -80.269927537999934, 21.88703034100007 ], [ -80.300770636999914, 21.911688544000071 ], [ -80.409901495999918, 22.020697333000044 ], [ -80.411854620999918, 22.025091864000046 ], [ -80.412587042999917, 22.035834052000041 ], [ -80.416737433999913, 22.041205145000049 ], [ -80.421131964999915, 22.041896877000056 ], [ -80.433216925999943, 22.040187893000052 ], [ -80.437245245999918, 22.041205145000049 ], [ -80.448109503999945, 22.050279039000088 ], [ -80.451079881999931, 22.056626695000091 ], [ -80.450917120999918, 22.068508205000057 ], [ -80.436756964999915, 22.065904039000088 ], [ -80.419341600999928, 22.066636460000041 ], [ -80.402170376999948, 22.071682033000059 ], [ -80.388783331999946, 22.082180080000057 ], [ -80.404164191999939, 22.078517971000053 ], [ -80.409901495999918, 22.075995184000078 ], [ -80.405832485999952, 22.08470286700009 ], [ -80.400298631999931, 22.093166408000059 ], [ -80.396148240999935, 22.101385809000078 ], [ -80.396311001999948, 22.109523830000057 ], [ -80.404286261999914, 22.112616278000075 ], [ -80.41633053299995, 22.109605210000041 ], [ -80.425363735999952, 22.110052802000041 ], [ -80.424183722999942, 22.123114325000074 ], [ -80.443918423999946, 22.123195705000057 ], [ -80.456532355999911, 22.130438544000071 ], [ -80.457753058999913, 22.142767645000049 ], [ -80.443430141999897, 22.157904364000046 ], [ -80.467274542999917, 22.171616929000038 ], [ -80.476714647999927, 22.180161851000037 ], [ -80.484445766999897, 22.19204336100006 ], [ -80.491281704999949, 22.181830145000049 ], [ -80.503570115999935, 22.178208726000037 ], [ -80.518422003999945, 22.179917710000041 ], [ -80.532826300999943, 22.185777085000041 ], [ -80.538238084999932, 22.164455471000053 ], [ -80.528797980999911, 22.150864976000037 ], [ -80.498646613999938, 22.130560614000046 ], [ -80.483998175999943, 22.111883856000077 ], [ -80.470855272999927, 22.089097398000035 ], [ -80.464670376999948, 22.06476471600007 ], [ -80.470773891999897, 22.041205145000049 ], [ -80.513742641999897, 22.056341864000046 ], [ -80.638010219999899, 22.05304596600007 ], [ -80.761097785999937, 22.061102606000077 ], [ -80.905262824999909, 22.046128648000035 ], [ -80.992095506999931, 22.054266669000071 ], [ -81.011626756999931, 22.060532945000091 ], [ -81.049183722999942, 22.07843659100007 ], [ -81.088449673999946, 22.085842190000051 ], [ -81.103667772999927, 22.095892645000049 ], [ -81.113758917999917, 22.111232815000051 ], [ -81.139475063999896, 22.161810614000046 ], [ -81.142974412999934, 22.171535549000055 ], [ -81.143625454999949, 22.187404690000051 ], [ -81.136097785999937, 22.229885158000059 ], [ -81.140695766999897, 22.23273346600007 ], [ -81.167144334999932, 22.270819403000075 ], [ -81.180531378999945, 22.278876044000071 ], [ -81.193959113999938, 22.28156159100007 ], [ -81.205189581999946, 22.27806224200009 ], [ -81.211822068999936, 22.267767645000049 ], [ -81.21157792899993, 22.25531647300005 ], [ -81.19758053299995, 22.212469794000071 ], [ -81.196888800999943, 22.09125397300005 ], [ -81.204701300999943, 22.060288804000038 ], [ -81.225493943999936, 22.061672268000052 ], [ -81.21125240799995, 22.083482164000088 ], [ -81.215443488999938, 22.114976304000038 ], [ -81.229807094999899, 22.143947658000059 ], [ -81.239125128999945, 22.151068427000041 ], [ -81.267079230999911, 22.141587632000039 ], [ -81.273304816999939, 22.137396552000041 ], [ -81.276437954999949, 22.128892320000091 ], [ -81.275257941999939, 22.110256252000056 ], [ -81.27953040299991, 22.102606512000079 ], [ -81.29133053299995, 22.097560940000051 ], [ -81.299305792999917, 22.101263739000046 ], [ -81.306060350999928, 22.107367255000042 ], [ -81.314279751999948, 22.109523830000057 ], [ -81.321522589999915, 22.104722398000035 ], [ -81.322743292999917, 22.097845770000049 ], [ -81.325591600999928, 22.091701565000051 ], [ -81.337880011999914, 22.089016018000052 ], [ -81.374094204999949, 22.10415273600006 ], [ -81.396107550999943, 22.170721747000073 ], [ -81.434071417999917, 22.185777085000041 ], [ -81.482167120999918, 22.185777085000041 ], [ -81.493560350999928, 22.188869533000059 ], [ -81.512806769999941, 22.201971747000073 ], [ -81.523508266999897, 22.205023505000042 ], [ -81.531239386999914, 22.201971747000073 ], [ -81.545887824999909, 22.188869533000059 ], [ -81.560210740999935, 22.184637762000079 ], [ -81.565174933999913, 22.179510809000078 ], [ -81.571197068999936, 22.17837148600006 ], [ -81.574330206999946, 22.180121161000045 ], [ -81.576771613999938, 22.188869533000059 ], [ -81.581166144999941, 22.19204336100006 ], [ -81.622710740999935, 22.205023505000042 ], [ -81.627797003999945, 22.207953192000048 ], [ -81.639556443999936, 22.212713934000078 ], [ -81.651478644999941, 22.212958075000074 ], [ -81.656849738999938, 22.201971747000073 ], [ -81.666615363999938, 22.19790273600006 ], [ -81.688628709999932, 22.196844794000071 ], [ -81.711984829999949, 22.199164130000042 ], [ -81.725738084999932, 22.205023505000042 ], [ -81.732004360999952, 22.205023505000042 ], [ -81.73460852799991, 22.192775783000059 ], [ -81.741078253999945, 22.189601955000057 ], [ -81.759917772999927, 22.19204336100006 ], [ -81.755238410999937, 22.185370184000078 ], [ -81.752512173999946, 22.17837148600006 ], [ -81.763539191999939, 22.178412177000041 ], [ -81.810210740999935, 22.183823960000041 ], [ -81.82445227799991, 22.18891022300005 ], [ -81.849680141999897, 22.214992580000057 ], [ -81.858754035999937, 22.228908596000053 ], [ -81.862375454999949, 22.243557033000059 ], [ -81.879709438999896, 22.26040273600006 ], [ -82.021392381999931, 22.313299872000073 ], [ -82.035878058999913, 22.320990302000041 ], [ -82.05101477799991, 22.332586981000077 ], [ -82.059966600999928, 22.337307033000059 ], [ -82.079904751999948, 22.33930084800005 ], [ -82.088246222999942, 22.342230536000045 ], [ -82.093169725999928, 22.347845770000049 ], [ -82.104644334999932, 22.366197007000039 ], [ -82.105620897999927, 22.370184637000079 ], [ -82.119252081999946, 22.370062567000048 ], [ -82.137603318999936, 22.372137762000079 ], [ -82.15453040299991, 22.379868882000039 ], [ -82.163970506999931, 22.396877346000053 ], [ -82.158384389999924, 22.412534203000064 ], [ -82.146392381999931, 22.42218659100007 ], [ -82.131214972999942, 22.428127346000053 ], [ -82.118737067999916, 22.431827964000036 ], [ -82.003629358999945, 22.428152882000063 ], [ -81.966079797999896, 22.437123578000069 ], [ -81.939472509999916, 22.433215589000042 ], [ -81.909035309999922, 22.43546427800004 ], [ -81.890575232999936, 22.438550096000085 ], [ -81.863891580999905, 22.432626484000082 ], [ -81.841138343999944, 22.430757290000088 ], [ -81.789641646999939, 22.438316738000083 ], [ -81.750070766999897, 22.454006252000056 ], [ -81.738840298999946, 22.452093817000048 ], [ -81.728505011999914, 22.457220770000049 ], [ -81.708729620999918, 22.457180080000057 ], [ -81.697865363999938, 22.459540106000077 ], [ -81.68350178299994, 22.463594853000075 ], [ -81.660949184999936, 22.484185962000083 ], [ -81.651562644999899, 22.487827104000075 ], [ -81.652803766999909, 22.50878298400005 ], [ -81.648793097999942, 22.51829661700009 ], [ -81.651308485999948, 22.533840785000052 ], [ -81.642648891999897, 22.56195709800005 ], [ -81.643255003999911, 22.572736736000081 ], [ -81.65767724299991, 22.577255391000051 ], [ -81.672631177999904, 22.577679783000065 ], [ -81.700021938999896, 22.599595445000091 ], [ -81.718848665999928, 22.613702271000079 ], [ -81.753385962999914, 22.638036906000082 ], [ -81.788412189999917, 22.650097021000079 ], [ -81.877500934999944, 22.679730389000042 ], [ -81.91242428299995, 22.678534247000073 ], [ -81.992543097999942, 22.671698309000078 ], [ -82.098793446999935, 22.65492148800007 ], [ -82.130970831999946, 22.667873440000051 ], [ -82.198855197999933, 22.685773595000057 ], [ -82.274841361999904, 22.685616806000041 ], [ -82.339019334999932, 22.678656317000048 ], [ -82.359852667999917, 22.680812893000052 ], [ -82.391583815999923, 22.688420458000053 ], [ -82.45735629099994, 22.68038488600007 ], [ -82.50999915299991, 22.692287502000056 ], [ -82.52171790299991, 22.69017161700009 ], [ -82.541086391999897, 22.680812893000052 ], [ -82.550933397999927, 22.678656317000048 ], [ -82.597418005999941, 22.688008495000076 ], [ -82.632945362999919, 22.680184949000079 ], [ -82.738433397999927, 22.706366278000075 ], [ -82.759877081999946, 22.705959377000056 ], [ -82.780669725999928, 22.696112372000073 ], [ -82.790882941999939, 22.679877020000049 ], [ -82.794300910999937, 22.66046784100007 ], [ -82.794585740999935, 22.640814520000049 ], [ -82.800689256999931, 22.622748114000046 ], [ -82.815419074999909, 22.613430080000057 ], [ -82.849232550999943, 22.602932033000059 ], [ -82.909291144999941, 22.555568752000056 ], [ -82.921254035999937, 22.54828522300005 ], [ -82.943959113999938, 22.546576239000046 ], [ -82.959380662999934, 22.542059637000079 ], [ -83.025990363999938, 22.509751695000091 ], [ -83.058705206999946, 22.489447333000044 ], [ -83.086089647999927, 22.462795315000051 ], [ -83.143177863999938, 22.361273505000042 ], [ -83.166859503999945, 22.339544989000046 ], [ -83.199330206999946, 22.336004950000074 ], [ -83.232248501999948, 22.344794012000079 ], [ -83.245838995999918, 22.345933335000041 ], [ -83.260121222999942, 22.342230536000045 ], [ -83.260121222999942, 22.325751044000071 ], [ -83.261789516999897, 22.321966864000046 ], [ -83.270253058999913, 22.323553778000075 ], [ -83.277455206999946, 22.32103099200009 ], [ -83.28579667899993, 22.322699286000045 ], [ -83.28742428299995, 22.31867096600007 ], [ -83.286936001999948, 22.304632880000042 ], [ -83.28742428299995, 22.301906643000052 ], [ -83.323597785999937, 22.280218817000048 ], [ -83.335804816999939, 22.267767645000049 ], [ -83.341175910999937, 22.259344794000071 ], [ -83.341460740999935, 22.251044012000079 ], [ -83.342640753999945, 22.246649481000077 ], [ -83.349232550999943, 22.232163804000038 ], [ -83.354115363999938, 22.225775458000044 ], [ -83.363148566999939, 22.219305731000077 ], [ -83.367909308999913, 22.225572007000039 ], [ -83.368478969999899, 22.213853257000039 ], [ -83.375559048999946, 22.206976630000042 ], [ -83.381147589999898, 22.217147133000083 ], [ -83.389440523999951, 22.220365092000065 ], [ -83.398222607999912, 22.21928046000005 ], [ -83.398991226999897, 22.202831413000069 ], [ -83.415472436999949, 22.186093371000084 ], [ -83.465321417999917, 22.182074286000045 ], [ -83.516957160999937, 22.18821849200009 ], [ -83.561146613999938, 22.205023505000042 ], [ -83.552845831999946, 22.213446356000077 ], [ -83.555490688999896, 22.223618882000039 ], [ -83.562855597999942, 22.234849351000037 ], [ -83.56859290299991, 22.246649481000077 ], [ -83.575428839999915, 22.246649481000077 ], [ -83.589588995999918, 22.219916083000044 ], [ -83.614369269999941, 22.195746161000045 ], [ -83.643625454999949, 22.178290106000077 ], [ -83.671009894999941, 22.171535549000055 ], [ -83.664784308999913, 22.185777085000041 ], [ -83.775461391999897, 22.170721747000073 ], [ -83.780873175999943, 22.171535549000055 ], [ -83.784779425999943, 22.175441799000055 ], [ -83.787505662999934, 22.18235911700009 ], [ -83.788726365999935, 22.189032294000071 ], [ -83.787709113999938, 22.19204336100006 ], [ -83.79914303299995, 22.188788153000075 ], [ -83.811024542999917, 22.174750067000048 ], [ -83.825550910999937, 22.171535549000055 ], [ -83.903228318999936, 22.175685940000051 ], [ -83.925445115999935, 22.171535549000055 ], [ -83.966460740999935, 22.133978583000044 ], [ -83.967681443999936, 22.126369533000059 ], [ -83.975331183999913, 22.098822333000044 ], [ -83.980091925999943, 22.089016018000052 ], [ -83.97484290299991, 22.082464911000045 ], [ -83.97329667899993, 22.07648346600007 ], [ -83.972645636999914, 22.061672268000052 ], [ -83.983998175999943, 22.070542710000041 ], [ -83.994984503999945, 22.068264065000051 ], [ -84.001779751999948, 22.057562567000048 ], [ -84.000599738999938, 22.041205145000049 ], [ -83.993031378999945, 22.02798086100006 ], [ -83.983225063999896, 22.023098049000055 ], [ -83.971669074999909, 22.025783596000053 ], [ -83.958973761999914, 22.034979559000078 ], [ -83.964670376999948, 22.013332424000055 ], [ -83.999256964999915, 21.989488023000035 ], [ -84.007435675999943, 21.969183661000045 ], [ -84.003814256999931, 21.964422919000071 ], [ -83.997059699999909, 21.958685614000046 ], [ -83.993031378999945, 21.951361395000049 ], [ -83.997466600999928, 21.941839911000045 ], [ -84.006906704999949, 21.933294989000046 ], [ -84.017689581999946, 21.925482489000046 ], [ -84.029408331999946, 21.919867255000042 ], [ -84.041615363999938, 21.917669989000046 ], [ -84.060414191999939, 21.921942450000074 ], [ -84.098215298999946, 21.940741278000075 ], [ -84.120432094999899, 21.945013739000046 ], [ -84.142160610999952, 21.940334377000056 ], [ -84.180734829999949, 21.91828034100007 ], [ -84.199208136999914, 21.910834052000041 ], [ -84.209339972999942, 21.910101630000042 ], [ -84.230091925999943, 21.911525783000059 ], [ -84.240142381999931, 21.910834052000041 ], [ -84.251210089999915, 21.90656159100007 ], [ -84.273915167999917, 21.89321523600006 ], [ -84.305165167999917, 21.884507554000038 ], [ -84.423247850999928, 21.792303778000075 ], [ -84.466175910999937, 21.770453192000048 ], [ -84.508371548999946, 21.766831773000035 ], [ -84.521351691999939, 21.78656647300005 ], [ -84.481312628999945, 21.865179755000042 ], [ -84.473540818999936, 21.90460846600007 ], [ -84.496164516999897, 21.933783270000049 ], [ -84.536040818999936, 21.94017161700009 ], [ -84.580555792999917, 21.93390534100007 ], [ -84.659982876999948, 21.912054755000042 ], [ -84.698719855999911, 21.89484284100007 ], [ -84.799712693999936, 21.832098700000074 ], [ -84.839914516999897, 21.82290273600006 ], [ -84.883412238999938, 21.823553778000075 ], [ -84.925404425999943, 21.835760809000078 ], [ -84.939116990999935, 21.846096096000053 ], [ -84.947255011999914, 21.860337632000039 ], [ -84.949615037999934, 21.876776434000078 ], [ -84.946034308999913, 21.893540757000039 ], [ -84.937570766999897, 21.908107815000051 ], [ -84.931223110999952, 21.914740302000041 ], [ -84.924549933999913, 21.917222398000035 ], [ -84.919789191999939, 21.914740302000041 ], [ -84.91079667899993, 21.898993231000077 ], [ -84.903553839999915, 21.893622137000079 ], [ -84.895375128999945, 21.890570380000042 ], [ -84.886586066999939, 21.889553127000056 ], [ -84.87759355399993, 21.890326239000046 ], [ -84.860503709999932, 21.897040106000077 ], [ -84.848744269999941, 21.908392645000049 ], [ -84.848215298999946, 21.921087958000044 ], [ -84.864613410999937, 21.93195221600007 ], [ -84.847564256999931, 21.940619208000044 ], [ -84.832386847999942, 21.940578518000052 ], [ -84.82290605399993, 21.930894273000035 ], [ -84.822987433999913, 21.910834052000041 ], [ -84.741078253999945, 21.95180898600006 ], [ -84.668446417999917, 21.971869208000044 ], [ -84.583322719999899, 22.007513739000046 ], [ -84.528879360999952, 22.044338283000059 ], [ -84.521351691999939, 22.048041083000044 ], [ -84.50804602799991, 22.049017645000049 ], [ -84.495920376999948, 22.047349351000037 ], [ -84.489654100999928, 22.042792059000078 ], [ -84.494048631999931, 22.034979559000078 ], [ -84.462635870999918, 22.022040106000077 ], [ -84.439320441999939, 22.028143622000073 ], [ -84.41665605399993, 22.041001695000091 ], [ -84.387318488999938, 22.048041083000044 ], [ -84.372792120999918, 22.043931382000039 ], [ -84.355824347999942, 22.034084377000056 ], [ -84.341664191999939, 22.021673895000049 ], [ -84.335804816999939, 22.010443427000041 ], [ -84.330962693999936, 22.004584052000041 ], [ -84.303822394999941, 22.02289459800005 ], [ -84.288563605999911, 22.020697333000044 ], [ -84.274322068999936, 22.075995184000078 ], [ -84.286284959999932, 22.063381252000056 ], [ -84.296864386999914, 22.045965887000079 ], [ -84.308176235999952, 22.036688544000071 ], [ -84.322132941999939, 22.048041083000044 ], [ -84.328033006999931, 22.06712474200009 ], [ -84.326771613999938, 22.081854559000078 ], [ -84.330189581999946, 22.093329169000071 ], [ -84.350005662999934, 22.102606512000079 ], [ -84.340728318999936, 22.123968817000048 ], [ -84.335804816999939, 22.130560614000046 ], [ -84.354359503999945, 22.132513739000046 ], [ -84.374582485999952, 22.13930898600006 ], [ -84.39281165299991, 22.148504950000074 ], [ -84.405344204999949, 22.157904364000046 ], [ -84.413441535999937, 22.172023830000057 ], [ -84.420033331999946, 22.188666083000044 ], [ -84.429269985999952, 22.201727606000077 ], [ -84.445668097999942, 22.205023505000042 ], [ -84.435699022999927, 22.213690497000073 ], [ -84.42446855399993, 22.22915273600006 ], [ -84.415353969999899, 22.247381903000075 ], [ -84.411488410999937, 22.26398346600007 ], [ -84.409657355999911, 22.287258205000057 ], [ -84.405344204999949, 22.308742580000057 ], [ -84.391021287999934, 22.352769273000035 ], [ -84.388539191999939, 22.355169989000046 ], [ -84.373931443999936, 22.380682684000078 ], [ -84.368804490999935, 22.383286851000037 ], [ -84.358021613999938, 22.384263414000088 ], [ -84.353138800999943, 22.387193101000037 ], [ -84.349110480999911, 22.393622137000079 ], [ -84.345122850999928, 22.406236070000091 ], [ -84.342600063999896, 22.411078192000048 ], [ -84.321278449999909, 22.440130927000041 ], [ -84.306507941999939, 22.455633856000077 ], [ -84.288563605999911, 22.465765692000048 ], [ -84.288563605999911, 22.473211981000077 ], [ -84.309071417999917, 22.473211981000077 ], [ -84.291818813999896, 22.486273505000042 ], [ -84.249012824999909, 22.493557033000059 ], [ -84.230295376999948, 22.503607489000046 ], [ -84.218373175999943, 22.518744208000044 ], [ -84.205799933999913, 22.541164455000057 ], [ -84.201161261999914, 22.56281159100007 ], [ -84.212880011999914, 22.575588283000059 ], [ -84.212880011999914, 22.583075262000079 ], [ -84.202381964999915, 22.580064195000091 ], [ -84.192372199999909, 22.575588283000059 ], [ -84.178130662999934, 22.585679429000038 ], [ -84.164621548999946, 22.587632554000038 ], [ -84.15298417899993, 22.582017320000091 ], [ -84.144602016999897, 22.569403387000079 ], [ -84.135731574999909, 22.606838283000059 ], [ -84.130360480999911, 22.616522528000075 ], [ -84.120513475999928, 22.620266018000052 ], [ -84.094634568999936, 22.622381903000075 ], [ -84.089344855999911, 22.627101955000057 ], [ -84.088612433999913, 22.637152411000045 ], [ -84.085438605999911, 22.654201565000051 ], [ -84.078277147999927, 22.666205145000049 ], [ -84.065500454999949, 22.661281643000052 ], [ -84.052113410999937, 22.653306382000039 ], [ -84.041615363999938, 22.658433335000041 ], [ -84.031971808999913, 22.66937897300005 ], [ -84.021107550999943, 22.678656317000048 ], [ -84.028675910999937, 22.69009023600006 ], [ -84.038970506999931, 22.697088934000078 ], [ -84.052316860999952, 22.69985586100006 ], [ -84.068837042999917, 22.698472398000035 ], [ -84.064320441999939, 22.706244208000044 ], [ -84.057036912999934, 22.713283596000053 ], [ -84.048003709999932, 22.718247789000088 ], [ -84.038441535999937, 22.720200914000088 ], [ -84.022328253999945, 22.714748440000051 ], [ -84.013783331999946, 22.702541408000059 ], [ -84.007191535999937, 22.690375067000048 ], [ -83.997466600999928, 22.684881903000075 ], [ -83.984038865999935, 22.687079169000071 ], [ -83.972075975999928, 22.692531643000052 ], [ -83.911244269999941, 22.733303127000056 ], [ -83.897572394999941, 22.720200914000088 ], [ -83.888050910999937, 22.741441148000035 ], [ -83.872792120999918, 22.750799872000073 ], [ -83.829253709999932, 22.753729559000078 ], [ -83.812652147999927, 22.756740627000056 ], [ -83.743723110999952, 22.789129950000074 ], [ -83.709136522999927, 22.800685940000051 ], [ -83.692738410999937, 22.802150783000059 ], [ -83.681548631999931, 22.800360419000071 ], [ -83.668934699999909, 22.794907945000091 ], [ -83.658029751999948, 22.794663804000038 ], [ -83.651112433999913, 22.796820380000042 ], [ -83.637318488999938, 22.805121161000045 ], [ -83.630034959999932, 22.808335679000038 ], [ -83.630034959999932, 22.815822658000059 ], [ -83.637196417999917, 22.812689520000049 ], [ -83.644357876999948, 22.808335679000038 ], [ -83.646229620999918, 22.815375067000048 ], [ -83.651193813999896, 22.815822658000059 ], [ -83.629872199999909, 22.828314520000049 ], [ -83.607899542999917, 22.834377346000053 ], [ -83.558013475999928, 22.83624909100007 ], [ -83.553781704999949, 22.842230536000045 ], [ -83.54133053299995, 22.873846747000073 ], [ -83.534982876999948, 22.877020575000074 ], [ -83.493519660999937, 22.87726471600007 ], [ -83.496083136999914, 22.870347398000035 ], [ -83.500355597999942, 22.86359284100007 ], [ -83.480824347999942, 22.860256252000056 ], [ -83.469105597999942, 22.870591539000088 ], [ -83.461048956999946, 22.885972398000035 ], [ -83.452504035999937, 22.897772528000075 ], [ -83.437570766999897, 22.903469143000052 ], [ -83.42609615799995, 22.899237372000073 ], [ -83.414051886999914, 22.890814520000049 ], [ -83.397287563999896, 22.884100653000075 ], [ -83.404367641999897, 22.87376536700009 ], [ -83.393462693999936, 22.876898505000042 ], [ -83.377512173999946, 22.886135158000059 ], [ -83.36937415299991, 22.89398834800005 ], [ -83.363352016999897, 22.91046784100007 ], [ -83.348459438999896, 22.932114976000037 ], [ -83.329660610999952, 22.951076565000051 ], [ -83.311634894999941, 22.959173895000049 ], [ -83.298166469999899, 22.963324286000045 ], [ -83.246449347999942, 22.993963934000078 ], [ -83.226185675999943, 23.001857815000051 ], [ -83.207630988999938, 23.00267161700009 ], [ -83.191477016999897, 22.997381903000075 ], [ -83.178212042999917, 22.986517645000049 ], [ -83.178212042999917, 22.980292059000078 ], [ -83.187367316999939, 22.973822333000044 ], [ -83.191232876999948, 22.961859442000048 ], [ -83.189320441999939, 22.947821356000077 ], [ -83.181630011999914, 22.935288804000038 ], [ -83.169422980999911, 22.930121161000045 ], [ -83.159169074999909, 22.936224677000041 ], [ -83.150542772999927, 22.946275132000039 ], [ -83.143422003999945, 22.953029690000051 ], [ -83.161691860999952, 22.966945705000057 ], [ -83.160511847999942, 22.979966539000088 ], [ -83.145822719999899, 22.991400458000044 ], [ -83.123605923999946, 23.000148830000057 ], [ -83.081939256999931, 23.007635809000078 ], [ -83.074126756999931, 23.011297919000071 ], [ -83.061146613999938, 23.019598700000074 ], [ -83.055287238999938, 23.021226304000038 ], [ -83.044911261999914, 23.019517320000091 ], [ -83.031117316999939, 23.010687567000048 ], [ -83.020578579999949, 23.007635809000078 ], [ -83.015370245999918, 23.010321356000077 ], [ -83.009388800999943, 23.016017971000053 ], [ -83.002023891999897, 23.019232489000046 ], [ -82.992583787999934, 23.01439036700009 ], [ -82.986317511999914, 23.004095770000049 ], [ -82.99282792899993, 23.000962632000039 ], [ -83.002837693999936, 22.99945709800005 ], [ -83.006906704999949, 22.993963934000078 ], [ -83.002797003999945, 22.983587958000044 ], [ -82.996693488999938, 22.980169989000046 ], [ -82.988880988999938, 22.983628648000035 ], [ -82.979603644999941, 22.993963934000078 ], [ -82.981678839999915, 22.974188544000071 ], [ -82.964222785999937, 22.972886460000041 ], [ -82.942453579999949, 22.986314195000091 ], [ -82.931752081999946, 23.011053778000075 ], [ -82.917591925999943, 23.032456773000035 ], [ -82.885161912999934, 23.033107815000051 ], [ -82.849354620999918, 23.027777411000045 ], [ -82.825306769999941, 23.031480210000041 ], [ -82.803293423999946, 23.038804429000038 ], [ -82.712717251999948, 23.034898179000038 ], [ -82.619984503999945, 23.046128648000035 ], [ -82.59601803299995, 23.055365302000041 ], [ -82.575510219999899, 23.054022528000075 ], [ -82.532093878999945, 23.077093817000048 ], [ -82.50999915299991, 23.083319403000075 ], [ -82.504465298999946, 23.086493231000077 ], [ -82.494536912999934, 23.100653387000079 ], [ -82.489572719999899, 23.10382721600007 ], [ -82.47720292899993, 23.105169989000046 ], [ -82.467681443999936, 23.108547268000052 ], [ -82.452015753999945, 23.11749909100007 ], [ -82.422352667999917, 23.138861395000049 ], [ -82.40689042899993, 23.147447007000039 ], [ -82.367095506999931, 23.153021552000041 ], [ -82.321034308999913, 23.171454169000071 ], [ -82.251088019999941, 23.182114976000037 ], [ -82.219349738999938, 23.194240627000056 ], [ -82.150298631999931, 23.178900458000044 ], [ -82.128407355999911, 23.181057033000059 ], [ -82.088246222999942, 23.190415757000039 ], [ -82.065012173999946, 23.192572333000044 ], [ -82.05492102799991, 23.19476959800005 ], [ -82.044016079999949, 23.198716539000088 ], [ -82.033192511999914, 23.200506903000075 ], [ -82.023426886999914, 23.19594961100006 ], [ -81.985829230999911, 23.171454169000071 ], [ -81.956125454999949, 23.163641669000071 ], [ -81.892079230999911, 23.157863674000055 ], [ -81.862375454999949, 23.15102773600006 ], [ -81.84007727799991, 23.157782294000071 ], [ -81.658070441999939, 23.156805731000077 ], [ -81.642323370999918, 23.15884023600006 ], [ -81.628977016999897, 23.165228583000044 ], [ -81.617583787999934, 23.15961334800005 ], [ -81.606434699999909, 23.15884023600006 ], [ -81.594593878999945, 23.159328518000052 ], [ -81.581166144999941, 23.157782294000071 ], [ -81.574289516999897, 23.153998114000046 ], [ -81.556792772999927, 23.140814520000049 ], [ -81.535552537999934, 23.129380601000037 ], [ -81.532093878999945, 23.109320380000042 ], [ -81.535308397999927, 23.086330471000053 ], [ -81.540191209999932, 23.069037177000041 ], [ -81.546213344999899, 23.06118398600006 ], [ -81.552398240999935, 23.05735911700009 ], [ -81.552561001999948, 23.054348049000055 ], [ -81.540191209999932, 23.048570054000038 ], [ -81.528797980999911, 23.04718659100007 ], [ -81.517648891999897, 23.049790757000039 ], [ -81.502674933999913, 23.055365302000041 ], [ -81.498768683999913, 23.060492255000042 ], [ -81.492543097999942, 23.084865627000056 ], [ -81.489003058999913, 23.093247789000088 ], [ -81.48070227799991, 23.10032786700009 ], [ -81.47329667899993, 23.102606512000079 ], [ -81.464222785999937, 23.102850653000075 ], [ -81.380116339999915, 23.116359768000052 ], [ -81.368885870999918, 23.120917059000078 ], [ -81.358143683999913, 23.131740627000056 ], [ -81.333363410999937, 23.138251044000071 ], [ -81.286284959999932, 23.144761460000041 ], [ -81.271392381999931, 23.149562893000052 ], [ -81.234242316999939, 23.166449286000045 ], [ -81.209828253999945, 23.183742580000057 ], [ -81.165598110999952, 23.207831122000073 ], [ -81.149159308999913, 23.212388414000088 ], [ -81.130604620999918, 23.205633856000077 ], [ -81.14476477799991, 23.194281317000048 ], [ -81.172434048999946, 23.183661200000074 ], [ -81.217884894999941, 23.172674872000073 ], [ -81.272206183999913, 23.141994533000059 ], [ -81.286284959999932, 23.130519924000055 ], [ -81.286284959999932, 23.124253648000035 ], [ -81.241932745999918, 23.113714911000045 ], [ -81.184885219999899, 23.052069403000075 ], [ -81.149159308999913, 23.034898179000038 ], [ -81.129302537999934, 23.034491278000075 ], [ -81.120716925999943, 23.038967190000051 ], [ -81.113677537999934, 23.049221096000053 ], [ -81.098540818999936, 23.065985419000071 ], [ -81.093739386999914, 23.074204820000091 ], [ -81.083159959999932, 23.098700262000079 ], [ -81.078114386999914, 23.10382721600007 ], [ -81.066761847999942, 23.104966539000088 ], [ -81.046254035999937, 23.109849351000037 ], [ -81.039906378999945, 23.110663153000075 ], [ -80.99836178299995, 23.10382721600007 ], [ -80.991444464999915, 23.104071356000077 ], [ -80.987538214999915, 23.105861721000053 ], [ -80.985707160999937, 23.102240302000041 ], [ -80.985259568999936, 23.086411851000037 ], [ -80.977772589999915, 23.064439195000091 ], [ -80.959380662999934, 23.059027411000045 ], [ -80.936756964999915, 23.062933661000045 ], [ -80.916371222999942, 23.069037177000041 ], [ -80.759348110999952, 23.096991278000075 ], [ -80.734771287999934, 23.097601630000042 ], [ -80.68814042899993, 23.08860911700009 ], [ -80.663156704999949, 23.089544989000046 ], [ -80.642241990999935, 23.097805080000057 ], [ -80.623524542999917, 23.112941799000055 ], [ -80.618031378999945, 23.131740627000056 ], [ -80.636463995999918, 23.15102773600006 ], [ -80.623443162999934, 23.156724351000037 ], [ -80.609852667999917, 23.158189195000091 ], [ -80.597279425999943, 23.156073309000078 ], [ -80.587473110999952, 23.15102773600006 ], [ -80.587473110999952, 23.144761460000041 ], [ -80.59601803299995, 23.13743724200009 ], [ -80.622222459999932, 23.089544989000046 ], [ -80.594349738999938, 23.070135809000078 ], [ -80.556792772999927, 23.007391669000071 ], [ -80.536244269999941, 22.993963934000078 ], [ -80.520375128999945, 22.99290599200009 ], [ -80.479847785999937, 22.985663153000075 ], [ -80.464507615999935, 22.980292059000078 ], [ -80.455067511999914, 22.972072658000059 ], [ -80.444732225999928, 22.96039459800005 ], [ -80.431507941999939, 22.94993724200009 ], [ -80.413319464999915, 22.945502020000049 ], [ -80.356922980999911, 22.94562409100007 ], [ -80.344471808999913, 22.942084052000041 ], [ -80.329416469999899, 22.929836330000057 ], [ -80.313343878999945, 22.921291408000059 ], [ -80.296701626999948, 22.915676174000055 ], [ -80.27961178299995, 22.912014065000051 ], [ -80.246693488999938, 22.911037502000056 ], [ -80.215687628999945, 22.917059637000079 ], [ -80.156076626999948, 22.938706773000035 ], [ -80.163563605999911, 22.962551174000055 ], [ -80.14671790299991, 22.963080145000049 ], [ -80.093617316999939, 22.938544012000079 ], [ -80.070057745999918, 22.931789455000057 ], [ -80.050038214999915, 22.935248114000046 ], [ -80.046213344999899, 22.959173895000049 ], [ -80.035511847999942, 22.95384349200009 ], [ -80.024566209999932, 22.946682033000059 ], [ -80.016102667999917, 22.938055731000077 ], [ -80.012684699999909, 22.92845286700009 ], [ -79.990061001999948, 22.890611070000091 ], [ -79.987863735999952, 22.884100653000075 ], [ -79.950021938999896, 22.86359284100007 ], [ -79.944569464999915, 22.862779039000088 ], [ -79.926747199999909, 22.86359284100007 ], [ -79.919829881999931, 22.861314195000091 ], [ -79.916981574999909, 22.856431382000039 ], [ -79.916493292999917, 22.849310614000046 ], [ -79.895741339999915, 22.855169989000046 ], [ -79.863148566999939, 22.883693752000056 ], [ -79.801747199999909, 22.899725653000075 ], [ -79.792958136999914, 22.897772528000075 ], [ -79.792958136999914, 22.890122789000088 ], [ -79.802357550999943, 22.882147528000075 ], [ -79.820912238999938, 22.870428778000075 ], [ -79.843861456999946, 22.880682684000078 ], [ -79.854969855999911, 22.872544664000088 ], [ -79.868031378999945, 22.83624909100007 ], [ -79.857167120999918, 22.820705471000053 ], [ -79.850900844999899, 22.814113674000055 ], [ -79.841379360999952, 22.808335679000038 ], [ -79.83071855399993, 22.805650132000039 ], [ -79.789540167999917, 22.802150783000059 ], [ -79.771880662999934, 22.796616929000038 ], [ -79.71312415299991, 22.757798570000091 ], [ -79.706166144999941, 22.74876536700009 ], [ -79.700184699999909, 22.746893622000073 ], [ -79.694650844999899, 22.749172268000052 ], [ -79.688628709999932, 22.754095770000049 ], [ -79.683094855999911, 22.76117584800005 ], [ -79.660308397999927, 22.763861395000049 ], [ -79.651722785999937, 22.758775132000039 ], [ -79.627023891999897, 22.657497463000084 ], [ -79.611480272999927, 22.652329820000091 ], [ -79.599354620999918, 22.646551825000074 ], [ -79.58853105399993, 22.638495184000078 ], [ -79.577259894999941, 22.627101955000057 ], [ -79.565825975999928, 22.611151434000078 ], [ -79.552113410999937, 22.580267645000049 ], [ -79.542836066999939, 22.565659898000035 ], [ -79.517486131999931, 22.539129950000074 ], [ -79.511830206999946, 22.53461334800005 ], [ -79.496937628999945, 22.53196849200009 ], [ -79.468006964999915, 22.531398830000057 ], [ -79.456532355999911, 22.528469143000052 ], [ -79.429839647999927, 22.490220445000091 ], [ -79.424712693999936, 22.478745835000041 ], [ -79.341786261999914, 22.413153387000079 ], [ -79.312489386999914, 22.400295315000051 ], [ -79.285878058999913, 22.404282945000091 ], [ -79.275746222999942, 22.39484284100007 ], [ -79.256947394999941, 22.38226959800005 ], [ -79.238758917999917, 22.37641022300005 ], [ -79.230580206999946, 22.387193101000037 ], [ -79.219838019999941, 22.388413804000038 ], [ -79.167469855999911, 22.377875067000048 ], [ -79.14867102799991, 22.377630927000041 ], [ -79.137806769999941, 22.384833075000074 ], [ -79.13312740799995, 22.395656643000052 ], [ -79.120716925999943, 22.396877346000053 ], [ -79.110585089999915, 22.394598700000074 ], [ -79.095041469999899, 22.385728257000039 ], [ -79.083485480999911, 22.383775132000039 ], [ -79.062001105999911, 22.386664130000042 ], [ -79.024484829999949, 22.399969794000071 ], [ -79.005279100999928, 22.404282945000091 ], [ -78.982492641999897, 22.40460846600007 ], [ -78.828684048999946, 22.388332424000055 ], [ -78.781849738999938, 22.390611070000091 ], [ -78.776722785999937, 22.380560614000046 ], [ -78.757639126999948, 22.322333075000074 ], [ -78.754017706999946, 22.32485586100006 ], [ -78.744618292999917, 22.329169012000079 ], [ -78.73460852799991, 22.316229559000078 ], [ -78.725331183999913, 22.324204820000091 ], [ -78.709868943999936, 22.355902411000045 ], [ -78.722645636999914, 22.372707424000055 ], [ -78.729481574999909, 22.379136460000041 ], [ -78.737782355999911, 22.383775132000039 ], [ -78.737782355999911, 22.390611070000091 ], [ -78.708078579999949, 22.386908270000049 ], [ -78.676136847999942, 22.357001044000071 ], [ -78.566883917999917, 22.32103099200009 ], [ -78.552845831999946, 22.311835028000075 ], [ -78.544300910999937, 22.299058335000041 ], [ -78.524403449999909, 22.283270575000074 ], [ -78.501454230999911, 22.268866278000075 ], [ -78.483957485999952, 22.260321356000077 ], [ -78.460072394999941, 22.253607489000046 ], [ -78.399891730999911, 22.244045315000051 ], [ -78.38149980399993, 22.246649481000077 ], [ -78.381947394999941, 22.239935614000046 ], [ -78.380970831999946, 22.22601959800005 ], [ -78.38149980399993, 22.219305731000077 ], [ -78.371205206999946, 22.224025783000059 ], [ -78.367258266999897, 22.226752020000049 ], [ -78.360503709999932, 22.216782945000091 ], [ -78.351144985999952, 22.197658596000053 ], [ -78.343902147999927, 22.18891022300005 ], [ -78.334868943999936, 22.182562567000048 ], [ -78.316965298999946, 22.173895575000074 ], [ -78.309193488999938, 22.167792059000078 ], [ -78.30142167899993, 22.163804429000038 ], [ -78.291574673999946, 22.163641669000071 ], [ -78.281117316999939, 22.164618231000077 ], [ -78.271636522999927, 22.164048570000091 ], [ -78.237456834999932, 22.151068427000041 ], [ -78.221913214999915, 22.147040106000077 ], [ -78.172352667999917, 22.143622137000079 ], [ -78.163644985999952, 22.139349677000041 ], [ -78.161691860999952, 22.129461981000077 ], [ -78.160878058999913, 22.118109442000048 ], [ -78.155588344999899, 22.109523830000057 ], [ -78.147328253999945, 22.107570705000057 ], [ -78.121693488999938, 22.107855536000045 ], [ -78.128285285999937, 22.102606512000079 ], [ -78.117787238999938, 22.093451239000046 ], [ -78.105376756999931, 22.089016018000052 ], [ -78.09243730399993, 22.08624909100007 ], [ -78.079823370999918, 22.082180080000057 ], [ -78.065052863999938, 22.086981512000079 ], [ -78.055572068999936, 22.077460028000075 ], [ -78.042307094999899, 22.051174221000053 ], [ -78.023264126999948, 22.034328518000052 ], [ -78.01781165299991, 22.027533270000049 ], [ -78.011219855999911, 22.009263414000088 ], [ -77.993234829999949, 21.979681708000044 ], [ -77.985218878999945, 21.970038153000075 ], [ -77.973378058999913, 21.966131903000075 ], [ -77.961333787999934, 21.958238023000035 ], [ -77.915394660999937, 21.914252020000049 ], [ -77.911976691999939, 21.905991929000038 ], [ -77.895008917999917, 21.876939195000091 ], [ -77.888050910999937, 21.86985911700009 ], [ -77.876047329999949, 21.871527411000045 ], [ -77.870350714999915, 21.881537177000041 ], [ -77.865589972999942, 21.956244208000044 ], [ -77.860096808999913, 21.966131903000075 ], [ -77.849110480999911, 21.970526434000078 ], [ -77.822255011999914, 21.966457424000055 ], [ -77.806141730999911, 21.966131903000075 ], [ -77.815012173999946, 21.955755927000041 ], [ -77.846994594999899, 21.950384833000044 ], [ -77.853911912999934, 21.941839911000045 ], [ -77.852528449999909, 21.924017645000049 ], [ -77.848540818999936, 21.910589911000045 ], [ -77.842152472999942, 21.899969794000071 ], [ -77.833485480999911, 21.890326239000046 ], [ -77.822010870999918, 21.880275783000059 ], [ -77.813303188999953, 21.876450914000088 ], [ -77.788726365999935, 21.876695054000038 ], [ -77.777943488999938, 21.870021877000056 ], [ -77.770375128999945, 21.854559637000079 ], [ -77.766021287999934, 21.83734772300005 ], [ -77.764556443999936, 21.825506903000075 ], [ -77.760894334999932, 21.813299872000073 ], [ -77.751576300999943, 21.804632880000042 ], [ -77.738392706999946, 21.798651434000078 ], [ -77.710072394999941, 21.790187893000052 ], [ -77.704457160999937, 21.789252020000049 ], [ -77.68976803299995, 21.795884507000039 ], [ -77.681263800999943, 21.791693427000041 ], [ -77.673207160999937, 21.784735419000071 ], [ -77.664662238999938, 21.781154690000051 ], [ -77.603871222999942, 21.789740302000041 ], [ -77.586415167999917, 21.787909247000073 ], [ -77.569650844999899, 21.780585028000075 ], [ -77.524973110999952, 21.753810940000051 ], [ -77.524403449999909, 21.767645575000074 ], [ -77.516590949999909, 21.774603583000044 ], [ -77.490834113999938, 21.781154690000051 ], [ -77.489247199999909, 21.771226304000038 ], [ -77.483387824999909, 21.766180731000077 ], [ -77.474232550999943, 21.765041408000059 ], [ -77.462880011999914, 21.766831773000035 ], [ -77.467518683999913, 21.777736721000053 ], [ -77.469715949999909, 21.781154690000051 ], [ -77.455637173999946, 21.776841539000088 ], [ -77.442250128999945, 21.766587632000039 ], [ -77.421986456999946, 21.74640534100007 ], [ -77.436350063999953, 21.744614976000037 ], [ -77.446278449999909, 21.750230210000041 ], [ -77.452544725999928, 21.750677802000041 ], [ -77.456044074999909, 21.733343817000048 ], [ -77.453724738999938, 21.715033270000049 ], [ -77.439076300999943, 21.683823960000041 ], [ -77.435617641999897, 21.667873440000051 ], [ -77.430287238999938, 21.657619533000059 ], [ -77.417469855999911, 21.653713283000059 ], [ -77.387196417999917, 21.650132554000038 ], [ -77.363352016999897, 21.638251044000071 ], [ -77.356760219999899, 21.636542059000078 ], [ -77.347157355999911, 21.638617255000042 ], [ -77.336537238999938, 21.650132554000038 ], [ -77.336903449999909, 21.655585028000075 ], [ -77.342884894999941, 21.667547919000071 ], [ -77.352406378999945, 21.679510809000078 ], [ -77.378407355999911, 21.690497137000079 ], [ -77.389149542999917, 21.70384349200009 ], [ -77.401478644999941, 21.733343817000048 ], [ -77.407093878999945, 21.75657786700009 ], [ -77.411691860999952, 21.763413804000038 ], [ -77.418568488999938, 21.767279364000046 ], [ -77.438303188999953, 21.77484772300005 ], [ -77.442372199999909, 21.777736721000053 ], [ -77.443714972999942, 21.788234768000052 ], [ -77.448801235999952, 21.801906643000052 ], [ -77.459136522999927, 21.809271552000041 ], [ -77.476551886999914, 21.800970770000049 ], [ -77.490834113999938, 21.815252997000073 ], [ -77.504383917999917, 21.803534247000073 ], [ -77.518544074999909, 21.811835028000075 ], [ -77.545480923999946, 21.843166408000059 ], [ -77.583078579999949, 21.873277085000041 ], [ -77.593658006999931, 21.888739325000074 ], [ -77.600493943999936, 21.890448309000078 ], [ -77.614328579999949, 21.884182033000059 ], [ -77.605824347999942, 21.901271877000056 ], [ -77.589914516999897, 21.919256903000075 ], [ -77.571644660999937, 21.930812893000052 ], [ -77.556019660999937, 21.928534247000073 ], [ -77.521229620999918, 21.901190497000073 ], [ -77.517486131999931, 21.893011786000045 ], [ -77.511097785999937, 21.867743231000077 ], [ -77.507557745999918, 21.862453518000052 ], [ -77.401356574999909, 21.79047272300005 ], [ -77.380970831999946, 21.781154690000051 ], [ -77.330067511999914, 21.76634349200009 ], [ -77.315785285999937, 21.756903387000079 ], [ -77.301584438999953, 21.743353583000044 ], [ -77.267730272999927, 21.71751536700009 ], [ -77.254302537999934, 21.712836005000042 ], [ -77.195423956999946, 21.671291408000059 ], [ -77.180653449999909, 21.664252020000049 ], [ -77.166737433999913, 21.660142320000091 ], [ -77.151844855999911, 21.660060940000051 ], [ -77.133941209999932, 21.664455471000053 ], [ -77.141713019999941, 21.645575262000079 ], [ -77.136301235999952, 21.633490302000041 ], [ -77.126210089999915, 21.624741929000038 ], [ -77.120269334999932, 21.616034247000073 ], [ -77.123768683999913, 21.596177476000037 ], [ -77.147816535999937, 21.571966864000046 ], [ -77.154408331999946, 21.554592190000051 ], [ -77.163197394999941, 21.56000397300005 ], [ -77.180490688999953, 21.578029690000051 ], [ -77.185414191999939, 21.581854559000078 ], [ -77.249745245999918, 21.609767971000053 ], [ -77.266021287999934, 21.614243882000039 ], [ -77.284779425999943, 21.616034247000073 ], [ -77.286732550999943, 21.610581773000035 ], [ -77.291615363999938, 21.60610586100006 ], [ -77.293771938999953, 21.602484442000048 ], [ -77.298817511999914, 21.603989976000037 ], [ -77.313588019999941, 21.611151434000078 ], [ -77.32445227799991, 21.620347398000035 ], [ -77.333159959999932, 21.623439846000053 ], [ -77.356190558999913, 21.621649481000077 ], [ -77.364247199999909, 21.611761786000045 ], [ -77.360951300999943, 21.600775458000044 ], [ -77.349598761999914, 21.595526434000078 ], [ -77.338002081999946, 21.592962958000044 ], [ -77.329701300999943, 21.587103583000044 ], [ -77.322010870999918, 21.580267645000049 ], [ -77.31273352799991, 21.575100002000056 ], [ -77.302805141999897, 21.572943427000041 ], [ -77.274769660999937, 21.575100002000056 ], [ -77.255116339999915, 21.567450262000079 ], [ -77.249989386999914, 21.550848700000074 ], [ -77.257232225999928, 21.534247137000079 ], [ -77.274769660999937, 21.526678778000075 ], [ -77.27757727799991, 21.518459377000056 ], [ -77.271229620999918, 21.500474351000037 ], [ -77.262521938999953, 21.483099677000041 ], [ -77.25804602799991, 21.476385809000078 ], [ -77.24673417899993, 21.474310614000046 ], [ -77.224354620999918, 21.477769273000035 ], [ -77.208485480999911, 21.476060289000088 ], [ -77.216460740999935, 21.458400783000059 ], [ -77.206613735999952, 21.460882880000042 ], [ -77.181711391999897, 21.472642320000091 ], [ -77.171294725999928, 21.478949286000045 ], [ -77.161854620999918, 21.480129299000055 ], [ -77.153065558999913, 21.495266018000052 ], [ -77.140736456999946, 21.548407294000071 ], [ -77.11546790299991, 21.59320709800005 ], [ -77.107248501999948, 21.60297272300005 ], [ -77.088286912999934, 21.60618724200009 ], [ -77.069935675999943, 21.595770575000074 ], [ -76.962635870999918, 21.472642320000091 ], [ -76.946766730999911, 21.459051825000074 ], [ -76.92992102799991, 21.447943427000041 ], [ -76.893706834999932, 21.431626695000091 ], [ -76.838449673999946, 21.420599677000041 ], [ -76.825428839999915, 21.411200262000079 ], [ -76.83226477799991, 21.397528387000079 ], [ -76.811756964999915, 21.397528387000079 ], [ -76.817616339999915, 21.376898505000042 ], [ -76.825550910999937, 21.36664459800005 ], [ -76.837717251999948, 21.363185940000051 ], [ -76.873158331999946, 21.361070054000038 ], [ -76.887440558999913, 21.355658270000049 ], [ -76.897450324999909, 21.346096096000053 ], [ -76.901193813999953, 21.332017320000091 ], [ -76.887277798999946, 21.30735911700009 ], [ -76.83617102799991, 21.332464911000045 ], [ -76.839100714999915, 21.307562567000048 ], [ -76.829457160999937, 21.314113674000055 ], [ -76.825021938999953, 21.324408270000049 ], [ -76.82258053299995, 21.33657461100006 ], [ -76.81859290299991, 21.348537502000056 ], [ -76.825428839999915, 21.348537502000056 ], [ -76.811431443999936, 21.368068752000056 ], [ -76.80728105399993, 21.378119208000044 ], [ -76.805572068999936, 21.39008209800005 ], [ -76.744130011999914, 21.370266018000052 ], [ -76.738392706999946, 21.37055084800005 ], [ -76.730580206999946, 21.374945380000042 ], [ -76.726144985999952, 21.373277085000041 ], [ -76.709339972999942, 21.362779039000088 ], [ -76.68228105399993, 21.356634833000044 ], [ -76.671498175999943, 21.355943101000037 ], [ -76.656076626999948, 21.349554755000042 ], [ -76.642486131999931, 21.335516669000071 ], [ -76.636586066999939, 21.321356512000079 ], [ -76.643910285999937, 21.315008856000077 ], [ -76.660145636999914, 21.311590887000079 ], [ -76.716175910999937, 21.287665106000077 ], [ -76.712310350999928, 21.302639065000051 ], [ -76.721506313999953, 21.311468817000048 ], [ -76.731434699999909, 21.311916408000059 ], [ -76.729847785999937, 21.301336981000077 ], [ -76.73468990799995, 21.285549221000053 ], [ -76.72134355399993, 21.279038804000038 ], [ -76.701161261999914, 21.275864976000037 ], [ -76.685210740999935, 21.269964911000045 ], [ -76.67015540299991, 21.259019273000035 ], [ -76.653309699999909, 21.251898505000042 ], [ -76.634388800999943, 21.247992255000042 ], [ -76.613148566999939, 21.24673086100006 ], [ -76.613148566999939, 21.252915757000039 ], [ -76.634917772999927, 21.26007721600007 ], [ -76.641468878999945, 21.264634507000039 ], [ -76.647328253999945, 21.273382880000042 ], [ -76.654042120999918, 21.28774648600006 ], [ -76.653553839999915, 21.294134833000044 ], [ -76.634266730999911, 21.301336981000077 ], [ -76.616769985999952, 21.301825262000079 ], [ -76.592925584999932, 21.294826565000051 ], [ -76.570790167999917, 21.282416083000044 ], [ -76.557932094999899, 21.266587632000039 ], [ -76.551665818999936, 21.266587632000039 ], [ -76.551665818999936, 21.287665106000077 ], [ -76.544911261999914, 21.287665106000077 ], [ -76.548410610999952, 21.247626044000071 ], [ -76.559885219999899, 21.234523830000057 ], [ -76.613148566999939, 21.232367255000042 ], [ -76.613148566999939, 21.225572007000039 ], [ -76.592681443999936, 21.225572007000039 ], [ -76.606312628999945, 21.218736070000091 ], [ -76.598255988999938, 21.205877997000073 ], [ -76.588449673999946, 21.206366278000075 ], [ -76.577300584999932, 21.211371161000045 ], [ -76.565337693999936, 21.211981512000079 ], [ -76.556792772999927, 21.205226955000057 ], [ -76.546742316999939, 21.18781159100007 ], [ -76.537464972999942, 21.184637762000079 ], [ -76.532378709999932, 21.186712958000044 ], [ -76.525502081999946, 21.191595770000049 ], [ -76.519520636999914, 21.197251695000091 ], [ -76.514556443999936, 21.205267645000049 ], [ -76.497059699999909, 21.205145575000074 ], [ -76.467640753999945, 21.22134023600006 ], [ -76.456125454999949, 21.225572007000039 ], [ -76.471587693999936, 21.230658270000049 ], [ -76.504261847999942, 21.234808661000045 ], [ -76.516957160999937, 21.239243882000039 ], [ -76.529042120999918, 21.252630927000041 ], [ -76.532378709999932, 21.268622137000079 ], [ -76.525542772999927, 21.282049872000073 ], [ -76.507313605999911, 21.287665106000077 ], [ -76.387562628999945, 21.284328518000052 ], [ -76.363026495999918, 21.277085679000038 ], [ -76.348784959999932, 21.266058661000045 ], [ -76.316517706999946, 21.25421784100007 ], [ -76.290272589999915, 21.233710028000075 ], [ -76.275868292999917, 21.225043036000045 ], [ -76.169667120999918, 21.187160549000055 ], [ -76.137806769999941, 21.167222398000035 ], [ -76.133412238999938, 21.143703518000052 ], [ -76.129994269999941, 21.135565497000073 ], [ -76.130726691999939, 21.114162502000056 ], [ -76.126576300999943, 21.102118231000077 ], [ -76.116769985999952, 21.091498114000046 ], [ -76.109852667999917, 21.092230536000045 ], [ -76.09984290299991, 21.102118231000077 ], [ -76.083811001999948, 21.110541083000044 ], [ -76.072661912999934, 21.112982489000046 ], [ -76.058257615999935, 21.109564520000049 ], [ -76.048085089999915, 21.10382721600007 ], [ -76.041005011999914, 21.096665757000039 ], [ -76.037220831999946, 21.08734772300005 ], [ -76.037180141999897, 21.074774481000077 ], [ -76.030913865999935, 21.074774481000077 ], [ -76.023548956999946, 21.089056708000044 ], [ -76.016713019999941, 21.07367584800005 ], [ -76.008168097999942, 21.070298570000091 ], [ -76.00218665299991, 21.078070380000042 ], [ -76.003041144999941, 21.095892645000049 ], [ -75.994618292999917, 21.094549872000073 ], [ -75.967884894999941, 21.093980210000041 ], [ -75.95531165299991, 21.095892645000049 ], [ -75.949045376999948, 21.099798895000049 ], [ -75.933461066999939, 21.112941799000055 ], [ -75.924875454999949, 21.115708726000037 ], [ -75.91242428299995, 21.115179755000042 ], [ -75.899891730999911, 21.112779039000088 ], [ -75.890248175999943, 21.10773346600007 ], [ -75.881947394999941, 21.090277411000045 ], [ -75.873524542999917, 21.088771877000056 ], [ -75.868275519999941, 21.093085028000075 ], [ -75.87336178299995, 21.102118231000077 ], [ -75.821766730999911, 21.136867580000057 ], [ -75.816273566999939, 21.135646877000056 ], [ -75.801258917999917, 21.129299221000053 ], [ -75.798207160999937, 21.126613674000055 ], [ -75.794016079999949, 21.119045315000051 ], [ -75.784291144999941, 21.118638414000088 ], [ -75.766835089999915, 21.123236395000049 ], [ -75.732289191999939, 21.123277085000041 ], [ -75.704009568999936, 21.118963934000078 ], [ -75.684315558999913, 21.103094794000071 ], [ -75.675363735999952, 21.068589585000041 ], [ -75.635894334999932, 21.076361395000049 ], [ -75.613148566999939, 21.062567450000074 ], [ -75.578480597999942, 21.013373114000046 ], [ -75.598947719999899, 20.972357489000046 ], [ -75.604847785999937, 20.965399481000077 ], [ -75.616037563999953, 20.956732489000046 ], [ -75.620106574999909, 20.951239325000074 ], [ -75.621937628999945, 20.944810289000088 ], [ -75.624175584999932, 20.929877020000049 ], [ -75.626332160999937, 20.923976955000057 ], [ -75.634877081999946, 20.912543036000045 ], [ -75.64875240799995, 20.899400132000039 ], [ -75.665150519999941, 20.89008209800005 ], [ -75.681548631999931, 20.890448309000078 ], [ -75.686512824999909, 20.900051174000055 ], [ -75.690256313999953, 20.915187893000052 ], [ -75.696400519999941, 20.924872137000079 ], [ -75.708851691999939, 20.917710679000038 ], [ -75.71703040299991, 20.922552802000041 ], [ -75.723622199999909, 20.923407294000071 ], [ -75.729481574999909, 20.921454169000071 ], [ -75.735503709999932, 20.917710679000038 ], [ -75.727365688999953, 20.916571356000077 ], [ -75.721424933999913, 20.914455471000053 ], [ -75.717518683999913, 20.910345770000049 ], [ -75.715687628999945, 20.903509833000044 ], [ -75.744007941999939, 20.901556708000044 ], [ -75.743397589999915, 20.889349677000041 ], [ -75.730458136999914, 20.872219143000052 ], [ -75.721831834999932, 20.855047919000071 ], [ -75.715687628999945, 20.855047919000071 ], [ -75.704497850999928, 20.870835679000038 ], [ -75.678130662999934, 20.878241278000075 ], [ -75.648182745999918, 20.87954336100006 ], [ -75.626332160999937, 20.876776434000078 ], [ -75.584868943999936, 20.856838283000059 ], [ -75.578480597999942, 20.851955471000053 ], [ -75.577381964999915, 20.838080145000049 ], [ -75.573312954999949, 20.827541408000059 ], [ -75.564930792999917, 20.821478583000044 ], [ -75.551136847999942, 20.821519273000035 ], [ -75.559071417999917, 20.797674872000073 ], [ -75.573150193999936, 20.797674872000073 ], [ -75.589100714999915, 20.807684637000079 ], [ -75.602691209999932, 20.814113674000055 ], [ -75.610178188999953, 20.816555080000057 ], [ -75.613433397999927, 20.822495835000041 ], [ -75.615712042999917, 20.829657294000071 ], [ -75.620106574999909, 20.835842190000051 ], [ -75.630604620999918, 20.843085028000075 ], [ -75.685373501999948, 20.835109768000052 ], [ -75.704741990999935, 20.828680731000077 ], [ -75.770253058999913, 20.835842190000051 ], [ -75.765004035999937, 20.824408270000049 ], [ -75.766346808999913, 20.811590887000079 ], [ -75.776478644999941, 20.78742096600007 ], [ -75.77570553299995, 20.781317450000074 ], [ -75.776600714999915, 20.768703518000052 ], [ -75.779367641999897, 20.756903387000079 ], [ -75.783924933999913, 20.74640534100007 ], [ -75.774647589999915, 20.737616278000075 ], [ -75.763050910999937, 20.716009833000044 ], [ -75.724517381999931, 20.695502020000049 ], [ -75.708851691999939, 20.690578518000052 ], [ -75.702015753999945, 20.701117255000042 ], [ -75.691029425999943, 20.722886460000041 ], [ -75.643177863999938, 20.760728257000039 ], [ -75.63312740799995, 20.780585028000075 ], [ -75.617298956999946, 20.768622137000079 ], [ -75.60773678299995, 20.753159898000035 ], [ -75.60570227799991, 20.735988674000055 ], [ -75.612619594999899, 20.718491929000038 ], [ -75.586822068999936, 20.721502997000073 ], [ -75.577504035999937, 20.718451239000046 ], [ -75.581898566999939, 20.707953192000048 ], [ -75.583566860999952, 20.698228257000039 ], [ -75.573312954999949, 20.691392320000091 ], [ -75.551136847999942, 20.684393622000073 ], [ -75.556711391999897, 20.706447658000059 ], [ -75.497792120999918, 20.693426825000074 ], [ -75.482248501999948, 20.71165599200009 ], [ -75.476063605999911, 20.71165599200009 ], [ -75.471262173999946, 20.706122137000079 ], [ -75.464711066999939, 20.70062897300005 ], [ -75.456857876999948, 20.695502020000049 ], [ -75.448109503999945, 20.691148179000038 ], [ -75.440663214999915, 20.71165599200009 ], [ -75.457183397999927, 20.717962958000044 ], [ -75.465931769999941, 20.719224351000037 ], [ -75.476063605999911, 20.718491929000038 ], [ -75.463612433999913, 20.734076239000046 ], [ -75.43968665299991, 20.740627346000053 ], [ -75.413563605999911, 20.741156317000048 ], [ -75.394154425999943, 20.738959052000041 ], [ -75.376576300999943, 20.732163804000038 ], [ -75.356027798999946, 20.719916083000044 ], [ -75.349232550999943, 20.708482164000088 ], [ -75.373036261999914, 20.704250393000052 ], [ -75.364328579999949, 20.691392320000091 ], [ -75.359364386999914, 20.677557684000078 ], [ -75.352609829999949, 20.677557684000078 ], [ -75.351389126999948, 20.681870835000041 ], [ -75.345773891999897, 20.691148179000038 ], [ -75.337228969999899, 20.669663804000038 ], [ -75.31281490799995, 20.664740302000041 ], [ -75.256337042999917, 20.670721747000073 ], [ -75.27375240799995, 20.681586005000042 ], [ -75.311594204999949, 20.699448960000041 ], [ -75.331410285999937, 20.704250393000052 ], [ -75.318714972999942, 20.71710846600007 ], [ -75.294300910999937, 20.723130601000037 ], [ -75.267974412999934, 20.723334052000041 ], [ -75.249501105999911, 20.718491929000038 ], [ -75.256337042999917, 20.725978908000059 ], [ -75.241037563999953, 20.724798895000049 ], [ -75.194325324999909, 20.715643622000073 ], [ -75.18195553299995, 20.709133205000057 ], [ -75.178578253999945, 20.702215887000079 ], [ -75.194894985999952, 20.69798411700009 ], [ -75.194894985999952, 20.691148179000038 ], [ -75.166981574999909, 20.684393622000073 ], [ -75.163970506999931, 20.689195054000038 ], [ -75.160755988999938, 20.691148179000038 ], [ -75.14907792899993, 20.683091539000088 ], [ -75.131825324999909, 20.687404690000051 ], [ -75.115345831999946, 20.686590887000079 ], [ -75.10610917899993, 20.663275458000044 ], [ -75.099598761999914, 20.677679755000042 ], [ -75.098703579999949, 20.684393622000073 ], [ -75.089426235999952, 20.677679755000042 ], [ -75.08039303299995, 20.673651434000078 ], [ -75.071929490999935, 20.673244533000059 ], [ -75.064564581999946, 20.677557684000078 ], [ -75.07876542899993, 20.691148179000038 ], [ -74.99836178299995, 20.700751044000071 ], [ -74.978871222999942, 20.694566148000035 ], [ -74.969227667999917, 20.689520575000074 ], [ -74.959095831999946, 20.687323309000078 ], [ -74.951079881999931, 20.683579820000091 ], [ -74.947865363999938, 20.67413971600007 ], [ -74.940744594999899, 20.668402411000045 ], [ -74.924672003999945, 20.668036200000074 ], [ -74.900054490999935, 20.670721747000073 ], [ -74.883534308999913, 20.659491278000075 ], [ -74.869292772999927, 20.64594147300005 ], [ -74.850900844999899, 20.634588934000078 ], [ -74.771839972999942, 20.625799872000073 ], [ -74.751210089999915, 20.619574286000045 ], [ -74.735585089999915, 20.609279690000051 ], [ -74.749867316999939, 20.602443752000056 ], [ -74.735585089999915, 20.578558661000045 ], [ -74.734934048999946, 20.567613023000035 ], [ -74.732574022999927, 20.564846096000053 ], [ -74.728382941999939, 20.564439195000091 ], [ -74.721913214999915, 20.56085846600007 ], [ -74.709828253999945, 20.552232164000088 ], [ -74.673491990999935, 20.540961005000042 ], [ -74.669992641999897, 20.52765534100007 ], [ -74.65070553299995, 20.513088283000059 ], [ -74.605213995999918, 20.485744533000059 ], [ -74.597279425999943, 20.476792710000041 ], [ -74.586496548999946, 20.45579661700009 ], [ -74.554798956999946, 20.414455471000053 ], [ -74.547230597999942, 20.410060940000051 ], [ -74.543934699999909, 20.403550523000035 ], [ -74.494984503999945, 20.355169989000046 ], [ -74.485747850999928, 20.350816148000035 ], [ -74.472075975999928, 20.349188544000071 ], [ -74.450266079999949, 20.343085028000075 ], [ -74.423410610999952, 20.32758209800005 ], [ -74.401112433999913, 20.30727773600006 ], [ -74.392974412999934, 20.286525783000059 ], [ -74.385568813999953, 20.286525783000059 ], [ -74.372181769999941, 20.300523179000038 ], [ -74.351918097999942, 20.300441799000055 ], [ -74.329701300999943, 20.29523346600007 ], [ -74.310414191999939, 20.293931382000039 ], [ -74.293690558999913, 20.300930080000057 ], [ -74.276234503999945, 20.311224677000041 ], [ -74.257191535999937, 20.319647528000075 ], [ -74.235951300999943, 20.321234442000048 ], [ -74.223540818999936, 20.317368882000039 ], [ -74.213612433999913, 20.310980536000045 ], [ -74.193714972999942, 20.293931382000039 ], [ -74.159657355999911, 20.273423570000091 ], [ -74.147531704999949, 20.259182033000059 ], [ -74.139637824999909, 20.242336330000057 ], [ -74.13508053299995, 20.223822333000044 ], [ -74.132883266999897, 20.204575914000088 ], [ -74.141957160999937, 20.182603257000039 ], [ -74.162912563999953, 20.17055898600006 ], [ -74.184071417999917, 20.162665106000077 ], [ -74.198068813999953, 20.148871161000045 ], [ -74.218332485999952, 20.137844143000052 ], [ -74.225087042999917, 20.135687567000048 ], [ -74.230295376999948, 20.13031647300005 ], [ -74.235951300999943, 20.094671942000048 ], [ -74.267404751999948, 20.068304755000042 ], [ -74.304514126999948, 20.069322007000039 ], [ -74.346587693999936, 20.079575914000088 ], [ -74.392974412999934, 20.081040757000039 ], [ -74.455922003999945, 20.06867096600007 ], [ -74.49836178299995, 20.065619208000044 ], [ -74.580476955999927, 20.047642379000081 ], [ -74.618649989999938, 20.054519508000055 ], [ -74.650183918999915, 20.042163631000051 ], [ -74.713124171999937, 20.051800607000075 ], [ -74.788424855999949, 20.03946681900004 ], [ -74.812977667999917, 20.037258205000057 ], [ -74.838002081999946, 20.026434637000079 ], [ -74.855132615999935, 20.012762762000079 ], [ -74.870676235999952, 19.997015692000048 ], [ -74.887806769999941, 19.984076239000046 ], [ -74.910023566999939, 19.978664455000057 ], [ -74.933516762999943, 19.97821893400004 ], [ -74.9473341019999, 19.975949496000055 ], [ -74.955515932999901, 19.967813299000056 ], [ -74.961560749999933, 19.947009654000055 ], [ -74.977867950999951, 19.92303486600008 ], [ -75.01008053299995, 19.91156647300005 ], [ -75.045667739999942, 19.90760060100007 ], [ -75.05103469799991, 19.919371866000063 ], [ -75.058231433999936, 19.922965563000048 ], [ -75.063517880999939, 19.921604784000067 ], [ -75.066378021999924, 19.914368366000076 ], [ -75.066332835999901, 19.904861972000049 ], [ -75.091779838999912, 19.89713258800009 ], [ -75.095005810746201, 19.897225962598796 ] ] ], [ [ [ -78.333119269999941, 20.554632880000042 ], [ -78.326079881999931, 20.535101630000042 ], [ -78.32835852799991, 20.521307684000078 ], [ -78.338978644999941, 20.518011786000045 ], [ -78.357289191999939, 20.530422268000052 ], [ -78.368967251999948, 20.536525783000059 ], [ -78.383859829999949, 20.540594794000071 ], [ -78.396595831999946, 20.546454169000071 ], [ -78.409779425999943, 20.573635158000059 ], [ -78.427845831999946, 20.585638739000046 ], [ -78.463449673999946, 20.602443752000056 ], [ -78.449208136999914, 20.612941799000055 ], [ -78.433501756999931, 20.609523830000057 ], [ -78.418934699999909, 20.599107164000088 ], [ -78.408192511999914, 20.588771877000056 ], [ -78.393422003999945, 20.569973049000055 ], [ -78.384185350999928, 20.562160549000055 ], [ -78.367258266999897, 20.554632880000042 ], [ -78.364491339999915, 20.570217190000051 ], [ -78.355295376999948, 20.573431708000044 ], [ -78.343576626999948, 20.567328192000048 ], [ -78.333119269999941, 20.554632880000042 ] ] ], [ [ [ -78.436146613999938, 20.725978908000059 ], [ -78.449126756999931, 20.711615302000041 ], [ -78.495757615999935, 20.701239325000074 ], [ -78.511830206999946, 20.691148179000038 ], [ -78.527821417999917, 20.699286200000074 ], [ -78.545399542999917, 20.704250393000052 ], [ -78.533192511999914, 20.712795315000051 ], [ -78.49836178299995, 20.72016022300005 ], [ -78.483957485999952, 20.732163804000038 ], [ -78.478586391999897, 20.730169989000046 ], [ -78.476470506999931, 20.725978908000059 ], [ -78.465891079999949, 20.73118724200009 ], [ -78.455799933999913, 20.731756903000075 ], [ -78.436146613999938, 20.725978908000059 ] ] ], [ [ [ -78.826568162999934, 20.753241278000075 ], [ -78.807036912999934, 20.757228908000059 ], [ -78.785959438999953, 20.748968817000048 ], [ -78.750843878999945, 20.725978908000059 ], [ -78.768055792999917, 20.712225653000075 ], [ -78.792347785999937, 20.719916083000044 ], [ -78.814808722999942, 20.737453518000052 ], [ -78.826568162999934, 20.753241278000075 ] ] ], [ [ [ -75.517079230999911, 20.794256903000075 ], [ -75.508168097999942, 20.78656647300005 ], [ -75.493763800999943, 20.761053778000075 ], [ -75.485707160999937, 20.749823309000078 ], [ -75.482167120999918, 20.737779039000088 ], [ -75.500843878999945, 20.737941799000055 ], [ -75.534087693999936, 20.74640534100007 ], [ -75.551828579999949, 20.749009507000039 ], [ -75.567534959999932, 20.756781317000048 ], [ -75.577748175999943, 20.769517320000091 ], [ -75.578480597999942, 20.78742096600007 ], [ -75.529164191999939, 20.795803127000056 ], [ -75.517079230999911, 20.794256903000075 ] ] ], [ [ [ -78.925852016999897, 20.807847398000035 ], [ -78.876616990999935, 20.80923086100006 ], [ -78.858550584999932, 20.79954661700009 ], [ -78.847035285999937, 20.773138739000046 ], [ -78.854481574999909, 20.773138739000046 ], [ -78.871490037999934, 20.784857489000046 ], [ -78.94163977799991, 20.792629299000055 ], [ -78.964344855999911, 20.814113674000055 ], [ -78.952137824999909, 20.831366278000075 ], [ -78.942250128999945, 20.839585679000038 ], [ -78.932728644999941, 20.838934637000079 ], [ -78.928089972999942, 20.831122137000079 ], [ -78.926136847999942, 20.820746161000045 ], [ -78.925852016999897, 20.807847398000035 ] ] ], [ [ [ -79.025217251999948, 20.886664130000042 ], [ -79.013539191999939, 20.88226959800005 ], [ -78.989979620999918, 20.87962474200009 ], [ -78.971180792999917, 20.873521226000037 ], [ -78.973988410999937, 20.858791408000059 ], [ -78.98273678299995, 20.844631252000056 ], [ -78.988880988999938, 20.839056708000044 ], [ -78.991688605999911, 20.845445054000038 ], [ -78.995106574999909, 20.849188544000071 ], [ -79.018910285999937, 20.855047919000071 ], [ -79.069203253999945, 20.885972398000035 ], [ -79.079823370999918, 20.897284247000073 ], [ -79.06704667899993, 20.89915599200009 ], [ -79.048817511999914, 20.898016669000071 ], [ -79.032297329999949, 20.893744208000044 ], [ -79.025217251999948, 20.886664130000042 ] ] ], [ [ [ -79.073597785999937, 20.917710679000038 ], [ -79.078602667999917, 20.91828034100007 ], [ -79.09406490799995, 20.917710679000038 ], [ -79.091297980999911, 20.912095445000091 ], [ -79.087228969999899, 20.897284247000073 ], [ -79.115589972999942, 20.910834052000041 ], [ -79.134510870999918, 20.927069403000075 ], [ -79.169178839999915, 20.964911200000074 ], [ -79.169178839999915, 20.972357489000046 ], [ -79.151763475999928, 20.966050523000035 ], [ -79.13890540299991, 20.954657294000071 ], [ -79.127552863999938, 20.94171784100007 ], [ -79.114572719999899, 20.930812893000052 ], [ -79.127674933999913, 20.950873114000046 ], [ -79.149810350999928, 20.976792710000041 ], [ -79.175038214999915, 20.997015692000048 ], [ -79.197092251999948, 20.999701239000046 ], [ -79.197092251999948, 20.992254950000074 ], [ -79.193755662999934, 20.988714911000045 ], [ -79.189605272999927, 20.979193427000041 ], [ -79.200998501999948, 20.982407945000091 ], [ -79.210764126999948, 20.987779039000088 ], [ -79.218658006999931, 20.995510158000059 ], [ -79.224436001999948, 21.005845445000091 ], [ -79.182118292999917, 21.008002020000049 ], [ -79.137684699999909, 20.982652085000041 ], [ -79.098947719999899, 20.947007554000038 ], [ -79.073597785999937, 20.917710679000038 ] ] ], [ [ [ -79.38890540299991, 21.123236395000049 ], [ -79.357329881999931, 21.12759023600006 ], [ -79.331898566999939, 21.113185940000051 ], [ -79.292632615999935, 21.074774481000077 ], [ -79.308013475999928, 21.068793036000045 ], [ -79.324777798999946, 21.068304755000042 ], [ -79.340728318999936, 21.07290273600006 ], [ -79.354115363999938, 21.082220770000049 ], [ -79.347401495999918, 21.081691799000055 ], [ -79.32681230399993, 21.082220770000049 ], [ -79.331166144999941, 21.093003648000035 ], [ -79.33853105399993, 21.099839585000041 ], [ -79.346791144999941, 21.101263739000046 ], [ -79.354115363999938, 21.095892645000049 ], [ -79.380238410999937, 21.113836981000077 ], [ -79.38890540299991, 21.123236395000049 ] ] ], [ [ [ -81.376535610999952, 21.703070380000042 ], [ -81.417551235999952, 21.667914130000042 ], [ -81.496693488999938, 21.618475653000075 ], [ -81.527699347999942, 21.605861721000053 ], [ -81.560658331999946, 21.60297272300005 ], [ -81.56078040299991, 21.622381903000075 ], [ -81.551380988999938, 21.62759023600006 ], [ -81.523508266999897, 21.623439846000053 ], [ -81.512440558999913, 21.630845445000091 ], [ -81.503041144999941, 21.645697333000044 ], [ -81.493519660999937, 21.657049872000073 ], [ -81.482167120999918, 21.653876044000071 ], [ -81.46906490799995, 21.648179429000038 ], [ -81.454497850999928, 21.65180084800005 ], [ -81.442697719999899, 21.659979559000078 ], [ -81.43781490799995, 21.667873440000051 ], [ -81.431711391999897, 21.68500397300005 ], [ -81.417307094999899, 21.697211005000042 ], [ -81.385975714999915, 21.715969143000052 ], [ -81.377674933999913, 21.718939520000049 ], [ -81.371652798999946, 21.714748440000051 ], [ -81.36937415299991, 21.708563544000071 ], [ -81.376535610999952, 21.703070380000042 ] ] ], [ [ [ -82.568023240999935, 21.636542059000078 ], [ -82.575184699999909, 21.624701239000046 ], [ -82.567128058999913, 21.612005927000041 ], [ -82.552642381999931, 21.601385809000078 ], [ -82.540760870999918, 21.595526434000078 ], [ -82.550892706999946, 21.580267645000049 ], [ -82.571441209999932, 21.559759833000044 ], [ -82.594634568999936, 21.541815497000073 ], [ -82.612700975999928, 21.534084377000056 ], [ -82.631459113999938, 21.530747789000088 ], [ -82.759185350999928, 21.470607815000051 ], [ -82.835560675999943, 21.444728908000059 ], [ -82.906239386999914, 21.437486070000091 ], [ -82.918120897999927, 21.441595770000049 ], [ -82.927235480999911, 21.450995184000078 ], [ -82.992583787999934, 21.452134507000039 ], [ -83.00226803299995, 21.455023505000042 ], [ -83.021839972999942, 21.463080145000049 ], [ -83.033558722999942, 21.465806382000039 ], [ -83.069488084999932, 21.46515534100007 ], [ -83.078521287999934, 21.469224351000037 ], [ -83.111154751999948, 21.509751695000091 ], [ -83.123605923999946, 21.520453192000048 ], [ -83.151722785999937, 21.537909247000073 ], [ -83.162098761999914, 21.549261786000045 ], [ -83.171376105999911, 21.568264065000051 ], [ -83.178212042999917, 21.595526434000078 ], [ -83.189523891999897, 21.620266018000052 ], [ -83.191802537999934, 21.63031647300005 ], [ -83.185047980999911, 21.63031647300005 ], [ -83.173939581999946, 21.620103257000039 ], [ -83.123605923999946, 21.585638739000046 ], [ -83.117014126999948, 21.57172272300005 ], [ -83.101307745999918, 21.559800523000035 ], [ -83.082020636999914, 21.551459052000041 ], [ -83.065256313999896, 21.548407294000071 ], [ -83.023915167999917, 21.548407294000071 ], [ -83.020578579999949, 21.552476304000038 ], [ -82.992583787999934, 21.575100002000056 ], [ -82.976918097999942, 21.584865627000056 ], [ -82.969227667999917, 21.59125397300005 ], [ -82.965931769999941, 21.599269924000055 ], [ -82.962798631999931, 21.59829336100006 ], [ -82.957630988999938, 21.592352606000077 ], [ -82.956532355999911, 21.582180080000057 ], [ -82.965931769999941, 21.568264065000051 ], [ -82.959095831999946, 21.561997789000088 ], [ -82.941029425999943, 21.593085028000075 ], [ -82.946115688999896, 21.604641018000052 ], [ -82.975900844999899, 21.609198309000078 ], [ -82.987660285999937, 21.61977773600006 ], [ -83.073475714999915, 21.760565497000073 ], [ -83.085601365999935, 21.800279039000088 ], [ -83.075184699999909, 21.843166408000059 ], [ -83.032826300999943, 21.874335028000075 ], [ -83.027333136999914, 21.887274481000077 ], [ -83.018666144999941, 21.897691148000035 ], [ -82.998524542999917, 21.910956122000073 ], [ -82.975697394999941, 21.921820380000042 ], [ -82.959095831999946, 21.925116278000075 ], [ -82.970082160999937, 21.92999909100007 ], [ -82.981027798999946, 21.93195221600007 ], [ -82.992583787999934, 21.93195221600007 ], [ -83.004709438999896, 21.937648830000057 ], [ -83.005238410999937, 21.939601955000057 ], [ -82.998768683999913, 21.941839911000045 ], [ -82.989491339999915, 21.948431708000044 ], [ -82.858998175999943, 21.933661200000074 ], [ -82.777495897999927, 21.914862372000073 ], [ -82.721424933999913, 21.900091864000046 ], [ -82.703724738999938, 21.892808335000041 ], [ -82.690174933999913, 21.881822007000039 ], [ -82.684722459999932, 21.866156317000048 ], [ -82.688221808999913, 21.847642320000091 ], [ -82.693470831999946, 21.835435289000088 ], [ -82.692534959999932, 21.824042059000078 ], [ -82.677886522999927, 21.807806708000044 ], [ -82.632964647999927, 21.773627020000049 ], [ -82.619536912999934, 21.774318752000056 ], [ -82.60960852799991, 21.769598700000074 ], [ -82.602935350999928, 21.758490302000041 ], [ -82.59788977799991, 21.746039130000042 ], [ -82.592600063999896, 21.736761786000045 ], [ -82.592355923999946, 21.729071356000077 ], [ -82.597727016999897, 21.71743398600006 ], [ -82.608998175999943, 21.698553778000075 ], [ -82.616444464999915, 21.698553778000075 ], [ -82.611073370999918, 21.690130927000041 ], [ -82.609527147999927, 21.681586005000042 ], [ -82.611439581999946, 21.672919012000079 ], [ -82.616444464999915, 21.664455471000053 ], [ -82.593861456999946, 21.651068427000041 ], [ -82.581898566999939, 21.645738023000035 ], [ -82.568023240999935, 21.643947658000059 ], [ -82.568023240999935, 21.636542059000078 ] ] ], [ [ [ -77.634185350999928, 22.054266669000071 ], [ -77.626576300999943, 22.042059637000079 ], [ -77.624379035999937, 22.029730536000045 ], [ -77.627064581999946, 22.016180731000077 ], [ -77.64867102799991, 21.971136786000045 ], [ -77.645578579999949, 21.961493231000077 ], [ -77.634185350999928, 21.945013739000046 ], [ -77.649647589999915, 21.944484768000052 ], [ -77.661529100999928, 21.940130927000041 ], [ -77.682606574999909, 21.925116278000075 ], [ -77.677886522999927, 21.943019924000055 ], [ -77.684315558999913, 21.951157945000091 ], [ -77.695057745999918, 21.948065497000073 ], [ -77.703114386999914, 21.93195221600007 ], [ -77.696156378999945, 21.922267971000053 ], [ -77.695423956999946, 21.915187893000052 ], [ -77.703114386999914, 21.910834052000041 ], [ -77.708892381999931, 21.912176825000074 ], [ -77.715891079999949, 21.923041083000044 ], [ -77.728179490999935, 21.938788153000075 ], [ -77.732980923999946, 21.948187567000048 ], [ -77.739125128999945, 21.957220770000049 ], [ -77.751535610999952, 21.966131903000075 ], [ -77.765777147999927, 21.959784247000073 ], [ -77.787261522999927, 21.964056708000044 ], [ -77.808664516999897, 21.973578192000048 ], [ -77.82258053299995, 21.98314036700009 ], [ -77.825103318999936, 21.991848049000055 ], [ -77.821156378999945, 22.002427476000037 ], [ -77.815297003999945, 22.013617255000042 ], [ -77.812367316999939, 22.024115302000041 ], [ -77.817128058999913, 22.031317450000074 ], [ -77.827951626999948, 22.036118882000039 ], [ -77.847075975999928, 22.041205145000049 ], [ -77.84203040299991, 22.032619533000059 ], [ -77.84007727799991, 22.023993231000077 ], [ -77.841664191999939, 22.015366929000038 ], [ -77.847075975999928, 22.007025458000044 ], [ -77.853911912999934, 22.027533270000049 ], [ -77.860096808999913, 22.027533270000049 ], [ -77.870228644999941, 22.013251044000071 ], [ -77.886586066999939, 22.00922272300005 ], [ -77.901844855999911, 22.015204169000071 ], [ -77.908558722999942, 22.031236070000091 ], [ -77.917225714999915, 22.043158270000049 ], [ -77.934478318999936, 22.056138414000088 ], [ -77.947132941999939, 22.072821356000077 ], [ -77.94204667899993, 22.095851955000057 ], [ -77.94945227799991, 22.102606512000079 ], [ -77.930165167999917, 22.102118231000077 ], [ -77.91624915299991, 22.093817450000074 ], [ -77.903635219999899, 22.083238023000035 ], [ -77.888050910999937, 22.075995184000078 ], [ -77.871693488999938, 22.07562897300005 ], [ -77.860422329999949, 22.080959377000056 ], [ -77.850819464999915, 22.088690497000073 ], [ -77.839670376999948, 22.095851955000057 ], [ -77.82249915299991, 22.100531317000048 ], [ -77.808501756999931, 22.099554755000042 ], [ -77.796376105999911, 22.095038153000075 ], [ -77.785023566999939, 22.089016018000052 ], [ -77.781239386999914, 22.084784247000073 ], [ -77.771962042999917, 22.071356512000079 ], [ -77.767689581999946, 22.068508205000057 ], [ -77.759103969999899, 22.07062409100007 ], [ -77.744699673999946, 22.080023505000042 ], [ -77.737212693999936, 22.082180080000057 ], [ -77.726307745999918, 22.077622789000088 ], [ -77.694203253999945, 22.058010158000059 ], [ -77.682606574999909, 22.054266669000071 ], [ -77.669667120999918, 22.06085846600007 ], [ -77.661447719999899, 22.069322007000039 ], [ -77.651722785999937, 22.070257880000042 ], [ -77.634185350999928, 22.054266669000071 ] ] ], [ [ [ -77.847075975999928, 22.260321356000077 ], [ -77.839588995999918, 22.27374909100007 ], [ -77.850697394999941, 22.288804429000038 ], [ -77.868478969999899, 22.301743882000039 ], [ -77.880686001999948, 22.308742580000057 ], [ -77.85610917899993, 22.312445380000042 ], [ -77.83421790299991, 22.295884507000039 ], [ -77.818430141999897, 22.271144924000055 ], [ -77.805734829999949, 22.228216864000046 ], [ -77.790150519999941, 22.211493231000077 ], [ -77.772043423999946, 22.196112372000073 ], [ -77.757720506999931, 22.17837148600006 ], [ -77.781727667999917, 22.177801825000074 ], [ -77.807118292999917, 22.20258209800005 ], [ -77.847075975999928, 22.260321356000077 ] ] ], [ [ [ -77.997303839999915, 22.147365627000056 ], [ -78.00413977799991, 22.162258205000057 ], [ -78.036040818999936, 22.183417059000078 ], [ -78.045725063999953, 22.198879299000055 ], [ -78.029449022999927, 22.20453522300005 ], [ -78.016468878999945, 22.21743398600006 ], [ -78.007923956999946, 22.23383209800005 ], [ -78.004750128999945, 22.250067450000074 ], [ -78.003325975999928, 22.286363023000035 ], [ -78.006825324999909, 22.297674872000073 ], [ -78.01781165299991, 22.314886786000045 ], [ -78.002674933999913, 22.312689520000049 ], [ -77.987172003999945, 22.307806708000044 ], [ -77.97492428299995, 22.298895575000074 ], [ -77.969960089999915, 22.284816799000055 ], [ -77.975656704999949, 22.275620835000041 ], [ -77.986480272999927, 22.265570380000042 ], [ -77.993397589999915, 22.253119208000044 ], [ -77.987416144999941, 22.236721096000053 ], [ -77.978627081999946, 22.233221747000073 ], [ -77.953968878999945, 22.236517645000049 ], [ -77.94204667899993, 22.232977606000077 ], [ -77.935129360999952, 22.224025783000059 ], [ -77.930572068999936, 22.213853257000039 ], [ -77.923410610999952, 22.206366278000075 ], [ -77.908558722999942, 22.205023505000042 ], [ -77.921620245999918, 22.212469794000071 ], [ -77.913197394999941, 22.224310614000046 ], [ -77.902333136999914, 22.232977606000077 ], [ -77.89484615799995, 22.220851955000057 ], [ -77.884877081999946, 22.214789130000042 ], [ -77.875070766999897, 22.216294664000088 ], [ -77.867583787999934, 22.226752020000049 ], [ -77.85960852799991, 22.20962148600006 ], [ -77.870472785999937, 22.202215887000079 ], [ -77.888661261999914, 22.198431708000044 ], [ -77.902333136999914, 22.19204336100006 ], [ -77.890777147999927, 22.189154364000046 ], [ -77.882191535999937, 22.183294989000046 ], [ -77.874908006999931, 22.176703192000048 ], [ -77.867583787999934, 22.171535549000055 ], [ -77.857004360999952, 22.168198960000041 ], [ -77.836415167999917, 22.164211330000057 ], [ -77.825998501999948, 22.157904364000046 ], [ -77.848500128999945, 22.116034247000073 ], [ -77.863433397999927, 22.099188544000071 ], [ -77.874419725999928, 22.109523830000057 ], [ -77.878977016999897, 22.107570705000057 ], [ -77.890492316999939, 22.104641018000052 ], [ -77.894886847999942, 22.102606512000079 ], [ -77.900746222999942, 22.114488023000035 ], [ -77.908558722999942, 22.123114325000074 ], [ -77.912831183999913, 22.14321523600006 ], [ -77.933949347999942, 22.150213934000078 ], [ -77.950754360999952, 22.142157294000071 ], [ -77.94204667899993, 22.116888739000046 ], [ -77.954945441999939, 22.122259833000044 ], [ -77.990101691999939, 22.141831773000035 ], [ -77.997303839999915, 22.147365627000056 ] ] ], [ [ [ -78.196522589999915, 22.329169012000079 ], [ -78.175363735999952, 22.341620184000078 ], [ -78.184885219999899, 22.358221747000073 ], [ -78.205189581999946, 22.367987372000073 ], [ -78.216420050999943, 22.359605210000041 ], [ -78.217681443999936, 22.350287177000041 ], [ -78.221547003999945, 22.339911200000074 ], [ -78.228138800999943, 22.33344147300005 ], [ -78.237456834999932, 22.336004950000074 ], [ -78.243723110999952, 22.346625067000048 ], [ -78.244211391999897, 22.359116929000038 ], [ -78.239613410999937, 22.366929429000038 ], [ -78.23070227799991, 22.363348700000074 ], [ -78.230458136999914, 22.380764065000051 ], [ -78.24632727799991, 22.400620835000041 ], [ -78.26976477799991, 22.410142320000091 ], [ -78.292144334999932, 22.396877346000053 ], [ -78.297230597999942, 22.402044989000046 ], [ -78.312611456999946, 22.404282945000091 ], [ -78.298736131999931, 22.420396226000037 ], [ -78.279042120999918, 22.425441799000055 ], [ -78.243723110999952, 22.424750067000048 ], [ -78.21157792899993, 22.436590887000079 ], [ -78.197621222999942, 22.437201239000046 ], [ -78.18968665299991, 22.424750067000048 ], [ -78.169748501999948, 22.435044664000088 ], [ -78.144195115999935, 22.428941148000035 ], [ -78.119048631999931, 22.413763739000046 ], [ -78.100331183999913, 22.396877346000053 ], [ -78.090728318999936, 22.384466864000046 ], [ -78.082020636999914, 22.369696356000077 ], [ -78.075550910999937, 22.354071356000077 ], [ -78.071644660999937, 22.320868231000077 ], [ -78.06704667899993, 22.310451565000051 ], [ -78.045725063999953, 22.288234768000052 ], [ -78.037220831999946, 22.288031317000048 ], [ -78.023345506999931, 22.283026434000078 ], [ -78.010975714999915, 22.281398830000057 ], [ -78.02765865799995, 22.266017971000053 ], [ -78.051584438999953, 22.27220286700009 ], [ -78.100331183999913, 22.301906643000052 ], [ -78.122141079999949, 22.305853583000044 ], [ -78.146311001999948, 22.305853583000044 ], [ -78.171538865999935, 22.310736395000049 ], [ -78.196522589999915, 22.329169012000079 ] ] ], [ [ [ -78.426177537999934, 22.462591864000046 ], [ -78.445668097999942, 22.454575914000088 ], [ -78.472767706999946, 22.451157945000091 ], [ -78.518055792999917, 22.452093817000048 ], [ -78.540842251999948, 22.458482164000088 ], [ -78.568226691999939, 22.476304429000038 ], [ -78.609527147999927, 22.483465887000079 ], [ -78.638417120999918, 22.492010809000078 ], [ -78.655995245999918, 22.503119208000044 ], [ -78.641590949999909, 22.514146226000037 ], [ -78.656971808999913, 22.529974677000041 ], [ -78.677357550999943, 22.515692450000074 ], [ -78.69359290299991, 22.507513739000046 ], [ -78.696197068999936, 22.541449286000045 ], [ -78.692534959999932, 22.538723049000055 ], [ -78.683176235999952, 22.53461334800005 ], [ -78.679758266999897, 22.554429429000038 ], [ -78.670643683999913, 22.556545315000051 ], [ -78.660023566999939, 22.551906643000052 ], [ -78.652170376999948, 22.551703192000048 ], [ -78.64126542899993, 22.55337148600006 ], [ -78.596913214999915, 22.544867255000042 ], [ -78.57258053299995, 22.530462958000044 ], [ -78.544422980999911, 22.528387762000079 ], [ -78.515980597999942, 22.530462958000044 ], [ -78.490793423999946, 22.528469143000052 ], [ -78.466420050999943, 22.529852606000077 ], [ -78.450550910999937, 22.54173411700009 ], [ -78.436838344999899, 22.55540599200009 ], [ -78.419056769999941, 22.56195709800005 ], [ -78.396351691999939, 22.559800523000035 ], [ -78.372385219999899, 22.553534247000073 ], [ -78.352040167999917, 22.543036200000074 ], [ -78.340565558999913, 22.528469143000052 ], [ -78.353586391999897, 22.53461334800005 ], [ -78.349110480999911, 22.521144924000055 ], [ -78.282215949999909, 22.457464911000045 ], [ -78.278472459999932, 22.44867584800005 ], [ -78.28148352799991, 22.438788153000075 ], [ -78.288685675999943, 22.43891022300005 ], [ -78.297678188999953, 22.443101304000038 ], [ -78.305775519999941, 22.445257880000042 ], [ -78.42992102799991, 22.41860586100006 ], [ -78.42992102799991, 22.424750067000048 ], [ -78.423329230999911, 22.434393622000073 ], [ -78.422474738999938, 22.44212474200009 ], [ -78.419545050999943, 22.445868231000077 ], [ -78.406076626999948, 22.444037177000041 ], [ -78.401966925999943, 22.445257880000042 ], [ -78.401112433999913, 22.454657294000071 ], [ -78.40461178299995, 22.46430084800005 ], [ -78.412831183999913, 22.468817450000074 ], [ -78.426177537999934, 22.462591864000046 ] ] ], [ [ [ -78.984201626999948, 22.637681382000039 ], [ -78.989857550999943, 22.651434637000079 ], [ -79.004505988999938, 22.656724351000037 ], [ -79.064442511999914, 22.660345770000049 ], [ -79.074615037999934, 22.664252020000049 ], [ -79.087228969999899, 22.671820380000042 ], [ -79.070383266999897, 22.674017645000049 ], [ -78.976551886999914, 22.668524481000077 ], [ -78.960845506999931, 22.660142320000091 ], [ -78.96117102799991, 22.649115302000041 ], [ -78.984201626999948, 22.637681382000039 ] ] ], [ [ [ -79.366363084999932, 22.639349677000041 ], [ -79.375559048999946, 22.64321523600006 ], [ -79.38890540299991, 22.651312567000048 ], [ -79.403797980999911, 22.663641669000071 ], [ -79.437367316999939, 22.698472398000035 ], [ -79.45539303299995, 22.692287502000056 ], [ -79.473744269999941, 22.694322007000039 ], [ -79.490834113999938, 22.702053127000056 ], [ -79.513579881999931, 22.718410549000055 ], [ -79.520090298999946, 22.720689195000091 ], [ -79.524037238999938, 22.725002346000053 ], [ -79.525461391999897, 22.736395575000074 ], [ -79.528879360999952, 22.740301825000074 ], [ -79.544829881999931, 22.75141022300005 ], [ -79.549672003999945, 22.753729559000078 ], [ -79.557972785999937, 22.760158596000053 ], [ -79.563099738999938, 22.774237372000073 ], [ -79.571766730999911, 22.788275458000044 ], [ -79.590646938999953, 22.794663804000038 ], [ -79.620350714999915, 22.783148505000042 ], [ -79.633656378999945, 22.78384023600006 ], [ -79.635324673999946, 22.802150783000059 ], [ -79.606922980999911, 22.810248114000046 ], [ -79.586537238999938, 22.811224677000041 ], [ -79.569976365999935, 22.804103908000059 ], [ -79.517974412999934, 22.749579169000071 ], [ -79.49632727799991, 22.73314036700009 ], [ -79.450266079999949, 22.719916083000044 ], [ -79.412912563999953, 22.691351630000042 ], [ -79.371978318999936, 22.676662502000056 ], [ -79.351918097999942, 22.657294012000079 ], [ -79.335601365999935, 22.634670315000051 ], [ -79.32681230399993, 22.616522528000075 ], [ -79.349476691999939, 22.635321356000077 ], [ -79.366363084999932, 22.639349677000041 ] ] ], [ [ [ -79.895375128999945, 22.959173895000049 ], [ -79.887115037999934, 22.95970286700009 ], [ -79.887847459999932, 22.946275132000039 ], [ -79.898548956999946, 22.936712958000044 ], [ -79.919829881999931, 22.949286200000074 ], [ -79.929351365999935, 22.946478583000044 ], [ -79.939808722999942, 22.932847398000035 ], [ -79.949696417999917, 22.928412177000041 ], [ -79.957427537999934, 22.953029690000051 ], [ -79.943023240999935, 22.961127020000049 ], [ -79.927235480999911, 22.966294664000088 ], [ -79.911000128999945, 22.966376044000071 ], [ -79.895375128999945, 22.959173895000049 ] ] ], [ [ [ -80.32054602799991, 22.986517645000049 ], [ -80.271880662999934, 23.008693752000056 ], [ -80.249745245999918, 23.010931708000044 ], [ -80.231800910999937, 23.000148830000057 ], [ -80.23696855399993, 22.997300523000035 ], [ -80.246693488999938, 22.989447333000044 ], [ -80.251616990999935, 22.986517645000049 ], [ -80.24250240799995, 22.982570705000057 ], [ -80.236073370999918, 22.976752020000049 ], [ -80.232533331999946, 22.968939520000049 ], [ -80.231800910999937, 22.959173895000049 ], [ -80.332508917999917, 22.97532786700009 ], [ -80.347808397999927, 22.986517645000049 ], [ -80.341704881999931, 22.991034247000073 ], [ -80.335764126999948, 22.993353583000044 ], [ -80.328968878999945, 22.992254950000074 ], [ -80.32054602799991, 22.986517645000049 ] ] ], [ [ [ -80.197010870999918, 23.124253648000035 ], [ -80.190744594999899, 23.111395575000074 ], [ -80.179839647999927, 23.10024648600006 ], [ -80.166493292999917, 23.092474677000041 ], [ -80.15265865799995, 23.089544989000046 ], [ -80.136586066999939, 23.089016018000052 ], [ -80.131255662999934, 23.086981512000079 ], [ -80.134103969999899, 23.082831122000073 ], [ -80.142404751999948, 23.075873114000046 ], [ -80.16242428299995, 23.067328192000048 ], [ -80.182728644999941, 23.07094961100006 ], [ -80.224964972999942, 23.089544989000046 ], [ -80.222645636999914, 23.099758205000057 ], [ -80.217396613999938, 23.107123114000046 ], [ -80.210804816999939, 23.114447333000044 ], [ -80.204457160999937, 23.124253648000035 ], [ -80.197010870999918, 23.124253648000035 ] ] ], [ [ [ -80.828236456999946, 23.178900458000044 ], [ -80.820790167999917, 23.178900458000044 ], [ -80.811105923999946, 23.164292710000041 ], [ -80.804798956999946, 23.157538153000075 ], [ -80.804839647999927, 23.152899481000077 ], [ -80.814035610999952, 23.144761460000041 ], [ -80.830637173999946, 23.135646877000056 ], [ -80.842600063999896, 23.136664130000042 ], [ -80.853179490999935, 23.141750393000052 ], [ -80.86554928299995, 23.144761460000041 ], [ -80.897816535999937, 23.141750393000052 ], [ -80.92218990799995, 23.133856512000079 ], [ -80.971669074999909, 23.110663153000075 ], [ -80.960438605999911, 23.122137762000079 ], [ -80.899810350999928, 23.159165757000039 ], [ -80.881947394999941, 23.162787177000041 ], [ -80.862538214999915, 23.162176825000074 ], [ -80.841297980999911, 23.157782294000071 ], [ -80.845204230999911, 23.163234768000052 ], [ -80.850819464999915, 23.173651434000078 ], [ -80.854969855999911, 23.178900458000044 ], [ -80.848133917999917, 23.185126044000071 ], [ -80.843739386999914, 23.178208726000037 ], [ -80.828236456999946, 23.165228583000044 ], [ -80.828236456999946, 23.178900458000044 ] ] ], [ [ [ -80.491851365999935, 23.192572333000044 ], [ -80.479400193999936, 23.196356512000079 ], [ -80.473378058999913, 23.19603099200009 ], [ -80.470773891999897, 23.188869533000059 ], [ -80.473011847999942, 23.181545315000051 ], [ -80.478911912999934, 23.177435614000046 ], [ -80.486805792999917, 23.173895575000074 ], [ -80.495228644999941, 23.168361721000053 ], [ -80.505279100999928, 23.169745184000078 ], [ -80.522938605999911, 23.176743882000039 ], [ -80.543080206999946, 23.182196356000077 ], [ -80.560170050999943, 23.178900458000044 ], [ -80.564076300999943, 23.184759833000044 ], [ -80.568470831999946, 23.185126044000071 ], [ -80.580637173999946, 23.178900458000044 ], [ -80.576975063999896, 23.192572333000044 ], [ -80.570423956999946, 23.200913804000038 ], [ -80.559681769999941, 23.205064195000091 ], [ -80.543365037999934, 23.206244208000044 ], [ -80.53929602799991, 23.204331773000035 ], [ -80.531361456999946, 23.195461330000057 ], [ -80.525990363999938, 23.192572333000044 ], [ -80.517323370999918, 23.191799221000053 ], [ -80.491851365999935, 23.192572333000044 ] ] ], [ [ [ -78.581695115999935, 20.661607164000088 ], [ -78.578480597999942, 20.65766022300005 ], [ -78.578277147999927, 20.648423570000091 ], [ -78.585682745999918, 20.643622137000079 ], [ -78.59398352799991, 20.64288971600007 ], [ -78.600982225999928, 20.64524974200009 ], [ -78.606312628999945, 20.650213934000078 ], [ -78.611724412999934, 20.653631903000075 ], [ -78.613392706999946, 20.657945054000038 ], [ -78.609038865999935, 20.660711981000077 ], [ -78.604074673999946, 20.658351955000057 ], [ -78.579945441999939, 20.653998114000046 ], [ -78.581695115999935, 20.661607164000088 ] ] ], [ [ [ -78.651519334999932, 20.664943752000056 ], [ -78.643625454999949, 20.663275458000044 ], [ -78.629750128999945, 20.65884023600006 ], [ -78.63117428299995, 20.653143622000073 ], [ -78.646473761999914, 20.652289130000042 ], [ -78.656158006999931, 20.65851471600007 ], [ -78.654693162999934, 20.663804429000038 ], [ -78.651519334999932, 20.664943752000056 ] ] ], [ [ [ -81.981190558999913, 21.647772528000075 ], [ -81.973622199999909, 21.639878648000035 ], [ -81.972767706999946, 21.622219143000052 ], [ -81.989816860999952, 21.60883209800005 ], [ -82.029449022999927, 21.59516022300005 ], [ -82.058583136999914, 21.581447658000059 ], [ -82.065297003999945, 21.579738674000055 ], [ -82.070464647999927, 21.57648346600007 ], [ -82.074330206999946, 21.572211005000042 ], [ -82.088368292999917, 21.568182684000078 ], [ -82.11001542899993, 21.567450262000079 ], [ -82.114247199999909, 21.570298570000091 ], [ -82.102162238999938, 21.574448960000041 ], [ -82.082183397999927, 21.590033270000049 ], [ -82.071197068999936, 21.592962958000044 ], [ -82.061838344999899, 21.59837474200009 ], [ -82.054514126999948, 21.606146552000041 ], [ -82.048329230999911, 21.610663153000075 ], [ -82.01976477799991, 21.621039130000042 ], [ -82.007883266999897, 21.621527411000045 ], [ -81.996652798999946, 21.626613674000055 ], [ -81.987619594999899, 21.634833075000074 ], [ -81.981190558999913, 21.647772528000075 ] ] ], [ [ [ -81.852528449999909, 21.663560289000088 ], [ -81.839019334999932, 21.666205145000049 ], [ -81.837798631999931, 21.661078192000048 ], [ -81.852650519999941, 21.649888414000088 ], [ -81.870106574999909, 21.639471747000073 ], [ -81.901356574999909, 21.615627346000053 ], [ -81.918853318999936, 21.615464585000041 ], [ -81.932362433999913, 21.628485419000071 ], [ -81.935699022999927, 21.641913153000075 ], [ -81.932850714999915, 21.640204169000071 ], [ -81.92218990799995, 21.629339911000045 ], [ -81.905629035999937, 21.631008205000057 ], [ -81.892201300999943, 21.641058661000045 ], [ -81.888172980999911, 21.647040106000077 ], [ -81.892079230999911, 21.647406317000048 ], [ -81.889149542999917, 21.649359442000048 ], [ -81.859201626999948, 21.66156647300005 ], [ -81.852528449999909, 21.663560289000088 ] ] ], [ [ [ -82.64517167899993, 21.95453522300005 ], [ -82.60773678299995, 21.938706773000035 ], [ -82.591175910999937, 21.926662502000056 ], [ -82.602894660999937, 21.921942450000074 ], [ -82.630116339999915, 21.920721747000073 ], [ -82.657866990999935, 21.932074286000045 ], [ -82.668080206999946, 21.949123440000051 ], [ -82.64517167899993, 21.95453522300005 ] ] ], [ [ [ -83.552845831999946, 21.961371161000045 ], [ -83.545318162999934, 21.96124909100007 ], [ -83.550648566999939, 21.959418036000045 ], [ -83.570139126999948, 21.958807684000078 ], [ -83.592600063999896, 21.960109768000052 ], [ -83.607818162999934, 21.966498114000046 ], [ -83.597808397999927, 21.971747137000079 ], [ -83.568104620999918, 21.966213283000059 ], [ -83.552845831999946, 21.961371161000045 ] ] ], [ [ [ -81.556263800999943, 22.065985419000071 ], [ -81.549387173999946, 22.058417059000078 ], [ -81.547027147999927, 22.044582424000055 ], [ -81.55492102799991, 22.044012762000079 ], [ -81.565419074999909, 22.049872137000079 ], [ -81.575754360999952, 22.049058335000041 ], [ -81.581857876999948, 22.050604559000078 ], [ -81.586333787999934, 22.056789455000057 ], [ -81.588856574999909, 22.064357815000051 ], [ -81.588856574999909, 22.072699286000045 ], [ -81.582508917999917, 22.076605536000045 ], [ -81.571522589999915, 22.074123440000051 ], [ -81.561146613999938, 22.069159247000073 ], [ -81.556263800999943, 22.065985419000071 ] ] ], [ [ [ -78.737660285999937, 22.548407294000071 ], [ -78.735422329999949, 22.551255601000037 ], [ -78.728260870999918, 22.547919012000079 ], [ -78.72883053299995, 22.54165273600006 ], [ -78.736195441999939, 22.530585028000075 ], [ -78.738758917999917, 22.524318752000056 ], [ -78.756988084999932, 22.518540757000039 ], [ -78.765980597999942, 22.518784898000035 ], [ -78.76789303299995, 22.525213934000078 ], [ -78.768137173999946, 22.54165273600006 ], [ -78.762196417999917, 22.543524481000077 ], [ -78.74828040299991, 22.53978099200009 ], [ -78.738880988999938, 22.541001695000091 ], [ -78.737660285999937, 22.548407294000071 ] ] ], [ [ [ -82.510812954999949, 22.613185940000051 ], [ -82.507720506999931, 22.590073960000041 ], [ -82.513579881999931, 22.572455145000049 ], [ -82.522857225999928, 22.55931224200009 ], [ -82.527455206999946, 22.563462632000039 ], [ -82.525298631999931, 22.626369533000059 ], [ -82.527821417999917, 22.634751695000091 ], [ -82.528309699999909, 22.640041408000059 ], [ -82.524566209999932, 22.640855210000041 ], [ -82.51976477799991, 22.636664130000042 ], [ -82.51593990799995, 22.629136460000041 ], [ -82.510812954999949, 22.613185940000051 ] ] ], [ [ [ -79.224517381999931, 22.639715887000079 ], [ -79.215728318999936, 22.643011786000045 ], [ -79.176869269999941, 22.644680080000057 ], [ -79.18976803299995, 22.634507554000038 ], [ -79.206410285999937, 22.624416408000059 ], [ -79.213246222999942, 22.624416408000059 ], [ -79.21320553299995, 22.631048895000049 ], [ -79.216420050999943, 22.636623440000051 ], [ -79.224517381999931, 22.639715887000079 ] ] ], [ [ [ -79.680083787999934, 22.859442450000074 ], [ -79.666371222999942, 22.852118231000077 ], [ -79.66079667899993, 22.84516022300005 ], [ -79.669829881999931, 22.83624909100007 ], [ -79.685292120999918, 22.833685614000046 ], [ -79.692372199999909, 22.84015534100007 ], [ -79.692290818999936, 22.847154039000088 ], [ -79.699086066999939, 22.852484442000048 ], [ -79.704579230999911, 22.851752020000049 ], [ -79.711537238999938, 22.853461005000042 ], [ -79.730865037999934, 22.866115627000056 ], [ -79.739857550999943, 22.875799872000073 ], [ -79.738758917999917, 22.885809637000079 ], [ -79.726185675999943, 22.88898346600007 ], [ -79.728260870999918, 22.895331122000073 ], [ -79.727528449999909, 22.903957424000055 ], [ -79.722157355999911, 22.907212632000039 ], [ -79.715443488999938, 22.896144924000055 ], [ -79.718332485999952, 22.880031643000052 ], [ -79.711293097999942, 22.877834377000056 ], [ -79.692005988999938, 22.873928127000056 ], [ -79.68586178299995, 22.865301825000074 ], [ -79.680083787999934, 22.859442450000074 ] ] ], [ [ [ -79.826283331999946, 22.964667059000078 ], [ -79.818470831999946, 22.954331773000035 ], [ -79.81704667899993, 22.947251695000091 ], [ -79.823109503999945, 22.942450262000079 ], [ -79.835072394999941, 22.938950914000088 ], [ -79.842152472999942, 22.931789455000057 ], [ -79.837635870999918, 22.926174221000053 ], [ -79.829009568999936, 22.924750067000048 ], [ -79.827381964999915, 22.919134833000044 ], [ -79.834950324999909, 22.911810614000046 ], [ -79.846506313999896, 22.910345770000049 ], [ -79.858021613999938, 22.916937567000048 ], [ -79.864491339999915, 22.925970770000049 ], [ -79.861480272999927, 22.93195221600007 ], [ -79.855295376999948, 22.936712958000044 ], [ -79.852935350999928, 22.941636460000041 ], [ -79.861887173999946, 22.942938544000071 ], [ -79.871164516999897, 22.947699286000045 ], [ -79.861073370999918, 22.962591864000046 ], [ -79.83853105399993, 22.968085028000075 ], [ -79.826283331999946, 22.964667059000078 ] ] ], [ [ [ -80.057606574999909, 23.04242584800005 ], [ -80.053578253999945, 23.029201565000051 ], [ -80.056304490999935, 23.026678778000075 ], [ -80.061919725999928, 23.034247137000079 ], [ -80.066558397999927, 23.038885809000078 ], [ -80.077300584999932, 23.037298895000049 ], [ -80.085357225999928, 23.038316148000035 ], [ -80.091216600999928, 23.042873440000051 ], [ -80.094797329999949, 23.048325914000088 ], [ -80.094471808999913, 23.050685940000051 ], [ -80.091053839999915, 23.049994208000044 ], [ -80.089466925999943, 23.055487372000073 ], [ -80.087635870999918, 23.067450262000079 ], [ -80.076771613999938, 23.069891669000071 ], [ -80.064605272999927, 23.058010158000059 ], [ -80.057606574999909, 23.04242584800005 ] ] ], [ [ [ -80.242176886999914, 23.104315497000073 ], [ -80.238148566999939, 23.097642320000091 ], [ -80.239409959999932, 23.091009833000044 ], [ -80.244618292999917, 23.085272528000075 ], [ -80.25031490799995, 23.084865627000056 ], [ -80.257069464999915, 23.08930084800005 ], [ -80.26585852799991, 23.103745835000041 ], [ -80.273793097999942, 23.106268622000073 ], [ -80.288563605999911, 23.114081122000073 ], [ -80.293039516999897, 23.11587148600006 ], [ -80.296457485999952, 23.122626044000071 ], [ -80.30296790299991, 23.12641022300005 ], [ -80.305734829999949, 23.134507554000038 ], [ -80.296009894999941, 23.140448309000078 ], [ -80.281117316999939, 23.142320054000038 ], [ -80.272450324999909, 23.140041408000059 ], [ -80.272572394999941, 23.134466864000046 ], [ -80.265533006999931, 23.127427476000037 ], [ -80.250884568999936, 23.115301825000074 ], [ -80.242176886999914, 23.104315497000073 ] ] ], [ [ [ -80.401437954999949, 23.15460846600007 ], [ -80.390004035999937, 23.154486395000049 ], [ -80.376291469999899, 23.152167059000078 ], [ -80.378000454999949, 23.147691148000035 ], [ -80.386097785999937, 23.145819403000075 ], [ -80.393950975999928, 23.146429755000042 ], [ -80.419667120999918, 23.143377997000073 ], [ -80.429269985999952, 23.136216539000088 ], [ -80.444406704999949, 23.130194403000075 ], [ -80.458078579999949, 23.126776434000078 ], [ -80.462228969999899, 23.135199286000045 ], [ -80.458404100999928, 23.137193101000037 ], [ -80.44945227799991, 23.136216539000088 ], [ -80.451079881999931, 23.145086981000077 ], [ -80.446115688999896, 23.150620835000041 ], [ -80.431792772999927, 23.152533270000049 ], [ -80.401437954999949, 23.15460846600007 ] ] ], [ [ [ -80.668527798999946, 23.212225653000075 ], [ -80.665882941999939, 23.209173895000049 ], [ -80.663644985999952, 23.201402085000041 ], [ -80.666127081999946, 23.194484768000052 ], [ -80.673695441999939, 23.194037177000041 ], [ -80.674672003999945, 23.186835028000075 ], [ -80.679839647999927, 23.185614325000074 ], [ -80.691314256999931, 23.187730210000041 ], [ -80.698841925999943, 23.18390534100007 ], [ -80.700835740999935, 23.17719147300005 ], [ -80.704253709999932, 23.18032461100006 ], [ -80.704945441999939, 23.193060614000046 ], [ -80.694894985999952, 23.203924872000073 ], [ -80.677601691999939, 23.210272528000075 ], [ -80.668527798999946, 23.212225653000075 ] ] ], [ [ [ -80.775013800999943, 23.206610419000071 ], [ -80.712473110999952, 23.199896552000041 ], [ -80.711008266999897, 23.197007554000038 ], [ -80.711903449999909, 23.190822658000059 ], [ -80.717762824999909, 23.188950914000088 ], [ -80.725168423999946, 23.192775783000059 ], [ -80.732289191999939, 23.193060614000046 ], [ -80.736805792999917, 23.186753648000035 ], [ -80.740834113999938, 23.184271552000041 ], [ -80.762074347999942, 23.193182684000078 ], [ -80.773833787999934, 23.196600653000075 ], [ -80.780751105999911, 23.197699286000045 ], [ -80.799224412999934, 23.195868231000077 ], [ -80.810047980999911, 23.196600653000075 ], [ -80.838490363999938, 23.206244208000044 ], [ -80.848255988999938, 23.208482164000088 ], [ -80.855620897999927, 23.217718817000048 ], [ -80.861439581999946, 23.220363674000055 ], [ -80.857329881999931, 23.225816148000035 ], [ -80.837880011999914, 23.223537502000056 ], [ -80.809925910999937, 23.213812567000048 ], [ -80.775013800999943, 23.206610419000071 ] ] ], [ [ [ -80.878773566999939, 23.250433661000045 ], [ -80.874134894999941, 23.248968817000048 ], [ -80.870920376999948, 23.240383205000057 ], [ -80.878570115999935, 23.232123114000046 ], [ -80.890126105999911, 23.233872789000088 ], [ -80.901234503999945, 23.237209377000056 ], [ -80.913156704999949, 23.238714911000045 ], [ -80.92446855399993, 23.243109442000048 ], [ -80.929432745999918, 23.250148830000057 ], [ -80.933745897999927, 23.254461981000077 ], [ -80.942697719999899, 23.25726959800005 ], [ -80.93586178299995, 23.26312897300005 ], [ -80.912993943999936, 23.265570380000042 ], [ -80.885609503999945, 23.250067450000074 ], [ -80.878773566999939, 23.250433661000045 ] ] ] ] } },
{ "type": "Feature", "properties": { "iso": "DO", "name": "República Dominicana", "role": "contexto" }, "geometry": { "type": "MultiPolygon", "coordinates": [ [ [ [ -71.757435675999943, 19.710109768000052 ], [ -71.738270636999914, 19.706122137000079 ], [ -71.720326300999943, 19.697455145000049 ], [ -71.724110480999911, 19.717189846000053 ], [ -71.741851365999935, 19.755804755000042 ], [ -71.740793423999946, 19.773179429000038 ], [ -71.767648891999897, 19.774481512000079 ], [ -71.771066860999952, 19.785142320000091 ], [ -71.760243292999917, 19.800930080000057 ], [ -71.744496222999942, 19.817206122000073 ], [ -71.739979620999918, 19.820257880000042 ], [ -71.734852667999917, 19.821275132000039 ], [ -71.723703579999949, 19.820990302000041 ], [ -71.716908331999946, 19.823635158000059 ], [ -71.705799933999913, 19.836493231000077 ], [ -71.699818488999938, 19.841498114000046 ], [ -71.687896287999934, 19.84601471600007 ], [ -71.679025844999899, 19.848089911000045 ], [ -71.670277472999942, 19.851996161000045 ], [ -71.658802863999938, 19.86196523600006 ], [ -71.665638800999943, 19.874497789000088 ], [ -71.666737433999913, 19.885687567000048 ], [ -71.661447719999899, 19.893622137000079 ], [ -71.648589647999927, 19.896714585000041 ], [ -71.64085852799991, 19.895575262000079 ], [ -71.628895636999914, 19.890448309000078 ], [ -71.621245897999927, 19.88930898600006 ], [ -71.617909308999913, 19.891424872000073 ], [ -71.610951300999943, 19.900824286000045 ], [ -71.607329881999931, 19.902899481000077 ], [ -71.504628058999913, 19.910345770000049 ], [ -71.478505011999914, 19.90688711100006 ], [ -71.452707485999952, 19.898098049000055 ], [ -71.357248501999948, 19.851263739000046 ], [ -71.329213019999941, 19.845892645000049 ], [ -71.302601691999939, 19.855698960000041 ], [ -71.282460089999915, 19.841782945000091 ], [ -71.268055792999917, 19.835516669000071 ], [ -71.223744269999941, 19.834051825000074 ], [ -71.212066209999932, 19.837103583000044 ], [ -71.209339972999942, 19.844794012000079 ], [ -71.208811001999948, 19.854966539000088 ], [ -71.203521287999934, 19.865383205000057 ], [ -71.191761847999942, 19.869696356000077 ], [ -71.183338995999918, 19.860419012000079 ], [ -71.172230597999942, 19.834051825000074 ], [ -71.164418097999942, 19.83860911700009 ], [ -71.15851803299995, 19.843491929000038 ], [ -71.154408331999946, 19.849107164000088 ], [ -71.151722785999937, 19.855698960000041 ], [ -71.160227016999897, 19.858221747000073 ], [ -71.165394660999937, 19.868801174000055 ], [ -71.149728969999899, 19.863023179000038 ], [ -71.136586066999939, 19.863714911000045 ], [ -71.123199022999927, 19.866888739000046 ], [ -71.107045050999943, 19.868801174000055 ], [ -71.096791144999941, 19.876206773000035 ], [ -71.078277147999927, 19.909125067000048 ], [ -71.066070115999935, 19.916571356000077 ], [ -71.050852016999897, 19.92023346600007 ], [ -71.018422003999945, 19.935492255000042 ], [ -71.000884568999936, 19.937689520000049 ], [ -70.984730597999942, 19.933742580000057 ], [ -70.969349738999938, 19.925197658000059 ], [ -70.961048956999946, 19.912665106000077 ], [ -70.966175910999937, 19.896714585000041 ], [ -70.946888800999943, 19.88930898600006 ], [ -70.939442511999914, 19.88930898600006 ], [ -70.944447394999941, 19.904730536000045 ], [ -70.946888800999943, 19.910345770000049 ], [ -70.898508266999897, 19.902899481000077 ], [ -70.884266730999911, 19.904282945000091 ], [ -70.854725714999915, 19.910834052000041 ], [ -70.843251105999911, 19.910345770000049 ], [ -70.830962693999936, 19.902533270000049 ], [ -70.786976691999939, 19.852850653000075 ], [ -70.783314581999946, 19.843329169000071 ], [ -70.788644985999952, 19.834051825000074 ], [ -70.750965949999909, 19.833807684000078 ], [ -70.73656165299991, 19.827093817000048 ], [ -70.698475714999915, 19.796820380000042 ], [ -70.662220831999946, 19.779364325000074 ], [ -70.62368730399993, 19.766546942000048 ], [ -70.579090949999909, 19.760199286000045 ], [ -70.518706834999932, 19.759751695000091 ], [ -70.513661261999914, 19.762640692000048 ], [ -70.508534308999913, 19.769354559000078 ], [ -70.496449347999942, 19.777248440000051 ], [ -70.482777472999942, 19.783880927000041 ], [ -70.472727016999897, 19.786851304000038 ], [ -70.433705206999946, 19.775213934000078 ], [ -70.33617102799991, 19.677639065000051 ], [ -70.319569464999915, 19.666449286000045 ], [ -70.301340298999946, 19.65766022300005 ], [ -70.280832485999952, 19.65180084800005 ], [ -70.235218878999945, 19.64720286700009 ], [ -70.198557094999899, 19.634670315000051 ], [ -70.131418423999946, 19.622137762000079 ], [ -70.116444464999915, 19.622381903000075 ], [ -70.106434699999909, 19.625921942000048 ], [ -70.097523566999939, 19.633205471000053 ], [ -70.061024542999917, 19.670111395000049 ], [ -70.042103644999941, 19.67845286700009 ], [ -69.986683722999942, 19.677639065000051 ], [ -69.959543423999946, 19.680121161000045 ], [ -69.947255011999914, 19.678656317000048 ], [ -69.932036912999934, 19.670152085000041 ], [ -69.897938605999911, 19.635972398000035 ], [ -69.887196417999917, 19.61273834800005 ], [ -69.887766079999949, 19.58734772300005 ], [ -69.904164191999939, 19.532375393000052 ], [ -69.884144660999937, 19.524400132000039 ], [ -69.876535610999952, 19.506659247000073 ], [ -69.876820441999939, 19.461004950000074 ], [ -69.874379035999937, 19.441148179000038 ], [ -69.867990688999953, 19.425279039000088 ], [ -69.801380988999938, 19.330877997000073 ], [ -69.767689581999946, 19.299750067000048 ], [ -69.733469204999949, 19.28656647300005 ], [ -69.71320553299995, 19.289740302000041 ], [ -69.674387173999946, 19.303859768000052 ], [ -69.654367641999897, 19.307033596000053 ], [ -69.609364386999914, 19.308783270000049 ], [ -69.589426235999952, 19.31281159100007 ], [ -69.568959113999938, 19.320705471000053 ], [ -69.539418097999942, 19.339422919000071 ], [ -69.52798417899993, 19.341782945000091 ], [ -69.517648891999897, 19.339667059000078 ], [ -69.496449347999942, 19.329779364000046 ], [ -69.483306443999936, 19.32758209800005 ], [ -69.459095831999946, 19.333319403000075 ], [ -69.448597785999937, 19.334377346000053 ], [ -69.437367316999939, 19.332953192000048 ], [ -69.433420376999948, 19.329901434000078 ], [ -69.431792772999927, 19.324123440000051 ], [ -69.428618943999936, 19.319240627000056 ], [ -69.421701626999948, 19.321112372000073 ], [ -69.410715298999946, 19.32758209800005 ], [ -69.352691209999932, 19.305121161000045 ], [ -69.335601365999935, 19.293402411000045 ], [ -69.324289516999897, 19.31509023600006 ], [ -69.305897589999915, 19.331122137000079 ], [ -69.260487433999913, 19.354885158000059 ], [ -69.231271938999953, 19.363348700000074 ], [ -69.224354620999918, 19.351792710000041 ], [ -69.232085740999935, 19.327948309000078 ], [ -69.246815558999913, 19.299627997000073 ], [ -69.22687740799995, 19.292669989000046 ], [ -69.204335089999915, 19.292792059000078 ], [ -69.182443813999953, 19.298163153000075 ], [ -69.16429602799991, 19.307033596000053 ], [ -69.158355272999927, 19.285101630000042 ], [ -69.171376105999911, 19.26788971600007 ], [ -69.189320441999939, 19.25226471600007 ], [ -69.198394334999932, 19.235052802000041 ], [ -69.202707485999952, 19.216945705000057 ], [ -69.214344855999911, 19.20062897300005 ], [ -69.231800910999937, 19.188666083000044 ], [ -69.253651495999918, 19.183539130000042 ], [ -69.332142706999946, 19.197211005000042 ], [ -69.418120897999927, 19.190985419000071 ], [ -69.438384568999936, 19.196478583000044 ], [ -69.475453253999945, 19.214016018000052 ], [ -69.602935350999928, 19.228989976000037 ], [ -69.617298956999946, 19.22524648600006 ], [ -69.622792120999918, 19.211859442000048 ], [ -69.626047329999949, 19.164292710000041 ], [ -69.633534308999913, 19.12368398600006 ], [ -69.630441860999952, 19.108465887000079 ], [ -69.608469204999949, 19.093451239000046 ], [ -69.553293423999946, 19.101467190000051 ], [ -69.534250454999949, 19.094794012000079 ], [ -69.510487433999913, 19.102036851000037 ], [ -69.463449673999946, 19.08470286700009 ], [ -69.438628709999932, 19.08734772300005 ], [ -69.444732225999928, 19.092352606000077 ], [ -69.452748175999943, 19.096909898000035 ], [ -69.462310350999928, 19.100287177000041 ], [ -69.473378058999913, 19.101629950000074 ], [ -69.473378058999913, 19.108465887000079 ], [ -69.419992641999897, 19.111151434000078 ], [ -69.404449022999927, 19.108465887000079 ], [ -69.386708136999914, 19.096096096000053 ], [ -69.372954881999931, 19.065375067000048 ], [ -69.356068488999938, 19.053208726000037 ], [ -69.338978644999941, 19.048895575000074 ], [ -69.304595506999931, 19.044867255000042 ], [ -69.173247850999928, 19.011135158000059 ], [ -69.157460089999915, 19.012193101000037 ], [ -69.138661261999914, 19.022284247000073 ], [ -69.144886847999942, 19.02960846600007 ], [ -69.157338019999941, 19.036688544000071 ], [ -69.157460089999915, 19.046372789000088 ], [ -69.139515753999945, 19.051214911000045 ], [ -69.123890753999945, 19.037787177000041 ], [ -69.102853969999899, 19.005357164000088 ], [ -69.089263475999928, 18.997870184000078 ], [ -69.074126756999931, 18.993557033000059 ], [ -69.06118730399993, 18.988185940000051 ], [ -69.054432745999918, 18.977484442000048 ], [ -69.042469855999911, 18.986761786000045 ], [ -69.018055792999917, 18.997463283000059 ], [ -69.006581183999913, 19.005357164000088 ], [ -69.014230923999946, 19.013413804000038 ], [ -69.010568813999953, 19.015366929000038 ], [ -69.001576300999943, 19.015611070000091 ], [ -68.992990688999953, 19.018459377000056 ], [ -68.982533331999946, 19.028794664000088 ], [ -68.979359503999945, 19.032863674000055 ], [ -68.975412563999953, 19.033148505000042 ], [ -68.939564581999946, 19.031317450000074 ], [ -68.91860917899993, 19.027289130000042 ], [ -68.899810350999928, 19.020900783000059 ], [ -68.88312740799995, 19.012193101000037 ], [ -68.881214972999942, 19.009426174000055 ], [ -68.880360480999911, 19.002020575000074 ], [ -68.876291469999899, 18.998602606000077 ], [ -68.855824347999942, 18.991766669000071 ], [ -68.853993292999917, 18.992092190000051 ], [ -68.818226691999939, 18.984930731000077 ], [ -68.795887824999909, 18.984116929000038 ], [ -68.786854620999918, 18.981024481000077 ], [ -68.776966925999943, 18.974351304000038 ], [ -68.76781165299991, 18.96946849200009 ], [ -68.749989386999914, 18.968085028000075 ], [ -68.739735480999911, 18.964422919000071 ], [ -68.623524542999917, 18.861883856000077 ], [ -68.580799933999913, 18.812567450000074 ], [ -68.520497199999909, 18.768866278000075 ], [ -68.477284308999913, 18.740220445000091 ], [ -68.464995897999927, 18.73501211100006 ], [ -68.458566860999952, 18.731024481000077 ], [ -68.413400844999899, 18.689601955000057 ], [ -68.356190558999913, 18.65656159100007 ], [ -68.328602667999917, 18.616522528000075 ], [ -68.334055141999954, 18.577297268000052 ], [ -68.42804928299995, 18.441229559000078 ], [ -68.434681769999941, 18.435777085000041 ], [ -68.441273566999939, 18.429022528000075 ], [ -68.444325324999909, 18.419501044000071 ], [ -68.442494269999941, 18.384751695000091 ], [ -68.444325324999909, 18.374823309000078 ], [ -68.455677863999938, 18.357855536000045 ], [ -68.472157355999911, 18.349839585000041 ], [ -68.49282792899993, 18.347479559000078 ], [ -68.516590949999909, 18.347479559000078 ], [ -68.534901495999918, 18.353338934000078 ], [ -68.57453365799995, 18.378159898000092 ], [ -68.588937954999949, 18.38226959800005 ], [ -68.605458136999914, 18.37173086100006 ], [ -68.602853969999899, 18.355658270000049 ], [ -68.597523566999939, 18.336615302000041 ], [ -68.606027798999946, 18.317084052000041 ], [ -68.618316209999932, 18.301459052000041 ], [ -68.626088019999941, 18.283351955000057 ], [ -68.641509568999936, 18.225165106000077 ], [ -68.647084113999938, 18.214829820000091 ], [ -68.65843665299991, 18.210923570000091 ], [ -68.742990688999953, 18.20453522300005 ], [ -68.760243292999917, 18.210353908000059 ], [ -68.762521938999953, 18.246975002000056 ], [ -68.786854620999918, 18.295396226000037 ], [ -68.820139126999948, 18.342474677000041 ], [ -68.849598761999914, 18.374823309000078 ], [ -68.880970831999946, 18.395493882000039 ], [ -68.92251542899993, 18.412298895000049 ], [ -68.964344855999911, 18.417954820000091 ], [ -69.012562628999945, 18.399115302000041 ], [ -69.085438605999911, 18.395900783000059 ], [ -69.104359503999945, 18.399115302000041 ], [ -69.148182745999918, 18.413234768000052 ], [ -69.168039516999897, 18.41632721600007 ], [ -69.185292120999918, 18.421698309000078 ], [ -69.214222785999937, 18.445135809000078 ], [ -69.236317511999914, 18.450506903000075 ], [ -69.255604620999918, 18.446682033000059 ], [ -69.275217251999948, 18.440334377000056 ], [ -69.295033331999946, 18.439032294000071 ], [ -69.31509355399993, 18.450506903000075 ], [ -69.336008266999897, 18.432074286000045 ], [ -69.465931769999941, 18.422552802000041 ], [ -69.504750128999945, 18.40892161700009 ], [ -69.525257941999939, 18.408433335000041 ], [ -69.579986131999931, 18.444484768000052 ], [ -69.602121548999946, 18.45571523600006 ], [ -69.616810675999943, 18.45734284100007 ], [ -69.623158331999946, 18.44798411700009 ], [ -69.622629360999952, 18.436753648000092 ], [ -69.620838995999918, 18.425482489000046 ], [ -69.623605923999946, 18.41632721600007 ], [ -69.632557745999918, 18.41351959800005 ], [ -69.646595831999946, 18.413560289000088 ], [ -69.659494594999899, 18.415920315000051 ], [ -69.665150519999941, 18.419501044000071 ], [ -69.68195553299995, 18.446763414000088 ], [ -69.689930792999917, 18.454087632000039 ], [ -69.697377081999946, 18.456366278000075 ], [ -69.851470506999931, 18.472479559000078 ], [ -69.883656378999945, 18.47101471600007 ], [ -69.899810350999928, 18.466457424000055 ], [ -69.931223110999952, 18.451971747000073 ], [ -69.957102016999897, 18.435288804000038 ], [ -69.966908331999946, 18.430812893000052 ], [ -69.993519660999937, 18.422552802000041 ], [ -70.016590949999909, 18.411363023000092 ], [ -70.038929816999939, 18.392482815000051 ], [ -70.055775519999941, 18.367254950000074 ], [ -70.062408006999931, 18.337225653000075 ], [ -70.067697719999899, 18.329087632000039 ], [ -70.090687628999945, 18.317531643000052 ], [ -70.09593665299991, 18.310248114000046 ], [ -70.100005662999934, 18.299221096000053 ], [ -70.133778449999909, 18.269273179000038 ], [ -70.158070441999939, 18.242621161000045 ], [ -70.171783006999931, 18.231431382000039 ], [ -70.177886522999927, 18.234198309000078 ], [ -70.202137824999909, 18.233547268000052 ], [ -70.220773891999897, 18.230536200000074 ], [ -70.233143683999913, 18.223944403000075 ], [ -70.250803188999953, 18.234320380000042 ], [ -70.269602016999897, 18.238104559000078 ], [ -70.397572394999941, 18.237616278000075 ], [ -70.419056769999941, 18.231146552000041 ], [ -70.460194464999915, 18.208929755000042 ], [ -70.483550584999932, 18.204087632000039 ], [ -70.552845831999946, 18.204250393000052 ], [ -70.568918423999946, 18.210353908000059 ], [ -70.570301886999914, 18.218939520000049 ], [ -70.563059048999946, 18.225653387000079 ], [ -70.553700324999909, 18.231512762000079 ], [ -70.54906165299991, 18.237616278000075 ], [ -70.551909959999932, 18.248439846000053 ], [ -70.558705206999946, 18.254380601000037 ], [ -70.565744594999899, 18.258205471000053 ], [ -70.573312954999949, 18.268011786000045 ], [ -70.59243730399993, 18.279852606000077 ], [ -70.596791144999941, 18.289129950000074 ], [ -70.594349738999938, 18.299058335000041 ], [ -70.588449673999946, 18.303615627000056 ], [ -70.581654425999943, 18.307074286000045 ], [ -70.57640540299991, 18.313950914000088 ], [ -70.571766730999911, 18.334051825000074 ], [ -70.571156378999945, 18.355169989000046 ], [ -70.573882615999935, 18.37368398600006 ], [ -70.579457160999937, 18.385646877000056 ], [ -70.601429816999939, 18.411851304000038 ], [ -70.614654100999928, 18.420843817000048 ], [ -70.637806769999941, 18.429388739000046 ], [ -70.657541469999899, 18.433783270000049 ], [ -70.682484503999945, 18.435614325000074 ], [ -70.703846808999913, 18.430121161000045 ], [ -70.712880011999914, 18.412665106000077 ], [ -70.709462042999917, 18.391750393000052 ], [ -70.711984829999949, 18.383368231000077 ], [ -70.741688605999911, 18.355414130000042 ], [ -70.749867316999939, 18.350409247000073 ], [ -70.760650193999936, 18.347479559000078 ], [ -70.772328253999945, 18.347886460000041 ], [ -70.793120897999927, 18.354071356000077 ], [ -70.802316860999952, 18.35492584800005 ], [ -70.810047980999911, 18.352036851000037 ], [ -70.823963995999918, 18.342678127000056 ], [ -70.833322719999899, 18.340643622000073 ], [ -70.84601803299995, 18.342189846000053 ], [ -70.850453253999945, 18.339585679000038 ], [ -70.860340949999909, 18.33071523600006 ], [ -70.863107876999948, 18.326971747000073 ], [ -70.87328040299991, 18.306301174000055 ], [ -70.886708136999914, 18.302069403000075 ], [ -70.891672329999949, 18.299709377000056 ], [ -70.91828365799995, 18.269598700000074 ], [ -70.932484503999945, 18.261542059000078 ], [ -70.956206834999932, 18.258734442000048 ], [ -70.965809699999909, 18.262152411000045 ], [ -70.972035285999937, 18.27024974200009 ], [ -70.977284308999913, 18.280259507000039 ], [ -70.983794725999928, 18.289129950000074 ], [ -70.994252081999946, 18.296616929000038 ], [ -71.004872199999909, 18.301011460000041 ], [ -71.048247850999928, 18.31000397300005 ], [ -71.068348761999914, 18.310370184000078 ], [ -71.083973761999914, 18.304388739000046 ], [ -71.090240037999934, 18.289129950000074 ], [ -71.092355923999946, 18.28070709800005 ], [ -71.101226365999935, 18.266099351000037 ], [ -71.103342251999948, 18.254950262000079 ], [ -71.101429816999939, 18.242132880000042 ], [ -71.096547003999945, 18.23509349200009 ], [ -71.089914516999897, 18.228705145000049 ], [ -71.082834438999953, 18.217718817000048 ], [ -71.066517706999946, 18.163316148000092 ], [ -71.061268683999913, 18.153998114000046 ], [ -71.061105923999946, 18.142075914000088 ], [ -71.080555792999917, 18.11391836100006 ], [ -71.097157355999911, 18.073716539000088 ], [ -71.191802537999934, 17.941799221000053 ], [ -71.200103318999936, 17.919175523000092 ], [ -71.204253709999932, 17.911118882000039 ], [ -71.213734503999945, 17.904852606000077 ], [ -71.233631964999915, 17.894964911000045 ], [ -71.245920376999948, 17.88507721600007 ], [ -71.254709438999953, 17.87531159100007 ], [ -71.261545376999948, 17.863226630000042 ], [ -71.26781165299991, 17.846584377000056 ], [ -71.275217251999948, 17.84906647300005 ], [ -71.282093878999945, 17.853989976000037 ], [ -71.283599412999934, 17.846747137000079 ], [ -71.288929816999939, 17.841009833000044 ], [ -71.282093878999945, 17.841009833000044 ], [ -71.286122199999909, 17.832586981000077 ], [ -71.29133053299995, 17.826157945000091 ], [ -71.297718878999945, 17.821966864000046 ], [ -71.305653449999909, 17.820502020000049 ], [ -71.309315558999913, 17.816392320000091 ], [ -71.315825975999928, 17.796454169000071 ], [ -71.319650844999899, 17.789211330000057 ], [ -71.331857876999948, 17.772406317000048 ], [ -71.36554928299995, 17.678412177000041 ], [ -71.375884568999936, 17.660142320000091 ], [ -71.417225714999915, 17.604803778000075 ], [ -71.427235480999911, 17.609279690000051 ], [ -71.43586178299995, 17.617092190000051 ], [ -71.436350063999953, 17.621283270000049 ], [ -71.446115688999953, 17.629339911000045 ], [ -71.514881964999915, 17.737779039000088 ], [ -71.531605597999942, 17.755072333000044 ], [ -71.565256313999953, 17.767523505000042 ], [ -71.645130988999938, 17.75726959800005 ], [ -71.679310675999943, 17.765285549000055 ], [ -71.669667120999918, 17.772406317000048 ], [ -71.637766079999949, 17.804022528000075 ], [ -71.630930141999897, 17.816799221000053 ], [ -71.632394985999952, 17.838324286000045 ], [ -71.636586066999939, 17.853461005000042 ], [ -71.652007615999935, 17.881984768000052 ], [ -71.662831183999913, 17.897691148000092 ], [ -71.664947068999936, 17.903469143000052 ], [ -71.665638800999943, 17.91547272300005 ], [ -71.658802863999938, 17.953314520000049 ], [ -71.66624915299991, 17.970770575000074 ], [ -71.68382727799991, 17.990179755000042 ], [ -71.720326300999943, 18.019110419000071 ], [ -71.776234503999945, 18.039252020000063 ], [ -71.764271199999968, 18.069492493000084 ], [ -71.760653849999898, 18.086804097000098 ], [ -71.762875935999887, 18.115846253000072 ], [ -71.762204141999916, 18.132486064000105 ], [ -71.764581257999851, 18.143674011000044 ], [ -71.775329955999979, 18.172328593000131 ], [ -71.776828572999875, 18.181785380000079 ], [ -71.77403804599993, 18.201474101000045 ], [ -71.766131551999877, 18.220258484000041 ], [ -71.709339151999927, 18.313250224000015 ], [ -71.711509562999936, 18.316144105000106 ], [ -71.720707967999942, 18.323973083000041 ], [ -71.734970662999899, 18.332938945000066 ], [ -71.788714152999916, 18.352214254 ], [ -71.826437947999864, 18.37616628100001 ], [ -71.834551147999946, 18.38508046500003 ], [ -71.8497440189999, 18.406448670000131 ], [ -71.858167277999883, 18.413554179000059 ], [ -71.897182983999897, 18.422881775000107 ], [ -71.912169148999851, 18.430736593000049 ], [ -71.918163615999873, 18.449236755000058 ], [ -71.914391235999858, 18.460217997000044 ], [ -71.906898152999929, 18.464300436000045 ], [ -71.901575479999877, 18.469778138000052 ], [ -71.904055949999957, 18.484790141000119 ], [ -71.910515502999914, 18.494272766 ], [ -72.000949259999885, 18.582458598000059 ], [ -72.009837605999905, 18.598814189 ], [ -71.992629353999916, 18.61113901800006 ], [ -71.955474, 18.618606262000085 ], [ -71.88028479099998, 18.605402934 ], [ -71.841579141999972, 18.617986145000103 ], [ -71.828556680999924, 18.631292827000024 ], [ -71.807989460999949, 18.664649964000077 ], [ -71.794346883999935, 18.679171041000032 ], [ -71.758070027999878, 18.700513407000031 ], [ -71.744065714999891, 18.711442973000104 ], [ -71.732076782999911, 18.730072327000059 ], [ -71.725255492999878, 18.746970520000062 ], [ -71.72034623299993, 18.76544484500009 ], [ -71.71884761599992, 18.784229228000086 ], [ -71.726909139999918, 18.82352915500006 ], [ -71.727942668999901, 18.864069316000084 ], [ -71.733472046999907, 18.882569479 ], [ -71.740913452999933, 18.891612854000059 ], [ -71.763806111999941, 18.911508281000053 ], [ -71.772952839999931, 18.921714376000054 ], [ -71.787112182999891, 18.950033061000042 ], [ -71.796258910999967, 18.957061056000057 ], [ -71.819668334999932, 18.957810364000053 ], [ -71.844524698999891, 18.949748841000044 ], [ -71.862456421999951, 18.947087504000038 ], [ -71.865401977999852, 18.964424948000058 ], [ -71.848142048999961, 18.975483704000041 ], [ -71.796827351999923, 18.988609518000104 ], [ -71.783701537999946, 18.996309306000015 ], [ -71.740345011999864, 19.041887919000075 ], [ -71.710424356999937, 19.081652934000104 ], [ -71.695283161999924, 19.094546204 ], [ -71.661383422999904, 19.117593893000063 ], [ -71.648774373999885, 19.135293071000078 ], [ -71.64365840699989, 19.15247548400005 ], [ -71.63911088099988, 19.212110088000045 ], [ -71.716522176999888, 19.247766825000028 ], [ -71.753729206999907, 19.28378529900003 ], [ -71.771557576999953, 19.307556457000075 ], [ -71.776518514999907, 19.327503561000086 ], [ -71.769955607999918, 19.333808085 ], [ -71.742980508999977, 19.348380839000058 ], [ -71.733472046999907, 19.355460511000089 ], [ -71.720811320999957, 19.385949606000068 ], [ -71.715281942999951, 19.391659851000028 ], [ -71.703861450999852, 19.414630025000079 ], [ -71.703189656999967, 19.459278463000103 ], [ -71.715126912999921, 19.53746490500005 ], [ -71.743083862999924, 19.600070903000059 ], [ -71.747683064999961, 19.622782695000026 ], [ -71.745047566999943, 19.664898987000058 ], [ -71.748613240999902, 19.682598165000073 ], [ -71.757435675999943, 19.710109768000052 ] ] ], [ [ [ -71.524484829999949, 17.54555898600006 ], [ -71.541167772999927, 17.554632880000042 ], [ -71.541371222999942, 17.576157945000091 ], [ -71.532215949999909, 17.601304429000038 ], [ -71.521066860999952, 17.621283270000049 ], [ -71.506947394999941, 17.613674221000053 ], [ -71.492583787999934, 17.603664455000057 ], [ -71.46711178299995, 17.580267645000049 ], [ -71.482533331999946, 17.57562897300005 ], [ -71.507394985999952, 17.551255601000037 ], [ -71.524484829999949, 17.54555898600006 ] ] ], [ [ [ -68.664051886999914, 18.169338283000059 ], [ -68.612375454999949, 18.170803127000056 ], [ -68.598784959999932, 18.166205145000049 ], [ -68.588693813999953, 18.153387762000079 ], [ -68.577504035999937, 18.133734442000048 ], [ -68.570179816999939, 18.115708726000037 ], [ -68.571848110999952, 18.107855536000045 ], [ -68.587025519999941, 18.111070054000038 ], [ -68.619292772999927, 18.125148830000057 ], [ -68.636097785999937, 18.12836334800005 ], [ -68.653920050999943, 18.126288153000075 ], [ -68.684885219999899, 18.116888739000046 ], [ -68.701893683999913, 18.11469147300005 ], [ -68.737049933999913, 18.123602606000077 ], [ -68.762074347999942, 18.14516836100006 ], [ -68.778187628999945, 18.172023830000057 ], [ -68.786936001999948, 18.196682033000059 ], [ -68.772084113999938, 18.200873114000046 ], [ -68.75454667899993, 18.197658596000053 ], [ -68.737172003999945, 18.189520575000074 ], [ -68.722320115999935, 18.179266669000071 ], [ -68.710764126999948, 18.175360419000071 ], [ -68.664051886999914, 18.169338283000059 ] ] ] ] } },
{ "type": "Feature", "properties": { "iso": "GT", "name": "Guatemala", "role": "centro" }, "geometry": { "type": "Polygon", "coordinates": [ [ [ -89.36162084999998, 14.415477804000062 ], [ -89.390611328999881, 14.435993348000039 ], [ -89.396864176999969, 14.426045635000037 ], [ -89.398181925999921, 14.445372620000086 ], [ -89.40836218299998, 14.441522726000045 ], [ -89.431099812999946, 14.418707580000046 ], [ -89.446835286999942, 14.415529481000078 ], [ -89.458126586999896, 14.419586080000073 ], [ -89.469417886999878, 14.425373840000049 ], [ -89.485282551999887, 14.427389222000102 ], [ -89.503033406999918, 14.420051168000015 ], [ -89.527760579999921, 14.391060689000128 ], [ -89.541351480999907, 14.381526387000036 ], [ -89.544245361999913, 14.400052388000077 ], [ -89.555174926999968, 14.410826925 ], [ -89.569876871999867, 14.412015483000118 ], [ -89.584062052999911, 14.401809387000057 ], [ -89.590573283999902, 14.38597056100005 ], [ -89.586284139999918, 14.374679261000082 ], [ -89.578971923999944, 14.364783223000089 ], [ -89.576078043999956, 14.353130189000112 ], [ -89.582408406999974, 14.343363343000064 ], [ -89.592433634999907, 14.336387024000075 ], [ -89.598350586999914, 14.327989604000095 ], [ -89.592175252999937, 14.313830261000049 ], [ -89.571272135999948, 14.311143087000104 ], [ -89.564373331999974, 14.308145853000099 ], [ -89.555691690999907, 14.299024963000122 ], [ -89.549878092999933, 14.288276265 ], [ -89.54858618199998, 14.28359954900013 ], [ -89.546777506999888, 14.268329163000075 ], [ -89.544917155999883, 14.261817932000014 ], [ -89.540550496999913, 14.257606303000074 ], [ -89.527863931999946, 14.2514568080001 ], [ -89.524659993999876, 14.247374369000084 ], [ -89.524504964999949, 14.231768087000134 ], [ -89.530938679999906, 14.225566915000059 ], [ -89.638322306999868, 14.200555522000073 ], [ -89.664625610999906, 14.188850810000091 ], [ -89.689843709999963, 14.170014750000064 ], [ -89.709868326999896, 14.148724060000077 ], [ -89.752604736999928, 14.075240174000029 ], [ -89.755446939999899, 14.067075297000102 ], [ -89.754465087999932, 14.059401347000104 ], [ -89.747256225999962, 14.04320078500011 ], [ -89.747643798999974, 14.037645569000105 ], [ -89.762268229999847, 14.029997457000121 ], [ -89.776944335999929, 14.0357852180001 ], [ -89.802963419999912, 14.055473938000134 ], [ -89.821101846999937, 14.060073141000089 ], [ -89.835855468999938, 14.059091289000037 ], [ -89.880116332999961, 14.042684021000071 ], [ -89.890787516999865, 14.035888570000026 ], [ -89.912078206999951, 14.015192159 ], [ -90.008170532999941, 13.949692281000097 ], [ -90.022975830999883, 13.936954041000135 ], [ -90.031476602999902, 13.922923889000032 ], [ -90.038091186999878, 13.908376974000078 ], [ -90.0473671069999, 13.894295146000061 ], [ -90.059640258999934, 13.884709167000054 ], [ -90.087080443999895, 13.870472310000082 ], [ -90.09904353899995, 13.85850921600013 ], [ -90.106975870999918, 13.844065654000104 ], [ -90.112298542999866, 13.828252666000111 ], [ -90.114779011999929, 13.81200042800009 ], [ -90.114313924999891, 13.796264954000023 ], [ -90.098306575132682, 13.731404008980572 ], [ -90.245553207999933, 13.79072571100005 ], [ -90.401159453999924, 13.858588018000091 ], [ -90.500208785999916, 13.894699659000082 ], [ -90.580412887999898, 13.913267343000086 ], [ -90.638018794999937, 13.922358034000069 ], [ -90.707277735999924, 13.928888581000081 ], [ -90.784614825999938, 13.921538447000046 ], [ -90.79624657599993, 13.918160508000085 ], [ -90.910333200999901, 13.911135082000044 ], [ -91.043740423999907, 13.913584837000087 ], [ -91.165760870999918, 13.926703192000048 ], [ -91.316461251999897, 13.955679359000044 ], [ -91.551869269999941, 14.05727773600006 ], [ -91.637115037999934, 14.104437567000048 ], [ -91.762557670999911, 14.180174112000088 ], [ -91.908192511999914, 14.28384023600006 ], [ -92.049590623999904, 14.408026434000078 ], [ -92.246256503999888, 14.546279476000095 ], [ -92.226097167999882, 14.54934560200013 ], [ -92.208062093999899, 14.570507101000089 ], [ -92.186073770999911, 14.62957326300004 ], [ -92.164731404999912, 14.668149720000116 ], [ -92.160803996999846, 14.683497620000082 ], [ -92.16173417199991, 14.702333679000105 ], [ -92.179381672999881, 14.751581320000085 ], [ -92.180105143999896, 14.758790182000041 ], [ -92.178813232999943, 14.773388774000111 ], [ -92.179381672999881, 14.781243591000049 ], [ -92.188657592999903, 14.80589324900005 ], [ -92.190828002999893, 14.814238993000103 ], [ -92.191654826999923, 14.835297140000122 ], [ -92.186797241999898, 14.847260233000085 ], [ -92.166023315999951, 14.870824687000081 ], [ -92.154680338999896, 14.900797018000034 ], [ -92.157574218999883, 14.963041280000127 ], [ -92.154215250999954, 14.995933329000081 ], [ -92.142355509999931, 15.007483012000108 ], [ -92.129875650999935, 15.010945333000052 ], [ -92.116982380999843, 15.012392274000135 ], [ -92.103830729999856, 15.017869975000039 ], [ -92.093598795999895, 15.02941965800008 ], [ -92.073806721999915, 15.073706360000102 ], [ -92.203359537999916, 15.237158915000109 ], [ -92.21093013499987, 15.253359477000117 ], [ -92.211291870999872, 15.272066345000013 ], [ -92.204651448999954, 15.289507141000044 ], [ -92.068535725999965, 15.516935120000042 ], [ -91.989599975999937, 15.648968404000115 ], [ -91.910560871999849, 15.780950013000066 ], [ -91.841676188999941, 15.896085103000061 ], [ -91.751888386999923, 16.04630849200008 ], [ -91.739847778999973, 16.060984599000065 ], [ -91.723776408999896, 16.068787740000076 ], [ -91.540480102999908, 16.069149475000089 ], [ -91.402607381999928, 16.069304505000034 ], [ -91.126913615999939, 16.069769593000061 ], [ -90.988989217999858, 16.069872946000075 ], [ -90.575474405999898, 16.070596415000082 ], [ -90.485738281999915, 16.070699768000097 ], [ -90.466152913999906, 16.072921855000104 ], [ -90.448195096999882, 16.079259908000054 ], [ -90.444164591999908, 16.084652405 ], [ -90.437420816999889, 16.098863424000044 ], [ -90.434475260999903, 16.107183330000012 ], [ -90.44452632699992, 16.103255920000052 ], [ -90.448143676999905, 16.099741924000099 ], [ -90.455585083999921, 16.099741924000099 ], [ -90.459486653999875, 16.11679514600003 ], [ -90.435302083999915, 16.136277161000024 ], [ -90.448143676999905, 16.148214417000062 ], [ -90.448143676999905, 16.154415589000038 ], [ -90.426129516999907, 16.163148906000018 ], [ -90.432718261999923, 16.173225810000062 ], [ -90.461812093999924, 16.18914215100007 ], [ -90.46558447299995, 16.208107402000039 ], [ -90.458504801999908, 16.221749980000041 ], [ -90.446231648999884, 16.230845032 ], [ -90.434475260999903, 16.236322734000098 ], [ -90.447988647999864, 16.241490377 ], [ -90.457833008999842, 16.249138489000089 ], [ -90.459434977999962, 16.259060364000064 ], [ -90.448143676999905, 16.27110097300006 ], [ -90.440624755999863, 16.265313212000066 ], [ -90.427679809999944, 16.263607890000017 ], [ -90.431426350999857, 16.268930563000069 ], [ -90.437524169999904, 16.280040996000068 ], [ -90.441296549999947, 16.285363668000016 ], [ -90.436749023999909, 16.284846904000077 ], [ -90.434475260999903, 16.291564840000106 ], [ -90.428558309999886, 16.28763743100005 ], [ -90.420238403999917, 16.285363668000016 ], [ -90.414063069999941, 16.287844137 ], [ -90.414011392999925, 16.298386129000065 ], [ -90.420186727999919, 16.296009013000017 ], [ -90.434733642999873, 16.301228333000026 ], [ -90.444888061999904, 16.308359680000066 ], [ -90.437885904999916, 16.312080383000094 ], [ -90.419463256999904, 16.317816467000043 ], [ -90.404683797999894, 16.331510722000061 ], [ -90.398792683999886, 16.347582092000025 ], [ -90.40719010499987, 16.360449524000032 ], [ -90.414011392999925, 16.360449524000032 ], [ -90.414011392999925, 16.353008118 ], [ -90.420806843999884, 16.353008118 ], [ -90.418223022999967, 16.367167461000051 ], [ -90.408740397999907, 16.372335103000054 ], [ -90.395123656999885, 16.371404927000086 ], [ -90.379853271999934, 16.367270813000076 ], [ -90.391377116999877, 16.385977681000057 ], [ -90.392694864999839, 16.391713766000024 ], [ -90.392901570999896, 16.404839580000086 ], [ -90.394916951999846, 16.419205627000096 ], [ -90.400601359999882, 16.420549215000065 ], [ -90.409463867999904, 16.41667348300011 ], [ -90.420806843999884, 16.415123190000074 ], [ -90.426697957999892, 16.417707011000076 ], [ -90.434113525999891, 16.42240956600007 ], [ -90.444371297999879, 16.426802063000068 ], [ -90.475842244999939, 16.430729472000039 ], [ -90.47842606699993, 16.436413879000057 ], [ -90.477082478999961, 16.44499216700008 ], [ -90.482301798999885, 16.45605092400011 ], [ -90.488218750999891, 16.461580302000087 ], [ -90.497753052999883, 16.468039856000061 ], [ -90.508915161999909, 16.47108876500009 ], [ -90.532893025999925, 16.459926656000064 ], [ -90.539068359999902, 16.468866679000072 ], [ -90.54371923899987, 16.490209045000071 ], [ -90.553408569999903, 16.490260722000087 ], [ -90.579350138999956, 16.482767639000073 ], [ -90.584724487999921, 16.480235495000059 ], [ -90.590615600999911, 16.483387757000045 ], [ -90.604671590999942, 16.486178284000076 ], [ -90.620742961999895, 16.486746725000032 ], [ -90.633093627999955, 16.483336080000115 ], [ -90.627874307999946, 16.492896220000105 ], [ -90.618985961999925, 16.500079244000077 ], [ -90.612061319999839, 16.507624003000032 ], [ -90.612629760999909, 16.518114319000077 ], [ -90.624153604999918, 16.524935608000121 ], [ -90.639501505999903, 16.525865784000061 ], [ -90.648183146999941, 16.529586487000088 ], [ -90.639966592999912, 16.544831034000126 ], [ -90.643532267999888, 16.561005758000121 ], [ -90.637021037999915, 16.577903952000028 ], [ -90.63376542199984, 16.592166646000081 ], [ -90.647356323999929, 16.600073140000049 ], [ -90.650250203999917, 16.593406881000121 ], [ -90.653609171999932, 16.590099590000122 ], [ -90.667200073999908, 16.586999003000088 ], [ -90.667200073999908, 16.593200175000064 ], [ -90.654022582999943, 16.616609599000029 ], [ -90.667716837999961, 16.6525763960001 ], [ -90.735309610999934, 16.74657582600004 ], [ -90.749779011999863, 16.757686259000067 ], [ -90.785590779999978, 16.774997864000071 ], [ -90.800370239999893, 16.786831767000066 ], [ -90.79695959599988, 16.798665670000091 ], [ -90.79695959599988, 16.805435283000023 ], [ -90.810602172999978, 16.812928365000076 ], [ -90.819955606999912, 16.805331930000094 ], [ -90.831737833999938, 16.805435283000023 ], [ -90.900622518999938, 16.826002503000026 ], [ -90.91907100399996, 16.836337789000126 ], [ -90.948164835999961, 16.864708150000027 ], [ -90.968887085999881, 16.87437164300006 ], [ -90.952764037999913, 16.890908102000068 ], [ -90.955192830999863, 16.898762919000077 ], [ -90.968835408999979, 16.901036682000026 ], [ -90.986250366999911, 16.901088359000127 ], [ -90.987955688999875, 16.896902568000073 ], [ -90.984286662999892, 16.887755840000082 ], [ -90.983253133999909, 16.878609110000113 ], [ -90.993071655999955, 16.87437164300006 ], [ -90.998342651999906, 16.877162170000119 ], [ -91.010900024999899, 16.890287984000096 ], [ -91.016687784999874, 16.894835511000039 ], [ -91.054928345999969, 16.908013 ], [ -91.066865600999904, 16.918193258000073 ], [ -91.071309774999918, 16.938915507 ], [ -91.076942504999948, 16.949509176000063 ], [ -91.11223750899984, 16.990488587000115 ], [ -91.116113240999908, 16.999273580000093 ], [ -91.121229207999875, 17.018393860000103 ], [ -91.126551879999937, 17.024595032000079 ], [ -91.137145548999911, 17.0265070600001 ], [ -91.161226765999857, 17.023974915000011 ], [ -91.171200317999961, 17.02800567700011 ], [ -91.206753703999908, 17.065367737000045 ], [ -91.215952107999925, 17.079217021000105 ], [ -91.22024125199988, 17.089293925000064 ], [ -91.225357218999875, 17.107018942000067 ], [ -91.229594685999928, 17.113995260000067 ], [ -91.238793090999934, 17.119214579000086 ], [ -91.259205281999868, 17.124330547000071 ], [ -91.263132690999839, 17.130738424000114 ], [ -91.265148071999903, 17.146241354000026 ], [ -91.270832479999939, 17.164276428000036 ], [ -91.279514119999902, 17.18008941600003 ], [ -91.290417846999873, 17.189081116000082 ], [ -91.317754679999979, 17.19047638000005 ], [ -91.344523071999873, 17.186342265000022 ], [ -91.364883585999877, 17.189752910000053 ], [ -91.372945108999971, 17.213575745000028 ], [ -91.388344685999954, 17.221585592000011 ], [ -91.419247192999961, 17.227735087000084 ], [ -91.442501586999867, 17.237967020000056 ], [ -91.438264119999928, 17.253676657000128 ], [ -91.430771036999886, 17.254968567000063 ], [ -90.991986449999871, 17.251919658000034 ], [ -90.990901245999879, 17.801963603 ], [ -90.982839721999881, 17.810541890000124 ], [ -90.962220825999879, 17.816019593000121 ], [ -90.919122680999862, 17.816019593000121 ], [ -90.479459594999923, 17.815606181000092 ], [ -90.259653890999886, 17.815347799000037 ], [ -90.039770670999928, 17.815141093000065 ], [ -89.820016642999946, 17.814986064000024 ], [ -89.600159261999892, 17.814727681000065 ], [ -89.160496174999935, 17.814314270000054 ], [ -89.150727874102074, 17.32103207973212 ], [ -89.149204845179298, 17.036270806333576 ], [ -89.184352706122695, 16.495872444329748 ], [ -89.193139671358466, 16.392625602808764 ], [ -89.2085168605212, 16.186131919766652 ], [ -89.234135091999946, 15.954944560000044 ], [ -89.236512207999908, 15.89391469300007 ], [ -89.228243977999853, 15.880840556000109 ], [ -89.225996053999921, 15.884044495000083 ], [ -89.21653926699986, 15.888643697000035 ], [ -89.204834553999888, 15.89241607700005 ], [ -89.195765339999923, 15.892932841000103 ], [ -89.17744604499984, 15.900270894000087 ], [ -89.100913248999944, 15.896808574000048 ], [ -89.072387858999889, 15.901511129000127 ], [ -89.040322631999885, 15.901717834000081 ], [ -88.951878418999854, 15.879651999000075 ], [ -88.913970506999959, 15.893947658000044 ], [ -88.900013800999943, 15.887844143000052 ], [ -88.866200324999909, 15.860337632000039 ], [ -88.831613735999952, 15.868638414000088 ], [ -88.78734290299991, 15.859076239000046 ], [ -88.753285285999937, 15.839789130000042 ], [ -88.749501105999911, 15.818793036000045 ], [ -88.72679602799991, 15.81517161700009 ], [ -88.625965949999909, 15.753892320000091 ], [ -88.638295050999943, 15.708807684000078 ], [ -88.636219855999911, 15.702093817000048 ], [ -88.609242316999939, 15.702093817000048 ], [ -88.598378058999913, 15.706122137000079 ], [ -88.595204230999911, 15.714667059000078 ], [ -88.59634355399993, 15.722154039000088 ], [ -88.598703579999949, 15.723211981000077 ], [ -88.598988410999937, 15.727362372000073 ], [ -88.605580206999946, 15.735541083000044 ], [ -88.605458136999914, 15.743068752000056 ], [ -88.600453253999945, 15.744574286000045 ], [ -88.591175910999937, 15.743557033000059 ], [ -88.582183397999927, 15.745021877000056 ], [ -88.578195766999897, 15.753892320000091 ], [ -88.574330206999946, 15.769964911000045 ], [ -88.565500454999949, 15.780951239000046 ], [ -88.556060350999928, 15.789496161000045 ], [ -88.550282355999911, 15.79828522300005 ], [ -88.54906165299991, 15.813666083000044 ], [ -88.556711391999897, 15.83734772300005 ], [ -88.557687954999949, 15.852932033000059 ], [ -88.550282355999911, 15.852932033000059 ], [ -88.550282355999911, 15.839260158000059 ], [ -88.544056769999941, 15.839260158000059 ], [ -88.532134568999936, 15.846828518000052 ], [ -88.503041144999941, 15.841376044000071 ], [ -88.488840298999946, 15.846747137000079 ], [ -88.51195227799991, 15.867580471000053 ], [ -88.524810350999928, 15.877020575000074 ], [ -88.54328365799995, 15.885158596000053 ], [ -88.55101477799991, 15.89516836100006 ], [ -88.557687954999949, 15.90656159100007 ], [ -88.564523891999897, 15.914984442000048 ], [ -88.607574022999927, 15.938421942000048 ], [ -88.619862433999913, 15.953273830000057 ], [ -88.605458136999914, 15.969631252000056 ], [ -88.590199347999942, 15.961004950000074 ], [ -88.561838344999899, 15.949042059000078 ], [ -88.550282355999911, 15.942328192000048 ], [ -88.521229620999918, 15.91274648600006 ], [ -88.50023352799991, 15.901068427000041 ], [ -88.44790605399993, 15.858710028000075 ], [ -88.344838019999941, 15.81195709800005 ], [ -88.311024542999917, 15.782416083000044 ], [ -88.300404425999943, 15.777818101000037 ], [ -88.256337042999917, 15.740383205000057 ], [ -88.22093665299991, 15.725653387000079 ], [ -88.232619995999926, 15.721418762 ], [ -88.23574641999997, 15.71242706300005 ], [ -88.234919596999958, 15.701575013000095 ], [ -88.241585855999858, 15.688242493000089 ], [ -88.247761190999938, 15.695683899000088 ], [ -88.264995279999937, 15.688604228000074 ], [ -88.279697224999921, 15.680749410000047 ], [ -88.295587728999948, 15.675013326000098 ], [ -88.316671712999948, 15.674599914000069 ], [ -88.322304443999911, 15.667261861000085 ], [ -88.352560994999919, 15.616903178000101 ], [ -88.398992269999923, 15.572797343000033 ], [ -88.500019693999974, 15.49590281200004 ], [ -88.674195108999896, 15.365058086000076 ], [ -88.97342749099991, 15.140394796000123 ], [ -89.008283243999898, 15.124400940000086 ], [ -89.109827433999868, 15.09145721400003 ], [ -89.140523234999904, 15.076393534000132 ], [ -89.16080623499991, 15.060244649000055 ], [ -89.172769328999976, 15.042209575000058 ], [ -89.18858231699997, 14.996088359000026 ], [ -89.169100300999872, 14.97841501900011 ], [ -89.169151977999888, 14.952060038000056 ], [ -89.181528482999852, 14.923663839000127 ], [ -89.198814249999941, 14.899815165000064 ], [ -89.223618937999902, 14.879015401000103 ], [ -89.231447916999912, 14.867310690000124 ], [ -89.232429768999879, 14.848500468000026 ], [ -89.227675537999886, 14.83457367000004 ], [ -89.218968058999934, 14.821680400000034 ], [ -89.198814249999941, 14.798090108000025 ], [ -89.189409139999896, 14.783000590000114 ], [ -89.170547240999952, 14.738791403000107 ], [ -89.159669352999913, 14.725122986000088 ], [ -89.150522624999923, 14.717294007000064 ], [ -89.144502319999901, 14.708302308000029 ], [ -89.142693644999895, 14.691274923 ], [ -89.145225789999898, 14.683445943000066 ], [ -89.155845295999967, 14.672257995000038 ], [ -89.159410970999943, 14.665979309000122 ], [ -89.155225179999917, 14.615594788000038 ], [ -89.155741943999942, 14.59784393400011 ], [ -89.16039282299991, 14.581281637000103 ], [ -89.172149210999919, 14.570403747000057 ], [ -89.183698893999946, 14.569525248000019 ], [ -89.208813639999875, 14.577948507000102 ], [ -89.221086791999909, 14.580093079000093 ], [ -89.238114176999915, 14.577948507000102 ], [ -89.245684774999887, 14.572987570000066 ], [ -89.250542358999894, 14.565184428000038 ], [ -89.259611571999869, 14.554254862000064 ], [ -89.290927489999973, 14.528003235000128 ], [ -89.304854288999962, 14.513352966000056 ], [ -89.31480200199988, 14.495963847000041 ], [ -89.323044392999918, 14.487463074000118 ], [ -89.345265258999945, 14.481959534000026 ], [ -89.355497192999934, 14.475448303000064 ], [ -89.361982584999879, 14.462400004000102 ], [ -89.363791259999886, 14.44656117800011 ], [ -89.36162084999998, 14.415477804000062 ] ] ] } },
{ "type": "Feature", "properties": { "iso": "HN", "name": "Honduras", "role": "centro" }, "geometry": { "type": "MultiPolygon", "coordinates": [ [ [ [ -89.36162084999998, 14.415477804000062 ], [ -89.363791259999886, 14.44656117800011 ], [ -89.361982584999879, 14.462400004000102 ], [ -89.355497192999934, 14.475448303000064 ], [ -89.345265258999945, 14.481959534000026 ], [ -89.323044392999918, 14.487463074000118 ], [ -89.31480200199988, 14.495963847000041 ], [ -89.304854288999962, 14.513352966000056 ], [ -89.290927489999973, 14.528003235000128 ], [ -89.259611571999869, 14.554254862000064 ], [ -89.250542358999894, 14.565184428000038 ], [ -89.245684774999887, 14.572987570000066 ], [ -89.238114176999915, 14.577948507000102 ], [ -89.221086791999909, 14.580093079000093 ], [ -89.208813639999875, 14.577948507000102 ], [ -89.183698893999946, 14.569525248000019 ], [ -89.172149210999919, 14.570403747000057 ], [ -89.16039282299991, 14.581281637000103 ], [ -89.155741943999942, 14.59784393400011 ], [ -89.155225179999917, 14.615594788000038 ], [ -89.159410970999943, 14.665979309000122 ], [ -89.155845295999967, 14.672257995000038 ], [ -89.145225789999898, 14.683445943000066 ], [ -89.142693644999895, 14.691274923 ], [ -89.144502319999901, 14.708302308000029 ], [ -89.150522624999923, 14.717294007000064 ], [ -89.159669352999913, 14.725122986000088 ], [ -89.170547240999952, 14.738791403000107 ], [ -89.189409139999896, 14.783000590000114 ], [ -89.198814249999941, 14.798090108000025 ], [ -89.218968058999934, 14.821680400000034 ], [ -89.227675537999886, 14.83457367000004 ], [ -89.232429768999879, 14.848500468000026 ], [ -89.231447916999912, 14.867310690000124 ], [ -89.223618937999902, 14.879015401000103 ], [ -89.198814249999941, 14.899815165000064 ], [ -89.181528482999852, 14.923663839000127 ], [ -89.169151977999888, 14.952060038000056 ], [ -89.169100300999872, 14.97841501900011 ], [ -89.18858231699997, 14.996088359000026 ], [ -89.172769328999976, 15.042209575000058 ], [ -89.16080623499991, 15.060244649000055 ], [ -89.140523234999904, 15.076393534000132 ], [ -89.109827433999868, 15.09145721400003 ], [ -89.008283243999898, 15.124400940000086 ], [ -88.97342749099991, 15.140394796000123 ], [ -88.674195108999896, 15.365058086000076 ], [ -88.500019693999974, 15.49590281200004 ], [ -88.398992269999923, 15.572797343000033 ], [ -88.352560994999919, 15.616903178000101 ], [ -88.322304443999911, 15.667261861000085 ], [ -88.316671712999948, 15.674599914000069 ], [ -88.295587728999948, 15.675013326000098 ], [ -88.279697224999921, 15.680749410000047 ], [ -88.264995279999937, 15.688604228000074 ], [ -88.247761190999938, 15.695683899000088 ], [ -88.241585855999858, 15.688242493000089 ], [ -88.234919596999958, 15.701575013000095 ], [ -88.23574641999997, 15.71242706300005 ], [ -88.232619995999926, 15.721418762 ], [ -88.22093665299991, 15.725653387000079 ], [ -88.21507727799991, 15.723211981000077 ], [ -88.169748501999948, 15.691961981000077 ], [ -88.145253058999913, 15.684515692000048 ], [ -88.118885870999918, 15.695868231000077 ], [ -88.060902472999942, 15.755764065000051 ], [ -88.036284959999932, 15.77094147300005 ], [ -88.041615363999938, 15.786688544000071 ], [ -88.031605597999942, 15.789862372000073 ], [ -87.992258266999897, 15.78461334800005 ], [ -87.93390865799995, 15.818793036000045 ], [ -87.926665818999936, 15.83234284100007 ], [ -87.924549933999913, 15.842189846000053 ], [ -87.930165167999917, 15.846747137000079 ], [ -87.941314256999931, 15.849839585000041 ], [ -87.950428839999915, 15.856919664000088 ], [ -87.954579230999911, 15.86399974200009 ], [ -87.950998501999948, 15.867173570000091 ], [ -87.908762173999946, 15.868068752000056 ], [ -87.891957160999937, 15.872951565000051 ], [ -87.875559048999946, 15.884263414000088 ], [ -87.846058722999942, 15.893866278000075 ], [ -87.76008053299995, 15.899562893000052 ], [ -87.742095506999931, 15.904486395000049 ], [ -87.736317511999914, 15.91860586100006 ], [ -87.722157355999911, 15.922919012000079 ], [ -87.704335089999915, 15.920721747000073 ], [ -87.687489386999914, 15.914984442000048 ], [ -87.643055792999917, 15.889227606000077 ], [ -87.626047329999949, 15.887681382000039 ], [ -87.626047329999949, 15.893947658000059 ], [ -87.636301235999952, 15.903509833000044 ], [ -87.625965949999909, 15.914943752000056 ], [ -87.591297980999911, 15.935492255000042 ], [ -87.610422329999949, 15.910101630000042 ], [ -87.617298956999946, 15.894598700000074 ], [ -87.608631964999915, 15.887681382000039 ], [ -87.603138800999943, 15.880764065000051 ], [ -87.509632941999939, 15.798651434000078 ], [ -87.479400193999936, 15.786037502000056 ], [ -87.447336391999897, 15.792141018000052 ], [ -87.441761847999942, 15.797756252000056 ], [ -87.431548631999931, 15.813950914000088 ], [ -87.426828579999949, 15.818793036000045 ], [ -87.417144334999932, 15.819525458000044 ], [ -87.391184048999946, 15.818426825000074 ], [ -87.385853644999941, 15.822495835000041 ], [ -87.379953579999949, 15.839504299000055 ], [ -87.364979620999918, 15.848334052000041 ], [ -87.345082160999937, 15.85032786700009 ], [ -87.241769985999952, 15.827378648000092 ], [ -87.151722785999937, 15.796861070000091 ], [ -87.058990037999934, 15.787014065000051 ], [ -86.952504035999937, 15.763332424000055 ], [ -86.916859503999945, 15.76040273600006 ], [ -86.878732876999948, 15.764146226000037 ], [ -86.817372199999909, 15.78188711100006 ], [ -86.799631313999896, 15.78461334800005 ], [ -86.796864386999914, 15.787583726000037 ], [ -86.780181443999936, 15.800197658000059 ], [ -86.770659959999932, 15.806545315000051 ], [ -86.75845292899993, 15.802313544000071 ], [ -86.746449347999942, 15.795599677000041 ], [ -86.741566535999937, 15.792141018000052 ], [ -86.699086066999939, 15.788641669000071 ], [ -86.503814256999931, 15.805080471000053 ], [ -86.470570441999939, 15.804185289000088 ], [ -86.439930792999917, 15.792141018000052 ], [ -86.414662238999938, 15.776434637000079 ], [ -86.399037238999938, 15.772406317000048 ], [ -86.374745245999918, 15.77094147300005 ], [ -86.354969855999911, 15.773993231000077 ], [ -86.338286912999934, 15.781398830000057 ], [ -86.243234829999949, 15.83860911700009 ], [ -86.218495245999918, 15.865057684000078 ], [ -86.207142706999946, 15.874009507000039 ], [ -86.172596808999913, 15.887518622000073 ], [ -86.137806769999941, 15.895656643000052 ], [ -85.994862433999913, 15.90070221600007 ], [ -85.982289191999939, 15.904201565000051 ], [ -85.972157355999911, 15.909165757000039 ], [ -85.933257615999935, 15.936672268000052 ], [ -85.912180141999897, 15.95929596600007 ], [ -85.903187628999945, 15.983465887000079 ], [ -85.919178839999915, 16.003729559000078 ], [ -85.982492641999897, 16.012518622000073 ], [ -86.012766079999949, 16.019964911000045 ], [ -86.007923956999946, 16.031073309000078 ], [ -85.981841600999928, 16.033148505000042 ], [ -85.904551557999923, 16.018383360000087 ], [ -85.851004879999948, 16.008733665000079 ], [ -85.813465949999909, 16.00454336100006 ], [ -85.766331744999945, 15.991582225000059 ], [ -85.719349738999938, 15.979722398000092 ], [ -85.703195766999897, 15.976467190000051 ], [ -85.69204667899993, 15.971502997000073 ], [ -85.689442511999914, 15.960028387000079 ], [ -85.689605272999927, 15.946437893000052 ], [ -85.687001105999911, 15.935492255000042 ], [ -85.679554816999939, 15.935492255000042 ], [ -85.680083787999934, 15.942206122000073 ], [ -85.67804928299995, 15.945379950000074 ], [ -85.672718878999945, 15.949164130000042 ], [ -85.656220702999917, 15.948768477000044 ], [ -85.647334405999914, 15.935942688000068 ], [ -85.629563115999929, 15.922042590000046 ], [ -85.608463942999947, 15.907071985000073 ], [ -85.564054792999912, 15.888874601000055 ], [ -85.488577667999948, 15.869566580000082 ], [ -85.436394406999909, 15.873762960000079 ], [ -85.361990541999944, 15.881110034000073 ], [ -85.254250156999944, 15.884084998000048 ], [ -85.196354780999911, 15.90744777000009 ], [ -85.123782968999933, 15.958574594000083 ], [ -85.0757802359999, 15.986247321000064 ], [ -84.999948696999923, 15.987941799000055 ], [ -84.950774182999908, 15.972006975000056 ], [ -84.85446430099995, 15.929750654000088 ], [ -84.733589441999925, 15.895029350000073 ], [ -84.67655175099992, 15.876203025000052 ], [ -84.662276815999917, 15.865637092000043 ], [ -84.668480615999897, 15.853211763000047 ], [ -84.680854078999914, 15.83491673900005 ], [ -84.681079925999938, 15.794266759000038 ], [ -84.660053913999946, 15.774494092000054 ], [ -84.640297128999919, 15.771775004000062 ], [ -84.615713245999927, 15.77951835600004 ], [ -84.612188505999939, 15.799820681000085 ], [ -84.60940910599993, 15.808983062000038 ], [ -84.599870326999906, 15.808277578000059 ], [ -84.593129224999927, 15.795787892000078 ], [ -84.575485152999931, 15.783895482000048 ], [ -84.55025536699992, 15.787693059000048 ], [ -84.526432806999935, 15.784936377000065 ], [ -84.477436545999922, 15.778755998000065 ], [ -84.468516404999946, 15.789188903000081 ], [ -84.452811170999951, 15.795647751000047 ], [ -84.473867337999934, 15.804293073000053 ], [ -84.499033204999932, 15.809683259000053 ], [ -84.577974540999946, 15.822580437000056 ], [ -84.607887389999917, 15.835195009000074 ], [ -84.633054966999907, 15.847125321000078 ], [ -84.641829709999911, 15.862907079000081 ], [ -84.601645592999944, 15.854824790000066 ], [ -84.464167581999902, 15.829792031000068 ], [ -84.374315457999899, 15.820715618000065 ], [ -84.315041911999913, 15.81770380200004 ], [ -84.294638382999949, 15.811010146000058 ], [ -84.240394391999928, 15.767350999000087 ], [ -84.167070508999927, 15.709697431000052 ], [ -84.058306091999896, 15.620248106000076 ], [ -83.952933206999944, 15.532886512000061 ], [ -83.894170739999936, 15.485180693000075 ], [ -83.817534959999932, 15.439886786000045 ], [ -83.79906165299991, 15.429348049000055 ], [ -83.780873175999943, 15.421535549000055 ], [ -83.745676235999952, 15.415838934000078 ], [ -83.736805792999917, 15.411322333000044 ], [ -83.729969855999911, 15.401556708000044 ], [ -83.729359503999945, 15.393744208000044 ], [ -83.735910610999952, 15.388617255000042 ], [ -83.750803188999896, 15.386786200000074 ], [ -83.768299933999913, 15.393377997000073 ], [ -83.806223110999952, 15.422349351000037 ], [ -83.834462042999917, 15.431789455000057 ], [ -83.853423631999931, 15.44476959800005 ], [ -83.862782355999911, 15.448879299000055 ], [ -83.893137173999946, 15.449164130000042 ], [ -83.906361456999946, 15.451971747000073 ], [ -83.918080206999946, 15.463120835000041 ], [ -83.909169074999909, 15.467840887000079 ], [ -83.904408331999946, 15.46938711100006 ], [ -83.913075324999909, 15.481838283000059 ], [ -83.94595292899993, 15.517767645000049 ], [ -83.952788865999935, 15.517767645000049 ], [ -83.963734503999945, 15.512518622000073 ], [ -83.977162238999938, 15.520209052000041 ], [ -83.991200324999909, 15.531683661000045 ], [ -84.004017706999946, 15.537583726000037 ], [ -84.024525519999941, 15.535101630000042 ], [ -84.033924933999913, 15.528876044000071 ], [ -84.041167772999927, 15.520209052000041 ], [ -84.055246548999946, 15.510931708000044 ], [ -84.061594204999949, 15.51508209800005 ], [ -84.089344855999911, 15.524603583000044 ], [ -84.076568162999934, 15.535549221000053 ], [ -84.071156378999945, 15.54165273600006 ], [ -84.068837042999917, 15.548163153000075 ], [ -84.073638475999928, 15.550482489000046 ], [ -84.084380662999934, 15.55219147300005 ], [ -84.096180792999917, 15.552639065000051 ], [ -84.103627081999946, 15.551214911000045 ], [ -84.106434699999909, 15.540432033000059 ], [ -84.100005662999934, 15.523260809000078 ], [ -84.088368292999917, 15.504868882000039 ], [ -84.075754360999952, 15.490423895000049 ], [ -84.082508917999917, 15.482977606000077 ], [ -84.089344855999911, 15.482977606000077 ], [ -84.119292772999927, 15.539292710000041 ], [ -84.130360480999911, 15.551214911000045 ], [ -84.141753709999932, 15.553127346000053 ], [ -84.154896613999938, 15.550685940000051 ], [ -84.171945766999897, 15.545070705000057 ], [ -84.18382727799991, 15.545884507000039 ], [ -84.200998501999948, 15.549872137000079 ], [ -84.212880011999914, 15.551214911000045 ], [ -84.205148891999897, 15.528509833000044 ], [ -84.198719855999911, 15.520738023000092 ], [ -84.180409308999913, 15.514471747000073 ], [ -84.180165167999917, 15.50617096600007 ], [ -84.183461066999939, 15.494940497000073 ], [ -84.185536261999914, 15.482977606000077 ], [ -84.178700324999909, 15.482977606000077 ], [ -84.175607876999948, 15.498277085000041 ], [ -84.155588344999899, 15.507391669000071 ], [ -84.146555141999897, 15.535101630000042 ], [ -84.137115037999934, 15.538072007000039 ], [ -84.127797003999945, 15.532619533000059 ], [ -84.114247199999909, 15.499904690000051 ], [ -84.098052537999934, 15.473456122000073 ], [ -84.092152472999942, 15.450913804000038 ], [ -84.11359615799995, 15.441392320000091 ], [ -84.124175584999932, 15.430243231000077 ], [ -84.116525844999899, 15.404974677000041 ], [ -84.099517381999931, 15.37759023600006 ], [ -84.082508917999917, 15.36009349200009 ], [ -84.056711391999897, 15.346828518000052 ], [ -84.03538977799991, 15.341864325000074 ], [ -84.025868292999917, 15.351223049000055 ], [ -84.03538977799991, 15.380560614000046 ], [ -84.021962042999917, 15.370306708000044 ], [ -84.01008053299995, 15.356756903000075 ], [ -84.005360480999911, 15.341294664000088 ], [ -84.013579881999931, 15.325344143000052 ], [ -83.999908006999931, 15.308823960000041 ], [ -83.980620897999927, 15.305731512000079 ], [ -83.931752081999946, 15.311672268000052 ], [ -83.931752081999946, 15.304877020000049 ], [ -83.941395636999914, 15.305243231000077 ], [ -83.94790605399993, 15.303412177000041 ], [ -83.958973761999914, 15.298041083000044 ], [ -83.958973761999914, 15.291815497000073 ], [ -83.950672980999911, 15.274807033000059 ], [ -83.938384568999936, 15.25922272300005 ], [ -83.921986456999946, 15.247870184000078 ], [ -83.900990363999938, 15.243394273000092 ], [ -83.882801886999914, 15.24555084800005 ], [ -83.859527147999927, 15.251288153000075 ], [ -83.837147589999915, 15.259995835000041 ], [ -83.821888800999943, 15.270697333000044 ], [ -83.834543423999946, 15.282619533000059 ], [ -83.877064581999946, 15.304877020000049 ], [ -83.884266730999911, 15.311712958000044 ], [ -83.887603318999936, 15.318345445000091 ], [ -83.891672329999949, 15.323391018000052 ], [ -83.900990363999938, 15.325344143000052 ], [ -83.911732550999943, 15.326117255000042 ], [ -83.988148566999939, 15.352362372000073 ], [ -84.000599738999938, 15.36009349200009 ], [ -84.023793097999942, 15.392564195000091 ], [ -84.03538977799991, 15.401068427000041 ], [ -84.026519334999932, 15.408677476000037 ], [ -84.016713019999941, 15.413723049000055 ], [ -83.99437415299991, 15.421535549000055 ], [ -83.905140753999945, 15.38353099200009 ], [ -83.890736456999946, 15.363226630000042 ], [ -83.88508053299995, 15.352606512000079 ], [ -83.87132727799991, 15.342840887000079 ], [ -83.854400193999936, 15.335598049000055 ], [ -83.825917120999918, 15.329738674000055 ], [ -83.814076300999943, 15.321682033000059 ], [ -83.803863084999932, 15.310492255000042 ], [ -83.79515540299991, 15.298041083000044 ], [ -83.801828579999949, 15.29368724200009 ], [ -83.809925910999937, 15.286688544000071 ], [ -83.815663214999915, 15.284369208000044 ], [ -83.815663214999915, 15.278143622000073 ], [ -83.799224412999934, 15.274603583000044 ], [ -83.785308397999927, 15.284409898000092 ], [ -83.774525519999941, 15.285711981000077 ], [ -83.767201300999943, 15.256415106000077 ], [ -83.769439256999931, 15.219224351000037 ], [ -83.767201300999943, 15.20929596600007 ], [ -83.759836391999897, 15.202093817000048 ], [ -83.75226803299995, 15.202541408000059 ], [ -83.747181769999941, 15.20970286700009 ], [ -83.747385219999899, 15.222886460000041 ], [ -83.739898240999935, 15.222886460000041 ], [ -83.731027798999946, 15.20343659100007 ], [ -83.722645636999914, 15.208075262000079 ], [ -83.705799933999913, 15.237209377000056 ], [ -83.690256313999896, 15.245917059000078 ], [ -83.669545050999943, 15.251898505000042 ], [ -83.633778449999909, 15.256415106000077 ], [ -83.629383917999917, 15.261135158000059 ], [ -83.631459113999938, 15.28384023600006 ], [ -83.630034959999932, 15.291815497000073 ], [ -83.62336178299995, 15.296087958000044 ], [ -83.617014126999948, 15.295599677000041 ], [ -83.609486456999946, 15.29328034100007 ], [ -83.544667120999918, 15.280991929000038 ], [ -83.52765865799995, 15.284369208000044 ], [ -83.52765865799995, 15.278143622000073 ], [ -83.533599412999934, 15.272162177000041 ], [ -83.532948370999918, 15.268133856000077 ], [ -83.529652472999942, 15.263739325000074 ], [ -83.52765865799995, 15.256415106000077 ], [ -83.52765865799995, 15.226304429000038 ], [ -83.532866990999935, 15.21124909100007 ], [ -83.544422980999911, 15.204982815000051 ], [ -83.555897589999915, 15.20929596600007 ], [ -83.561146613999938, 15.226304429000038 ], [ -83.564808722999942, 15.231390692000048 ], [ -83.573475714999915, 15.234767971000053 ], [ -83.583851691999939, 15.23663971600007 ], [ -83.592518683999913, 15.237209377000056 ], [ -83.598500128999945, 15.233099677000041 ], [ -83.603911912999934, 15.224025783000059 ], [ -83.610218878999945, 15.20929596600007 ], [ -83.614735480999911, 15.204087632000039 ], [ -83.619130011999914, 15.200873114000046 ], [ -83.622466600999928, 15.19594961100006 ], [ -83.623850063999896, 15.185370184000078 ], [ -83.621449347999942, 15.176174221000053 ], [ -83.615793423999946, 15.174505927000041 ], [ -83.608998175999943, 15.177394924000055 ], [ -83.603382941999939, 15.18195221600007 ], [ -83.608469204999949, 15.190415757000039 ], [ -83.609486456999946, 15.196926174000055 ], [ -83.607492641999897, 15.202826239000046 ], [ -83.603382941999939, 15.20929596600007 ], [ -83.59593665299991, 15.20929596600007 ], [ -83.593861456999946, 15.184759833000044 ], [ -83.587025519999941, 15.167181708000044 ], [ -83.57445227799991, 15.16046784100007 ], [ -83.55492102799991, 15.16828034100007 ], [ -83.549549933999913, 15.174017645000049 ], [ -83.540435350999928, 15.188666083000044 ], [ -83.534494594999899, 15.195013739000046 ], [ -83.526600714999915, 15.199896552000041 ], [ -83.481800910999937, 15.21556224200009 ], [ -83.482167120999918, 15.21906159100007 ], [ -83.486683722999942, 15.229722398000092 ], [ -83.49087480399993, 15.235907294000071 ], [ -83.502308722999942, 15.246283270000049 ], [ -83.50649980399993, 15.256415106000077 ], [ -83.509877081999946, 15.270575262000079 ], [ -83.517201300999943, 15.28969961100006 ], [ -83.52961178299995, 15.301011460000041 ], [ -83.548166469999899, 15.291815497000073 ], [ -83.577870245999918, 15.309068101000037 ], [ -83.592640753999945, 15.312241929000038 ], [ -83.610218878999945, 15.304877020000049 ], [ -83.616363084999932, 15.311672268000052 ], [ -83.610218878999945, 15.325344143000052 ], [ -83.626332160999937, 15.327460028000075 ], [ -83.669585740999935, 15.342922268000052 ], [ -83.678456183999913, 15.349269924000055 ], [ -83.688954230999911, 15.360581773000092 ], [ -83.709828253999945, 15.367092190000051 ], [ -83.725331183999913, 15.375881252000056 ], [ -83.71939042899993, 15.394232489000046 ], [ -83.702992316999939, 15.402004299000055 ], [ -83.687408006999931, 15.393744208000044 ], [ -83.673329230999911, 15.380601304000038 ], [ -83.661366339999915, 15.37376536700009 ], [ -83.65062415299991, 15.370306708000044 ], [ -83.542591925999943, 15.315741278000075 ], [ -83.408029751999948, 15.266424872000073 ], [ -83.356312628999945, 15.229722398000092 ], [ -83.344553188999896, 15.210882880000042 ], [ -83.32843990799995, 15.146633205000057 ], [ -83.31086178299995, 15.106431382000039 ], [ -83.284291144999941, 15.068345445000091 ], [ -83.253814256999931, 15.044623114000046 ], [ -83.130444472447948, 14.997012021272383 ], [ -83.143654134999935, 14.994899801000088 ], [ -83.177398843999896, 14.996811829000109 ], [ -83.191325642999885, 14.994253845000117 ], [ -83.21773230099987, 14.982497457000122 ], [ -83.262019002999892, 14.98319508900002 ], [ -83.266153116999902, 14.982497457000122 ], [ -83.278322916999912, 14.987122498000076 ], [ -83.285660970999913, 14.992109274000128 ], [ -83.2848858239999, 14.997380269000075 ], [ -83.272974405999946, 15.003038839000098 ], [ -83.317054402999929, 15.007560526000134 ], [ -83.334236816999919, 15.00644948300004 ], [ -83.349352172999915, 14.996811829000109 ], [ -83.354545653999935, 15.010066834000028 ], [ -83.364984293999868, 15.016345521000119 ], [ -83.377825886999943, 15.021254781000053 ], [ -83.390305745999939, 15.030969950000099 ], [ -83.399891723999929, 15.013632508000086 ], [ -83.41547216799998, 14.996941020000051 ], [ -83.435729329999873, 14.985184631000052 ], [ -83.45919042999995, 14.982497457000122 ], [ -83.468388834999956, 14.987406719000063 ], [ -83.48055863499988, 15.005545146000088 ], [ -83.485855468999915, 15.010480245000039 ], [ -83.499007120999892, 15.012650655000115 ], [ -83.509084024999908, 15.011539612000107 ], [ -83.512468831999939, 15.006501160000141 ], [ -83.505725056999893, 14.996811829000109 ], [ -83.510996052999928, 14.99017140700002 ], [ -83.51262386099998, 14.984021911000042 ], [ -83.513218139999935, 14.96885487900002 ], [ -83.523036661999896, 14.977691548000024 ], [ -83.528617716999918, 14.973402405000058 ], [ -83.529909627999871, 14.961775207000088 ], [ -83.526860717999938, 14.94836517400006 ], [ -83.532493448999872, 14.951026509000073 ], [ -83.547350423999916, 14.955212301000103 ], [ -83.545128336999909, 14.952163391000084 ], [ -83.540477458999931, 14.941569723000015 ], [ -83.55486934399994, 14.937409770000073 ], [ -83.579777384999915, 14.918108623000123 ], [ -83.604272013999974, 14.90919443700011 ], [ -83.609181274999912, 14.89836822500007 ], [ -83.611300008999876, 14.884906514000107 ], [ -83.615614990999859, 14.872685038000085 ], [ -83.623056396999885, 14.872685038000085 ], [ -83.631557169999979, 14.883201192000044 ], [ -83.649953979999879, 14.888498027000082 ], [ -83.672149007999906, 14.88963490800009 ], [ -83.691966918999896, 14.886973572000073 ], [ -83.710622110999878, 14.878343607000119 ], [ -83.714497843999936, 14.867233175000109 ], [ -83.705015218999847, 14.83852691700011 ], [ -83.712430785999857, 14.83852691700011 ], [ -83.7162031659999, 14.847053528000032 ], [ -83.723618733999899, 14.851575216000057 ], [ -83.733928181999914, 14.852970480000039 ], [ -83.746563069999922, 14.852195333000026 ], [ -83.744521851999878, 14.836666565000101 ], [ -83.76529577699992, 14.828785909000061 ], [ -83.821054646999869, 14.825478618000062 ], [ -83.813923299999942, 14.81377390600008 ], [ -83.808988199999902, 14.808890483000056 ], [ -83.801210896999891, 14.803774516000061 ], [ -83.819659383999891, 14.803619486000031 ], [ -83.83950313299988, 14.797418315000044 ], [ -83.857305664999927, 14.787780661000028 ], [ -83.869475463999919, 14.77710947700011 ], [ -83.875263224999912, 14.784266663000068 ], [ -83.878751383999941, 14.786747132000045 ], [ -83.889939330999908, 14.790726216000024 ], [ -83.885004231999858, 14.781346944000077 ], [ -83.883763997999921, 14.77710947700011 ], [ -83.896553914999885, 14.780442606000122 ], [ -83.912651122999961, 14.797185771000073 ], [ -83.924717569999927, 14.803774516000061 ], [ -83.929652669999882, 14.780881857000054 ], [ -83.929859375999939, 14.771657613000045 ], [ -83.924717569999927, 14.763441061 ], [ -84.023574584999892, 14.758325094000028 ], [ -84.040756998999967, 14.76034047400006 ], [ -84.042669026999903, 14.768066101000059 ], [ -84.047810832999886, 14.770804952000105 ], [ -84.064683186999872, 14.770262349000063 ], [ -84.075199340999916, 14.771631775000031 ], [ -84.078971720999874, 14.77517161100009 ], [ -84.081555541999961, 14.779796651000055 ], [ -84.104448201999872, 14.793930156000087 ], [ -84.111760416999857, 14.793413392000048 ], [ -84.122715820999929, 14.784525045000038 ], [ -84.111114461999904, 14.761038106000058 ], [ -84.104189819999903, 14.751865540000068 ], [ -84.095430663999934, 14.743597310000027 ], [ -84.095430663999934, 14.736104228000073 ], [ -84.102277791999882, 14.731866760000031 ], [ -84.111217814999918, 14.734708964000092 ], [ -84.119615234999912, 14.736104228000073 ], [ -84.128736124999875, 14.734192200000066 ], [ -84.137882853999969, 14.725226339000116 ], [ -84.143799804999873, 14.721867371000101 ], [ -84.168191081999908, 14.714968567000128 ], [ -84.182893026999892, 14.713857523000044 ], [ -84.195011148999896, 14.718715108000055 ], [ -84.218678955999906, 14.743442282000075 ], [ -84.226378743999902, 14.749772644000089 ], [ -84.235396280999851, 14.754733582000128 ], [ -84.249219726999911, 14.759410298000105 ], [ -84.261802938999921, 14.758531799000068 ], [ -84.267332316999841, 14.746672058000058 ], [ -84.262164672999916, 14.699749858000104 ], [ -84.26728063999991, 14.677735698000021 ], [ -84.287796183999887, 14.667219544000062 ], [ -84.298880777999898, 14.667994690000072 ], [ -84.323168701999919, 14.673317363000109 ], [ -84.338387410999928, 14.674686788000088 ], [ -84.346035522999927, 14.679983622000037 ], [ -84.353192708999956, 14.705976868000093 ], [ -84.362933715999901, 14.715614523000113 ], [ -84.376137044999894, 14.696726787000074 ], [ -84.390012166999952, 14.671482849000114 ], [ -84.408434814999879, 14.649417013000033 ], [ -84.445719360999902, 14.636678772000067 ], [ -84.47160925299994, 14.622622783000054 ], [ -84.48269384799994, 14.619470520000093 ], [ -84.498015909999907, 14.623914693000089 ], [ -84.508480387999867, 14.632622172000069 ], [ -84.519048217999938, 14.638280742000092 ], [ -84.534215250999949, 14.633733215000063 ], [ -84.531218017999919, 14.653318583000086 ], [ -84.527419799999905, 14.6603982540001 ], [ -84.600438598999943, 14.662516989000082 ], [ -84.622969523999956, 14.667219544000062 ], [ -84.661701009999888, 14.683445943000066 ], [ -84.680847127999897, 14.685461325000119 ], [ -84.699321451999907, 14.674686788000088 ], [ -84.714410970999921, 14.708922424000093 ], [ -84.72484960999995, 14.725639750000127 ], [ -84.745287637999894, 14.739101461000089 ], [ -84.744279947999928, 14.752408142000107 ], [ -84.747044637999892, 14.764474590000091 ], [ -84.766940063999897, 14.766903381000049 ], [ -84.766397461999929, 14.768867086000085 ], [ -84.758568481999902, 14.778659770000047 ], [ -84.755467895999857, 14.781476135000105 ], [ -84.770169840999955, 14.805143942000129 ], [ -84.792132324999926, 14.821060283000065 ], [ -84.818099731999979, 14.828656718000033 ], [ -84.844428873999931, 14.827545675000124 ], [ -84.904218506999882, 14.81697784400005 ], [ -84.920625772999927, 14.807701925000032 ], [ -84.966462768999889, 14.764629618000129 ], [ -84.984368651999944, 14.752227275000067 ], [ -85.001990316999951, 14.740677592000026 ], [ -85.015658732999867, 14.728171896000035 ], [ -85.024547078999973, 14.712539775000081 ], [ -85.029792236999896, 14.675539449000027 ], [ -85.033047851999896, 14.669570821 ], [ -85.038215494999889, 14.667219544000062 ], [ -85.053925130999858, 14.66305959100012 ], [ -85.048524943999979, 14.653318583000086 ], [ -85.020206257999888, 14.633733215000063 ], [ -85.042220418999875, 14.61347605400006 ], [ -85.048163207999892, 14.605776266000063 ], [ -85.022221639999941, 14.605802104000077 ], [ -85.029637206999951, 14.5889555870001 ], [ -85.065242268999839, 14.554254862000064 ], [ -85.086377929999884, 14.544539693000033 ], [ -85.103353637999902, 14.556864522000083 ], [ -85.119321655999926, 14.573969422000033 ], [ -85.13753759899987, 14.578491109000055 ], [ -85.145469929999933, 14.564254252000083 ], [ -85.149810750999904, 14.536504008000051 ], [ -85.15182613199994, 14.485964457000108 ], [ -85.155391805999926, 14.479479065000049 ], [ -85.178491170999905, 14.455604553000072 ], [ -85.179679728999929, 14.449248352000041 ], [ -85.177354288999908, 14.433977966000086 ], [ -85.178491170999905, 14.427647603000068 ], [ -85.205828002999937, 14.407157899000097 ], [ -85.189730794999946, 14.396848450000093 ], [ -85.171876587999918, 14.381009623000097 ], [ -85.15903499399991, 14.361062520000075 ], [ -85.158027302999926, 14.338273214000083 ], [ -85.169628662999884, 14.321762594000091 ], [ -85.190195882999973, 14.309644470000109 ], [ -85.215207274999869, 14.301582947000028 ], [ -85.239960286999917, 14.297319641000058 ], [ -85.277813273999897, 14.297319641000058 ], [ -85.288200236999899, 14.295149231000067 ], [ -85.311971394999972, 14.283651225000142 ], [ -85.321350666999905, 14.28132578600011 ], [ -85.326828369999902, 14.275744731000088 ], [ -85.330884968999897, 14.26900095700006 ], [ -85.337964639999939, 14.260681050000102 ], [ -85.3408068439999, 14.253368836000021 ], [ -85.343623209999862, 14.250113221000035 ], [ -85.347809000999916, 14.249234721000093 ], [ -85.358531860999932, 14.250888367000044 ], [ -85.362872680999914, 14.250113221000035 ], [ -85.37251033599992, 14.241095683000083 ], [ -85.384008341999845, 14.226445414000096 ], [ -85.393620157999948, 14.210761617000045 ], [ -85.400880696999934, 14.18518178300009 ], [ -85.409123087999973, 14.166164856000123 ], [ -85.420156005999871, 14.146863708000083 ], [ -85.431731526999897, 14.132833557000069 ], [ -85.457621419999839, 14.113041483000089 ], [ -85.474674641999883, 14.103403829000072 ], [ -85.510641438999954, 14.093792013000055 ], [ -85.51640336199992, 14.080537008000064 ], [ -85.518625447999909, 14.064594828000025 ], [ -85.527953043999872, 14.050900574000096 ], [ -85.546634074999929, 14.044906108000077 ], [ -85.571697143999927, 14.04051361100008 ], [ -85.593607950999882, 14.033459778000065 ], [ -85.603064737999944, 14.019532980000079 ], [ -85.612805745999907, 14.009740295000114 ], [ -85.647868204999924, 13.999301657000089 ], [ -85.644612589999952, 13.988785503000116 ], [ -85.651950643999839, 13.986692607000066 ], [ -85.651485555999926, 13.981990052000086 ], [ -85.657660888999885, 13.981990052000086 ], [ -85.666187500999911, 13.984470520000059 ], [ -85.686496337999927, 13.967339783000099 ], [ -85.699234578999892, 13.961500346000022 ], [ -85.716985433999923, 13.962688904000046 ], [ -85.727346557999937, 13.965014344000068 ], [ -85.732204142999933, 13.959536641000085 ], [ -85.733392699999882, 13.937625834000116 ], [ -85.743288737999961, 13.907550151000052 ], [ -85.747448689999885, 13.88827484200003 ], [ -85.74367630999987, 13.879567363000149 ], [ -85.728690144999888, 13.87501983700011 ], [ -85.723005737999955, 13.863418478000071 ], [ -85.725124471999919, 13.847941386000059 ], [ -85.733392699999882, 13.831792501000066 ], [ -85.742461913999932, 13.823705139000069 ], [ -85.744994059999925, 13.824686991000135 ], [ -85.758300740999942, 13.83928558400001 ], [ -85.778661254999889, 13.84093923000006 ], [ -85.802019001999923, 13.840215760000063 ], [ -85.824162353999839, 13.847683004000089 ], [ -85.840104532999959, 13.866570740000029 ], [ -85.849871378999921, 13.887086283000087 ], [ -85.861601928999903, 13.904423727000108 ], [ -85.883564412999874, 13.913854675000067 ], [ -85.897206990999877, 13.913027853000045 ], [ -85.906302042999954, 13.909358826000044 ], [ -85.91550044799996, 13.907446798000123 ], [ -85.929401407999933, 13.912097677000091 ], [ -85.936119344999952, 13.918195496000052 ], [ -85.957771768999947, 13.94610076900004 ], [ -86.028413452999928, 13.996071879000098 ], [ -86.0312556559999, 14.022581889000023 ], [ -86.020455281999972, 14.044079284000048 ], [ -86.020196899999888, 14.055163879000062 ], [ -86.096729695999898, 14.044079284000048 ], [ -86.110475626999914, 14.037128805000066 ], [ -86.121689412999871, 14.027206930000062 ], [ -86.12690873199989, 14.018551127000109 ], [ -86.130836141999879, 14.008913473000092 ], [ -86.138019165999907, 13.996175232000041 ], [ -86.14969803999989, 13.984263815000091 ], [ -86.161790324999885, 13.978114319000028 ], [ -86.173572550999978, 13.973670146000117 ], [ -86.184062866999909, 13.966874695000072 ], [ -86.218582722999912, 13.91437144000011 ], [ -86.284108439999898, 13.845719299000052 ], [ -86.299921427999891, 13.82132802300012 ], [ -86.307776244999843, 13.791691589000081 ], [ -86.313564005999922, 13.776602072000074 ], [ -86.325191202999861, 13.76376047800008 ], [ -86.34012569199993, 13.756654968000063 ], [ -86.358470825999916, 13.752262472000069 ], [ -86.410095580999922, 13.749032695000082 ], [ -86.417071899999939, 13.750014547000148 ], [ -86.426528686999916, 13.752985942000066 ], [ -86.432471476999922, 13.757120056000076 ], [ -86.448232788999888, 13.772958883000086 ], [ -86.462857218999972, 13.770943502000137 ], [ -86.476293091999935, 13.764018860000064 ], [ -86.490814168999862, 13.759497172000124 ], [ -86.508539184999876, 13.764380595000148 ], [ -86.541663777999901, 13.78213145000008 ], [ -86.581144571999914, 13.77985768700006 ], [ -86.66268998299995, 13.764690654000049 ], [ -86.706304891999906, 13.770013326000083 ], [ -86.727233846999894, 13.768256327000103 ], [ -86.749919799999873, 13.757120056000076 ], [ -86.7614436449999, 13.749342753000064 ], [ -86.766197876999883, 13.745260315000067 ], [ -86.76790319899996, 13.739162496000105 ], [ -86.770228637999878, 13.72523569800012 ], [ -86.77405269399992, 13.654594015000029 ], [ -86.772140665999899, 13.645524801000064 ], [ -86.768213256999843, 13.640357158000057 ], [ -86.755397501999965, 13.630874532000078 ], [ -86.751573445999924, 13.624414978000033 ], [ -86.750901651999925, 13.608421122000081 ], [ -86.757102823999929, 13.576407573000083 ], [ -86.756586059999876, 13.559380188000148 ], [ -86.724288289999919, 13.439413351000056 ], [ -86.725941935999856, 13.423832906000115 ], [ -86.738654337999918, 13.396211853000111 ], [ -86.740204630999926, 13.381923320000041 ], [ -86.736380574999885, 13.371949768000121 ], [ -86.730437784999879, 13.368900858000103 ], [ -86.723616496999909, 13.367324727000067 ], [ -86.71715694199986, 13.361640320000035 ], [ -86.709922241999891, 13.348902079000069 ], [ -86.707803507999927, 13.342830099000111 ], [ -86.701860717999921, 13.314201355000137 ], [ -86.704031128999901, 13.298827616000068 ], [ -86.711782592999896, 13.285675965000081 ], [ -86.725476847999914, 13.273299459000029 ], [ -86.739842895999942, 13.26371348100011 ], [ -86.74929968299989, 13.26128468800006 ], [ -86.758653117999927, 13.264178569000052 ], [ -86.816220662999882, 13.291928813000084 ], [ -86.833428914999871, 13.293349915000078 ], [ -86.84950028499992, 13.288828227000053 ], [ -86.862729451999911, 13.279939880000128 ], [ -86.910788533999977, 13.239580587000063 ], [ -86.918850057999862, 13.229762065000088 ], [ -86.925981404999902, 13.216352031000056 ], [ -86.933216104999872, 13.18818837500001 ], [ -86.934921427999939, 13.185527038000075 ], [ -86.933061076999934, 13.1797134400001 ], [ -86.925516317999978, 13.163642070000037 ], [ -86.923707641999897, 13.161135763000047 ], [ -86.932337605999919, 13.108529155000056 ], [ -86.929805460999944, 13.102224630000137 ], [ -86.924172729999924, 13.099795838000077 ], [ -86.920245320999953, 13.096178487000103 ], [ -86.922932494999969, 13.08638580400013 ], [ -86.927996785999937, 13.081243998000048 ], [ -86.942724568999949, 13.074060975000094 ], [ -86.9484089769999, 13.06969431600001 ], [ -86.97181840099995, 13.033882548000079 ], [ -86.983187214999958, 13.021867777000111 ], [ -87.008767049999904, 13.00608062800012 ], [ -87.029618489999876, 12.996081238000102 ], [ -87.035044515999942, 12.979777324000068 ], [ -87.04685257999995, 12.980552470000077 ], [ -87.069848592999904, 12.994375915000134 ], [ -87.084653890999931, 12.995926209000061 ], [ -87.314035610999952, 12.98155345300006 ], [ -87.303944464999915, 12.988470770000049 ], [ -87.300811326999906, 13.001247463000084 ], [ -87.293568488999938, 13.011053778000075 ], [ -87.282826300999943, 13.01821523600006 ], [ -87.269154425999943, 13.023220119000086 ], [ -87.269154425999943, 13.029445705000057 ], [ -87.296783006999931, 13.030340887000079 ], [ -87.316680467999902, 13.034206447000088 ], [ -87.331776495999918, 13.042669989000046 ], [ -87.344838019999941, 13.057318427000041 ], [ -87.351348436999899, 13.067206122000073 ], [ -87.352813279999907, 13.072536526000079 ], [ -87.351063605999911, 13.088405666000085 ], [ -87.344715949999909, 13.090765692000048 ], [ -87.314076300999943, 13.095404364000046 ], [ -87.303944464999915, 13.098334052000041 ], [ -87.361805792999917, 13.113348700000074 ], [ -87.394561326999906, 13.116848049000055 ], [ -87.4131160149999, 13.111354885000083 ], [ -87.419341600999928, 13.111354885000083 ], [ -87.42210852799991, 13.14992910400008 ], [ -87.43578040299991, 13.189398505000042 ], [ -87.455067511999914, 13.224310614000046 ], [ -87.474598761999914, 13.249172268000052 ], [ -87.480824347999942, 13.26516347900008 ], [ -87.484527147999927, 13.270086981000077 ], [ -87.496978318999936, 13.268337307000081 ], [ -87.501942511999914, 13.269598700000074 ], [ -87.508900519999941, 13.278631903000075 ], [ -87.512237107999908, 13.286688544000071 ], [ -87.510487433999913, 13.294948635000083 ], [ -87.501942511999914, 13.304388739000046 ], [ -87.493438279999907, 13.309759833000044 ], [ -87.476673956999946, 13.317328192000048 ], [ -87.467762824999909, 13.324896552000041 ], [ -87.447783982999908, 13.352565822000088 ], [ -87.440419074999909, 13.359035549000055 ], [ -87.426909959999932, 13.356024481000077 ], [ -87.411122199999909, 13.359808661000045 ], [ -87.379017706999946, 13.372015692000048 ], [ -87.380401170999903, 13.380438544000071 ], [ -87.379017706999946, 13.393133856000077 ], [ -87.393788214999915, 13.406439520000049 ], [ -87.40062415299991, 13.411159572000088 ], [ -87.409779425999943, 13.413031317000048 ], [ -87.429839647999927, 13.409369208000044 ], [ -87.437774217999902, 13.411037502000056 ], [ -87.447295701999906, 13.420477606000077 ], [ -87.464385545999903, 13.408270575000074 ], [ -87.469634568999936, 13.40298086100006 ], [ -87.474598761999914, 13.393133856000077 ], [ -87.476429816999939, 13.379706122000073 ], [ -87.473052537999934, 13.372463283000059 ], [ -87.472279425999943, 13.367010809000078 ], [ -87.482045050999943, 13.359035549000055 ], [ -87.488270636999914, 13.358303127000056 ], [ -87.522979295999903, 13.359035549000055 ], [ -87.538604295999903, 13.355292059000078 ], [ -87.547596808999913, 13.35500722900008 ], [ -87.557158982999908, 13.359035549000055 ], [ -87.557158982999908, 13.36587148600006 ], [ -87.542836066999939, 13.36587148600006 ], [ -87.542836066999939, 13.372015692000048 ], [ -87.561797654999907, 13.376003322000088 ], [ -87.581328904999907, 13.382879950000074 ], [ -87.598866339999915, 13.384344794000071 ], [ -87.611805792999917, 13.372015692000048 ], [ -87.618560350999928, 13.372015692000048 ], [ -87.616729295999903, 13.381862697000088 ], [ -87.605580206999946, 13.406805731000077 ], [ -87.619252081999946, 13.412014065000051 ], [ -87.622425910999937, 13.423000393000052 ], [ -87.618560350999928, 13.451198635000083 ], [ -87.624012824999909, 13.46625397300005 ], [ -87.636463995999918, 13.463690497000073 ], [ -87.650380011999914, 13.452297268000052 ], [ -87.660145636999914, 13.44094472900008 ], [ -87.650990363999938, 13.412543036000045 ], [ -87.665679490999935, 13.386013088000084 ], [ -87.692779100999928, 13.366481838000084 ], [ -87.720977342999902, 13.359035549000055 ], [ -87.738880988999938, 13.362372137000079 ], [ -87.762237107999908, 13.376369533000059 ], [ -87.781361456999946, 13.382595119000086 ], [ -87.782948370999918, 13.389431057000081 ], [ -87.782948370999918, 13.396266994000086 ], [ -87.786488410999937, 13.399359442000048 ], [ -87.796254035999937, 13.39984772300005 ], [ -87.803008592999902, 13.401393947000088 ], [ -87.817168748999904, 13.40656159100007 ], [ -87.738412434999958, 13.441687113000071 ], [ -87.721152506999942, 13.460833232000084 ], [ -87.718801228999922, 13.473674825000074 ], [ -87.720584065999901, 13.486981507000081 ], [ -87.725725871999913, 13.498970439000047 ], [ -87.733425659999909, 13.507703756000112 ], [ -87.747972574999949, 13.513233135000107 ], [ -87.769159911999907, 13.506360168000057 ], [ -87.779469360999911, 13.509977519000131 ], [ -87.789933838999843, 13.53281850200004 ], [ -87.784068563999938, 13.560465394000047 ], [ -87.760090698999932, 13.616947734000092 ], [ -87.757816935999926, 13.635163676000047 ], [ -87.758643757999948, 13.672267355000116 ], [ -87.755026407999964, 13.689914857000119 ], [ -87.746318929999887, 13.702188009000054 ], [ -87.73629370099988, 13.711463929000075 ], [ -87.731358602999933, 13.72221262700009 ], [ -87.737843993999888, 13.738774923000094 ], [ -87.732805541999937, 13.75510467600013 ], [ -87.712625895999849, 13.800450745000148 ], [ -87.703608357999883, 13.814997661000106 ], [ -87.721204183999873, 13.821896464000076 ], [ -87.765335855999865, 13.858870952000117 ], [ -87.771433674999912, 13.862126567000104 ], [ -87.785412150999917, 13.86739756200005 ], [ -87.790605631999938, 13.870472310000082 ], [ -87.798718831999935, 13.882332051000105 ], [ -87.808459839999898, 13.908635356000048 ], [ -87.817890787999943, 13.915870057000106 ], [ -87.832902791999913, 13.915249939000134 ], [ -87.842953857999959, 13.907110901000038 ], [ -87.851222087999901, 13.896878968000053 ], [ -87.860911417999944, 13.890186870000036 ], [ -87.87054907299995, 13.889566752000064 ], [ -87.890108602999959, 13.893545837000147 ], [ -87.900107991999874, 13.894140117000106 ], [ -87.907885294999886, 13.891530457000101 ], [ -87.920752725999904, 13.881866963000078 ], [ -87.925326090999931, 13.879619039000062 ], [ -87.932173217999889, 13.881556905000096 ], [ -87.946926839999918, 13.890910339000129 ], [ -87.954781656999842, 13.892460633000056 ], [ -87.969741984999899, 13.888533223000081 ], [ -88.015320597999903, 13.866364035000061 ], [ -88.023640502999854, 13.891168722000103 ], [ -88.039970255999975, 13.910133972000054 ], [ -88.058392903999902, 13.926489563000104 ], [ -88.072888143999933, 13.94341359500001 ], [ -88.087538411999901, 13.980543112000092 ], [ -88.09903641799994, 13.98981903100011 ], [ -88.125391397999891, 13.991265971000104 ], [ -88.177532918999958, 13.985193990000056 ], [ -88.193475097999908, 13.985555725000054 ], [ -88.220062622999905, 13.991317647000116 ], [ -88.235074625999886, 13.992867941000043 ], [ -88.244893147999875, 13.989250591000058 ], [ -88.245358235999902, 13.98589162200004 ], [ -88.244376383999935, 13.966099548000059 ], [ -88.242309326999958, 13.962533875000091 ], [ -88.233369303999922, 13.954498190000024 ], [ -88.231586466999943, 13.951811015000075 ], [ -88.236366536999952, 13.938142599000074 ], [ -88.2427744149999, 13.936695658000076 ], [ -88.251636921999904, 13.938090922000058 ], [ -88.263600015999941, 13.93310414600009 ], [ -88.27016292299993, 13.926024475000077 ], [ -88.277526814999931, 13.913337911000028 ], [ -88.28543330899987, 13.905974019000027 ], [ -88.296311197999842, 13.902356669000142 ], [ -88.308429321999938, 13.901478170000104 ], [ -88.319255533999865, 13.89760243700006 ], [ -88.326206014999855, 13.885070903000056 ], [ -88.340572062999854, 13.890031840000091 ], [ -88.348556071999923, 13.891375427000057 ], [ -88.355067301999895, 13.890962016000046 ], [ -88.358193725999854, 13.887396343000077 ], [ -88.358917195999936, 13.87527821900008 ], [ -88.360105753999875, 13.872384338000103 ], [ -88.36741796899986, 13.873107809000089 ], [ -88.383360148999884, 13.879257304000063 ], [ -88.392946126999902, 13.879774068000103 ], [ -88.433227905999843, 13.871066590000041 ], [ -88.451443847999883, 13.863573507000098 ], [ -88.470150715999864, 13.852488912000098 ], [ -88.496815754999915, 13.851197002000049 ], [ -88.48800492399991, 13.865330506000078 ], [ -88.48867671699989, 13.881350200000043 ], [ -88.499502930999938, 13.907601827000065 ], [ -88.502293457999912, 13.917110291000057 ], [ -88.500226399999946, 13.931863912000068 ], [ -88.496815754999915, 13.944033712000063 ], [ -88.496092285999907, 13.955686747000129 ], [ -88.502293457999912, 13.968941752000134 ], [ -88.496505696999918, 13.969561870000106 ], [ -88.495420491999937, 13.97514292400011 ], [ -88.50436051499986, 13.983695374000135 ], [ -88.514049845999892, 13.987648621000119 ], [ -88.558104003999858, 13.990904236000105 ], [ -88.633861653999958, 14.014468689000097 ], [ -88.659338135999889, 14.016122335000148 ], [ -88.684814615999898, 14.012298279000021 ], [ -88.690938272999858, 14.009998678000088 ], [ -88.690447346999917, 14.016949157000084 ], [ -88.692695272999941, 14.025294902000056 ], [ -88.697656209999877, 14.032012838000071 ], [ -88.704865071999848, 14.038033142000103 ], [ -88.709515950999901, 14.039686788000054 ], [ -88.730961669999942, 14.042477316000117 ], [ -88.746645466999894, 14.052476705000032 ], [ -88.746077026999842, 14.066558533000062 ], [ -88.740056722999896, 14.083017477000041 ], [ -88.73922989999997, 14.099941508000128 ], [ -88.746387085999913, 14.111336162000029 ], [ -88.755120401999903, 14.110457662000087 ], [ -88.765429850999908, 14.104256490000097 ], [ -88.777341268999919, 14.099734802000071 ], [ -88.821188720999942, 14.102938741000045 ], [ -88.838758707999915, 14.100406596000056 ], [ -88.845321614999904, 14.128621928000115 ], [ -88.860333618999874, 14.158516744000053 ], [ -88.881262572999873, 14.184199931000123 ], [ -88.906015584999892, 14.199573670000092 ], [ -88.921647704999941, 14.199883728000088 ], [ -88.935626180999947, 14.194018453000083 ], [ -88.94748592199997, 14.187274679000055 ], [ -88.957175252999889, 14.18518178300009 ], [ -88.965986083999979, 14.19138295500008 ], [ -88.969241699999969, 14.202002462000067 ], [ -88.970791991999903, 14.214844056000047 ], [ -88.974564371999918, 14.227375590000051 ], [ -88.983530232999868, 14.242129211000062 ], [ -88.992754475999874, 14.252955424000106 ], [ -89.018127604999876, 14.27168813100009 ], [ -89.02262345399987, 14.28065399200004 ], [ -89.026602539999942, 14.311298117000149 ], [ -89.032984578999901, 14.323674622000027 ], [ -89.048978434999924, 14.331451925000039 ], [ -89.083084879999916, 14.335327657000079 ], [ -89.094479532999912, 14.34486195900007 ], [ -89.090552123999942, 14.354706320000048 ], [ -89.089673624999904, 14.364886577000021 ], [ -89.091844035999884, 14.374834290000109 ], [ -89.096830810999847, 14.384006856000013 ], [ -89.10256689499991, 14.391525777000055 ], [ -89.107476155999933, 14.395969951000069 ], [ -89.113341430999924, 14.397055156000064 ], [ -89.122178100999918, 14.394678040000102 ], [ -89.130110432999885, 14.38674570700006 ], [ -89.144502319999901, 14.35971893300011 ], [ -89.153984944999962, 14.351295675000117 ], [ -89.200157836999921, 14.36467987000006 ], [ -89.225530965999923, 14.382146505 ], [ -89.276535604999964, 14.392740173000078 ], [ -89.30756730199991, 14.407054546000069 ], [ -89.36162084999998, 14.415477804000062 ] ] ], [ [ [ -87.615142381999931, 13.290106512000079 ], [ -87.61196855399993, 13.282863674000055 ], [ -87.613880988999938, 13.267320054000038 ], [ -87.624338344999899, 13.252915757000039 ], [ -87.646555141999897, 13.249172268000052 ], [ -87.658558722999942, 13.250962632000039 ], [ -87.667062954999949, 13.256008205000057 ], [ -87.667062954999949, 13.262193101000037 ], [ -87.660145636999914, 13.262193101000037 ], [ -87.663970506999931, 13.267482815000051 ], [ -87.670033331999946, 13.278550523000092 ], [ -87.673817511999914, 13.283880927000041 ], [ -87.657622850999928, 13.289129950000074 ], [ -87.64484615799995, 13.290838934000078 ], [ -87.615142381999931, 13.290106512000079 ] ] ], [ [ [ -87.622303839999915, 13.368882554000038 ], [ -87.612416144999941, 13.366034247000073 ], [ -87.585438605999911, 13.37173086100006 ], [ -87.570790167999917, 13.372015692000048 ], [ -87.570790167999917, 13.36587148600006 ], [ -87.58812415299991, 13.357977606000077 ], [ -87.576283331999946, 13.318548895000049 ], [ -87.591297980999911, 13.304388739000046 ], [ -87.637562628999945, 13.319159247000073 ], [ -87.659006313999896, 13.331691799000055 ], [ -87.65648352799991, 13.34906647300005 ], [ -87.643462693999936, 13.367743231000077 ], [ -87.634429490999935, 13.373480536000045 ], [ -87.622303839999915, 13.368882554000038 ] ] ], [ [ [ -86.878732876999948, 16.12726471600007 ], [ -86.872547980999911, 16.120998440000051 ], [ -86.88117428299995, 16.104559637000079 ], [ -86.878732876999948, 16.093166408000059 ], [ -86.897572394999941, 16.093817450000074 ], [ -86.913197394999941, 16.09015534100007 ], [ -86.940174933999913, 16.079494533000059 ], [ -86.963720509999916, 16.066387834000068 ], [ -86.978935229999934, 16.077789236000058 ], [ -86.997404698999901, 16.083959264000043 ], [ -86.988735173999942, 16.095466383000087 ], [ -86.944251203999897, 16.116508342000088 ], [ -86.918365037999934, 16.122056382000039 ], [ -86.903920050999943, 16.124172268000052 ], [ -86.890533006999931, 16.127834377000056 ], [ -86.878732876999948, 16.12726471600007 ] ] ], [ [ [ -86.606542220999927, 16.285029102000067 ], [ -86.599332887999935, 16.309298272000092 ], [ -86.570446806999939, 16.332440401000042 ], [ -86.530681582999932, 16.356180794000068 ], [ -86.499999801999934, 16.368908871000087 ], [ -86.440390430999912, 16.396545291000052 ], [ -86.3754442259999, 16.417332689000091 ], [ -86.3321254949999, 16.429448093000076 ], [ -86.302047367999933, 16.432903318000058 ], [ -86.23107686599991, 16.428835329000037 ], [ -86.181750880999914, 16.428225143000077 ], [ -86.202208966999933, 16.422471073000054 ], [ -86.223870070999908, 16.412101045000043 ], [ -86.243112175999897, 16.417881076000072 ], [ -86.273185837999904, 16.410972052000091 ], [ -86.294341600999928, 16.415269273000092 ], [ -86.312123175999943, 16.412502346000053 ], [ -86.318918423999946, 16.409328518000052 ], [ -86.33267167899993, 16.400458075000074 ], [ -86.338856574999909, 16.397853908000059 ], [ -86.347767706999946, 16.397528387000079 ], [ -86.362205888999938, 16.394254366000041 ], [ -86.380253568999933, 16.381557601000054 ], [ -86.416959740999914, 16.364231547000088 ], [ -86.453071272999921, 16.351511373000051 ], [ -86.491021777999947, 16.325487820000092 ], [ -86.525265547999936, 16.315212384000063 ], [ -86.548152687999902, 16.312852734000046 ], [ -86.580649961999939, 16.282767 ], [ -86.60050418499992, 16.269449111000085 ], [ -86.606542220999927, 16.285029102000067 ] ] ], [ [ [ -85.911472683999932, 16.462042911000083 ], [ -85.895569831999921, 16.48874459600006 ], [ -85.884144660999937, 16.502834377000056 ], [ -85.851131208999902, 16.517217619000064 ], [ -85.832128226999941, 16.510497688000044 ], [ -85.816949995999948, 16.498308834000056 ], [ -85.822061113999951, 16.486163010000041 ], [ -85.844254139999919, 16.483778923000045 ], [ -85.849366857999939, 16.469205087000091 ], [ -85.862720490999948, 16.452220959000044 ], [ -85.882362561999912, 16.451046980000058 ], [ -85.895699535999938, 16.436496074000047 ], [ -85.947068220999938, 16.403189644000065 ], [ -85.950847252999949, 16.412307873000088 ], [ -85.926691276999918, 16.454782230000092 ], [ -85.911472683999932, 16.462042911000083 ] ] ], [ [ [ -83.941151495999918, 17.418646552000041 ], [ -83.933583136999914, 17.417873440000051 ], [ -83.918934699999909, 17.414048570000091 ], [ -83.91234290299991, 17.411118882000039 ], [ -83.921945766999897, 17.409084377000056 ], [ -83.93032792899993, 17.409409898000092 ], [ -83.936879035999937, 17.412543036000045 ], [ -83.941151495999918, 17.418646552000041 ] ] ] ] } },
{ "type": "Feature", "properties": { "iso": "HT", "name": "Haití", "role": "contexto" }, "geometry": { "type": "MultiPolygon", "coordinates": [ [ [ [ -71.776234503999945, 18.039252020000063 ], [ -71.764271199999968, 18.069492493000084 ], [ -71.760653849999898, 18.086804097000098 ], [ -71.762875935999887, 18.115846253000072 ], [ -71.762204141999916, 18.132486064000105 ], [ -71.764581257999851, 18.143674011000044 ], [ -71.775329955999979, 18.172328593000131 ], [ -71.776828572999875, 18.181785380000079 ], [ -71.77403804599993, 18.201474101000045 ], [ -71.766131551999877, 18.220258484000041 ], [ -71.709339151999927, 18.313250224000015 ], [ -71.711509562999936, 18.316144105000106 ], [ -71.720707967999942, 18.323973083000041 ], [ -71.734970662999899, 18.332938945000066 ], [ -71.788714152999916, 18.352214254 ], [ -71.826437947999864, 18.37616628100001 ], [ -71.834551147999946, 18.38508046500003 ], [ -71.8497440189999, 18.406448670000131 ], [ -71.858167277999883, 18.413554179000059 ], [ -71.897182983999897, 18.422881775000107 ], [ -71.912169148999851, 18.430736593000049 ], [ -71.918163615999873, 18.449236755000058 ], [ -71.914391235999858, 18.460217997000044 ], [ -71.906898152999929, 18.464300436000045 ], [ -71.901575479999877, 18.469778138000052 ], [ -71.904055949999957, 18.484790141000119 ], [ -71.910515502999914, 18.494272766 ], [ -72.000949259999885, 18.582458598000059 ], [ -72.009837605999905, 18.598814189 ], [ -71.992629353999916, 18.61113901800006 ], [ -71.955474, 18.618606262000085 ], [ -71.88028479099998, 18.605402934 ], [ -71.841579141999972, 18.617986145000103 ], [ -71.828556680999924, 18.631292827000024 ], [ -71.807989460999949, 18.664649964000077 ], [ -71.794346883999935, 18.679171041000032 ], [ -71.758070027999878, 18.700513407000031 ], [ -71.744065714999891, 18.711442973000104 ], [ -71.732076782999911, 18.730072327000059 ], [ -71.725255492999878, 18.746970520000062 ], [ -71.72034623299993, 18.76544484500009 ], [ -71.71884761599992, 18.784229228000086 ], [ -71.726909139999918, 18.82352915500006 ], [ -71.727942668999901, 18.864069316000084 ], [ -71.733472046999907, 18.882569479 ], [ -71.740913452999933, 18.891612854000059 ], [ -71.763806111999941, 18.911508281000053 ], [ -71.772952839999931, 18.921714376000054 ], [ -71.787112182999891, 18.950033061000042 ], [ -71.796258910999967, 18.957061056000057 ], [ -71.819668334999932, 18.957810364000053 ], [ -71.844524698999891, 18.949748841000044 ], [ -71.862456421999951, 18.947087504000038 ], [ -71.865401977999852, 18.964424948000058 ], [ -71.848142048999961, 18.975483704000041 ], [ -71.796827351999923, 18.988609518000104 ], [ -71.783701537999946, 18.996309306000015 ], [ -71.740345011999864, 19.041887919000075 ], [ -71.710424356999937, 19.081652934000104 ], [ -71.695283161999924, 19.094546204 ], [ -71.661383422999904, 19.117593893000063 ], [ -71.648774373999885, 19.135293071000078 ], [ -71.64365840699989, 19.15247548400005 ], [ -71.63911088099988, 19.212110088000045 ], [ -71.716522176999888, 19.247766825000028 ], [ -71.753729206999907, 19.28378529900003 ], [ -71.771557576999953, 19.307556457000075 ], [ -71.776518514999907, 19.327503561000086 ], [ -71.769955607999918, 19.333808085 ], [ -71.742980508999977, 19.348380839000058 ], [ -71.733472046999907, 19.355460511000089 ], [ -71.720811320999957, 19.385949606000068 ], [ -71.715281942999951, 19.391659851000028 ], [ -71.703861450999852, 19.414630025000079 ], [ -71.703189656999967, 19.459278463000103 ], [ -71.715126912999921, 19.53746490500005 ], [ -71.743083862999924, 19.600070903000059 ], [ -71.747683064999961, 19.622782695000026 ], [ -71.745047566999943, 19.664898987000058 ], [ -71.748613240999902, 19.682598165000073 ], [ -71.757435675999943, 19.710109768000052 ], [ -71.799427863999938, 19.711127020000049 ], [ -71.825306769999941, 19.716620184000078 ], [ -71.836740688999953, 19.717352606000077 ], [ -71.84439042899993, 19.711127020000049 ], [ -71.84601803299995, 19.701117255000042 ], [ -71.84243730399993, 19.692328192000048 ], [ -71.835357225999928, 19.68618398600006 ], [ -71.813303188999953, 19.680731512000079 ], [ -71.811146613999938, 19.673570054000038 ], [ -71.816517706999946, 19.659857489000046 ], [ -71.821441209999932, 19.656683661000045 ], [ -71.832590298999946, 19.663275458000044 ], [ -71.850656704999949, 19.677639065000051 ], [ -71.86546790299991, 19.675360419000071 ], [ -71.884266730999911, 19.670396226000037 ], [ -71.901600714999915, 19.672308661000045 ], [ -71.912098761999914, 19.690619208000044 ], [ -71.884185350999928, 19.690252997000073 ], [ -71.872303839999915, 19.69212474200009 ], [ -71.863636847999942, 19.697455145000049 ], [ -71.857574022999927, 19.710028387000079 ], [ -71.864735480999911, 19.715073960000041 ], [ -71.891590949999909, 19.718573309000078 ], [ -71.940500454999949, 19.732123114000046 ], [ -71.968861456999946, 19.732326565000051 ], [ -71.987863735999952, 19.718573309000078 ], [ -71.999338344999899, 19.71556224200009 ], [ -72.005726691999939, 19.708319403000075 ], [ -72.010812954999949, 19.700873114000046 ], [ -72.018544074999909, 19.697455145000049 ], [ -72.02765865799995, 19.699611721000053 ], [ -72.04124915299991, 19.708970445000091 ], [ -72.050607876999948, 19.713283596000053 ], [ -72.058216925999943, 19.722642320000091 ], [ -72.066314256999931, 19.724798895000049 ], [ -72.100819464999915, 19.724798895000049 ], [ -72.110503709999932, 19.727687893000052 ], [ -72.124908006999931, 19.741441148000035 ], [ -72.131825324999909, 19.745835679000038 ], [ -72.14085852799991, 19.747463283000059 ], [ -72.180409308999913, 19.74087148600006 ], [ -72.196766730999911, 19.74249909100007 ], [ -72.213734503999945, 19.752101955000057 ], [ -72.205230272999927, 19.776190497000073 ], [ -72.218658006999931, 19.786932684000078 ], [ -72.238392706999946, 19.786444403000075 ], [ -72.248443162999934, 19.776597398000035 ], [ -72.256418423999946, 19.761867580000057 ], [ -72.274647589999915, 19.756252346000053 ], [ -72.295074022999927, 19.758042710000041 ], [ -72.309925910999937, 19.765692450000074 ], [ -72.316151495999918, 19.765692450000074 ], [ -72.312245245999918, 19.755194403000075 ], [ -72.309925910999937, 19.752101955000057 ], [ -72.309925910999937, 19.745835679000038 ], [ -72.311390753999945, 19.747788804000038 ], [ -72.316151495999918, 19.739081122000073 ], [ -72.303089972999942, 19.739081122000073 ], [ -72.316151495999918, 19.724798895000049 ], [ -72.312408006999931, 19.716131903000075 ], [ -72.316151495999918, 19.714829820000091 ], [ -72.333851691999939, 19.718573309000078 ], [ -72.338246222999942, 19.72296784100007 ], [ -72.350900844999899, 19.752101955000057 ], [ -72.335194464999915, 19.747870184000078 ], [ -72.330433722999942, 19.745835679000038 ], [ -72.330433722999942, 19.752101955000057 ], [ -72.378732876999948, 19.794663804000038 ], [ -72.38508053299995, 19.810451565000051 ], [ -72.397572394999941, 19.80695221600007 ], [ -72.425933397999927, 19.813788153000075 ], [ -72.456206834999932, 19.82485586100006 ], [ -72.474436001999948, 19.834051825000074 ], [ -72.489735480999911, 19.824652411000045 ], [ -72.517567511999914, 19.834133205000057 ], [ -72.544341600999928, 19.851263739000046 ], [ -72.568714972999942, 19.879868882000039 ], [ -72.628041144999941, 19.897284247000073 ], [ -72.648833787999934, 19.906642971000053 ], [ -72.673980272999927, 19.921372789000088 ], [ -72.77603105399993, 19.943915106000077 ], [ -72.807118292999917, 19.94562409100007 ], [ -72.840443488999938, 19.941636460000041 ], [ -72.872303839999915, 19.933783270000049 ], [ -72.898996548999946, 19.923407294000071 ], [ -72.918324347999942, 19.930161851000037 ], [ -72.941273566999939, 19.92804596600007 ], [ -72.960113084999932, 19.918402411000045 ], [ -72.967274542999917, 19.902899481000077 ], [ -72.977894660999937, 19.912298895000049 ], [ -72.991769985999952, 19.917181708000044 ], [ -73.007069464999915, 19.918402411000045 ], [ -73.021839972999942, 19.916571356000077 ], [ -73.041818813999953, 19.911525783000059 ], [ -73.048451300999943, 19.910589911000045 ], [ -73.060373501999948, 19.910345770000049 ], [ -73.074330206999946, 19.912339585000041 ], [ -73.100697394999941, 19.921372789000088 ], [ -73.115305141999897, 19.923407294000071 ], [ -73.143706834999932, 19.920314846000053 ], [ -73.155140753999945, 19.923976955000057 ], [ -73.167103644999941, 19.937689520000049 ], [ -73.187123175999943, 19.911444403000075 ], [ -73.222767706999946, 19.886948960000041 ], [ -73.344593878999945, 19.834051825000074 ], [ -73.364735480999911, 19.832831122000073 ], [ -73.385121222999942, 19.834418036000045 ], [ -73.404164191999939, 19.832505601000037 ], [ -73.420318162999934, 19.820990302000041 ], [ -73.365101691999939, 19.820990302000041 ], [ -73.365101691999939, 19.813544012000079 ], [ -73.417347785999937, 19.790513414000088 ], [ -73.427154100999928, 19.790269273000035 ], [ -73.432443813999953, 19.778957424000055 ], [ -73.468129035999937, 19.724798895000049 ], [ -73.465240037999934, 19.713080145000049 ], [ -73.463368292999917, 19.69212474200009 ], [ -73.457834438999953, 19.67218659100007 ], [ -73.443959113999938, 19.663316148000035 ], [ -73.43423417899993, 19.659084377000056 ], [ -73.416574673999946, 19.640326239000046 ], [ -73.409494594999899, 19.635972398000035 ], [ -73.398426886999914, 19.634955145000049 ], [ -73.37954667899993, 19.630275783000059 ], [ -73.284250454999949, 19.62571849200009 ], [ -73.241281704999949, 19.631048895000049 ], [ -73.221099412999934, 19.649644273000035 ], [ -73.207590298999946, 19.638413804000038 ], [ -73.186024542999917, 19.627101955000057 ], [ -73.163929816999939, 19.618394273000035 ], [ -73.14907792899993, 19.614935614000046 ], [ -73.138417120999918, 19.617132880000042 ], [ -73.131825324999909, 19.622056382000039 ], [ -73.12718665299991, 19.626939195000091 ], [ -73.122141079999949, 19.62921784100007 ], [ -73.110747850999928, 19.628119208000044 ], [ -73.091053839999915, 19.623480536000045 ], [ -73.080799933999913, 19.622381903000075 ], [ -73.018869594999899, 19.600734768000052 ], [ -73.008859829999949, 19.604966539000088 ], [ -73.00218665299991, 19.603461005000042 ], [ -72.966908331999946, 19.575018622000073 ], [ -72.950510219999899, 19.567775783000059 ], [ -72.931548631999931, 19.563462632000039 ], [ -72.878488735999952, 19.532375393000052 ], [ -72.81476803299995, 19.504828192000048 ], [ -72.795969204999949, 19.492010809000078 ], [ -72.782785610999952, 19.476711330000057 ], [ -72.773996548999946, 19.463364976000037 ], [ -72.760894334999932, 19.454331773000035 ], [ -72.70921790299991, 19.451239325000074 ], [ -72.699126756999931, 19.445868231000077 ], [ -72.679839647999927, 19.409491278000075 ], [ -72.692372199999909, 19.409735419000071 ], [ -72.701975063999953, 19.414496161000045 ], [ -72.713978644999941, 19.423163153000075 ], [ -72.730620897999927, 19.42641836100006 ], [ -72.728098110999952, 19.422064520000049 ], [ -72.726429816999939, 19.39907461100006 ], [ -72.72288977799991, 19.390814520000049 ], [ -72.723459438999953, 19.383490302000041 ], [ -72.734486456999946, 19.375921942000048 ], [ -72.74437415299991, 19.37445709800005 ], [ -72.753977016999897, 19.377346096000053 ], [ -72.762318488999938, 19.382757880000042 ], [ -72.768625454999949, 19.38898346600007 ], [ -72.772938605999911, 19.376450914000088 ], [ -72.774484829999949, 19.355698960000041 ], [ -72.770578579999949, 19.336167710000041 ], [ -72.758697068999936, 19.32758209800005 ], [ -72.738677537999934, 19.325873114000046 ], [ -72.728342251999948, 19.320379950000074 ], [ -72.713978644999941, 19.293402411000045 ], [ -72.725697394999941, 19.295314846000053 ], [ -72.741810675999943, 19.294663804000038 ], [ -72.757679816999939, 19.291693427000041 ], [ -72.768625454999949, 19.28656647300005 ], [ -72.775217251999948, 19.277329820000091 ], [ -72.786203579999949, 19.254299221000053 ], [ -72.795969204999949, 19.245591539000088 ], [ -72.796538865999935, 19.236558335000041 ], [ -72.80337480399993, 19.231919664000088 ], [ -72.797027147999927, 19.216009833000044 ], [ -72.773019985999952, 19.175767320000091 ], [ -72.762440558999913, 19.163072007000039 ], [ -72.745838995999918, 19.153794664000088 ], [ -72.727691209999932, 19.14720286700009 ], [ -72.71312415299991, 19.13743724200009 ], [ -72.707183397999927, 19.118638414000088 ], [ -72.716460740999935, 19.103949286000045 ], [ -72.737660285999937, 19.097235419000071 ], [ -72.77603105399993, 19.094794012000079 ], [ -72.818348761999914, 19.078558661000045 ], [ -72.813547329999949, 19.052923895000049 ], [ -72.708729620999918, 18.945542710000041 ], [ -72.69009355399993, 18.936509507000039 ], [ -72.673003709999932, 18.931301174000055 ], [ -72.651966925999943, 18.91860586100006 ], [ -72.631947394999941, 18.90306224200009 ], [ -72.617787238999938, 18.889349677000041 ], [ -72.566517706999946, 18.813625393000052 ], [ -72.558094855999911, 18.794623114000046 ], [ -72.549549933999913, 18.785630601000037 ], [ -72.515370245999918, 18.765814520000049 ], [ -72.491078253999945, 18.768500067000048 ], [ -72.471750454999949, 18.754095770000049 ], [ -72.453724738999938, 18.733343817000048 ], [ -72.433461066999939, 18.716782945000091 ], [ -72.421701626999948, 18.713364976000037 ], [ -72.397368943999936, 18.712632554000038 ], [ -72.38508053299995, 18.710598049000055 ], [ -72.339426235999952, 18.689439195000091 ], [ -72.330433722999942, 18.683294989000046 ], [ -72.325062628999945, 18.671372789000088 ], [ -72.328684048999946, 18.663885809000078 ], [ -72.336415167999917, 18.655829169000071 ], [ -72.343413865999935, 18.642279364000046 ], [ -72.345082160999937, 18.631008205000057 ], [ -72.343413865999935, 18.570135809000078 ], [ -72.345692511999914, 18.546861070000091 ], [ -72.35383053299995, 18.530096747000073 ], [ -72.37140865799995, 18.525580145000049 ], [ -72.380970831999946, 18.53070709800005 ], [ -72.401763475999928, 18.552923895000049 ], [ -72.40493730399993, 18.554103908000059 ], [ -72.409820115999935, 18.559149481000077 ], [ -72.416086391999897, 18.560370184000078 ], [ -72.419504360999952, 18.558254299000055 ], [ -72.423695441999939, 18.548814195000091 ], [ -72.429758266999897, 18.546698309000078 ], [ -72.596547003999945, 18.56085846600007 ], [ -72.628285285999937, 18.55414459800005 ], [ -72.65257727799991, 18.525580145000049 ], [ -72.669341600999928, 18.490464585000041 ], [ -72.689320441999939, 18.459662177000041 ], [ -72.716460740999935, 18.437730210000041 ], [ -72.754994269999941, 18.429388739000046 ], [ -72.826039191999939, 18.440822658000059 ], [ -72.840646938999953, 18.446763414000088 ], [ -72.858306443999936, 18.446682033000059 ], [ -72.88508053299995, 18.437689520000049 ], [ -72.904164191999939, 18.434149481000077 ], [ -72.898996548999946, 18.450506903000075 ], [ -72.985585089999915, 18.470404364000046 ], [ -73.081166144999941, 18.454169012000079 ], [ -73.098011847999942, 18.455267645000049 ], [ -73.113148566999939, 18.460760809000078 ], [ -73.131703253999945, 18.47101471600007 ], [ -73.166981574999909, 18.483547268000052 ], [ -73.206125454999949, 18.486802476000037 ], [ -73.286244269999941, 18.484035549000055 ], [ -73.308461066999939, 18.488348700000074 ], [ -73.34829667899993, 18.507635809000078 ], [ -73.368519660999937, 18.511948960000041 ], [ -73.526682094999899, 18.523504950000074 ], [ -73.569650844999899, 18.518377997000073 ], [ -73.604725714999915, 18.498277085000041 ], [ -73.620432094999899, 18.505764065000051 ], [ -73.652211066999939, 18.501369533000059 ], [ -73.669829881999931, 18.508856512000079 ], [ -73.674224412999934, 18.516669012000079 ], [ -73.673817511999914, 18.524318752000056 ], [ -73.674916144999941, 18.530178127000056 ], [ -73.691395636999914, 18.534002997000073 ], [ -73.707997199999909, 18.54242584800005 ], [ -73.714588995999918, 18.546698309000078 ], [ -73.692779100999928, 18.554022528000075 ], [ -73.673451300999943, 18.55609772300005 ], [ -73.654204881999931, 18.553615627000056 ], [ -73.632639126999948, 18.546698309000078 ], [ -73.632639126999948, 18.552923895000049 ], [ -73.60610917899993, 18.549017645000049 ], [ -73.585845506999931, 18.561997789000088 ], [ -73.586415167999917, 18.579169012000079 ], [ -73.622059699999909, 18.587632554000038 ], [ -73.63508053299995, 18.585923570000091 ], [ -73.680409308999913, 18.573431708000044 ], [ -73.696522589999915, 18.573797919000071 ], [ -73.704457160999937, 18.573472398000092 ], [ -73.71117102799991, 18.570257880000042 ], [ -73.723866339999915, 18.55532461100006 ], [ -73.742014126999948, 18.541937567000048 ], [ -73.748117641999897, 18.539252020000049 ], [ -73.757069464999915, 18.53937409100007 ], [ -73.769439256999931, 18.545152085000041 ], [ -73.779408331999946, 18.546698309000078 ], [ -73.784738735999952, 18.544867255000042 ], [ -73.788075324999909, 18.54132721600007 ], [ -73.793039516999897, 18.53851959800005 ], [ -73.803334113999938, 18.539252020000049 ], [ -73.809681769999941, 18.542792059000078 ], [ -73.831206834999932, 18.560370184000078 ], [ -73.842925584999932, 18.565252997000073 ], [ -73.853586391999897, 18.567206122000073 ], [ -73.898548956999946, 18.568793036000045 ], [ -73.911447719999899, 18.573187567000048 ], [ -73.940500454999949, 18.587632554000038 ], [ -73.946766730999911, 18.586981512000079 ], [ -73.953724738999938, 18.583563544000071 ], [ -73.95929928299995, 18.582993882000039 ], [ -73.96157792899993, 18.590765692000048 ], [ -73.971547003999945, 18.601304429000038 ], [ -74.029123501999948, 18.603745835000041 ], [ -74.159982876999948, 18.659165757000039 ], [ -74.199777798999946, 18.667303778000075 ], [ -74.255930141999897, 18.670314846000053 ], [ -74.267689581999946, 18.669623114000046 ], [ -74.278797980999911, 18.666571356000077 ], [ -74.283762173999946, 18.659654039000088 ], [ -74.287993943999936, 18.651516018000052 ], [ -74.298207160999937, 18.651190497000073 ], [ -74.321278449999909, 18.65656159100007 ], [ -74.340199347999942, 18.653387762000079 ], [ -74.384632941999939, 18.636297919000071 ], [ -74.418527798999946, 18.61749909100007 ], [ -74.426258917999917, 18.608221747000073 ], [ -74.423695441999939, 18.597601630000042 ], [ -74.419789191999939, 18.589829820000091 ], [ -74.415842251999948, 18.577297268000052 ], [ -74.414133266999897, 18.565578518000052 ], [ -74.416859503999945, 18.560370184000078 ], [ -74.431752081999946, 18.550116278000075 ], [ -74.443511522999927, 18.503810940000051 ], [ -74.461822068999936, 18.491441148000092 ], [ -74.457427537999934, 18.481756903000075 ], [ -74.454416469999899, 18.477769273000092 ], [ -74.489165818999936, 18.429388739000046 ], [ -74.46320553299995, 18.398179429000038 ], [ -74.456654425999943, 18.384344794000071 ], [ -74.454416469999899, 18.364813544000071 ], [ -74.445912238999938, 18.346380927000041 ], [ -74.408314581999946, 18.328273830000057 ], [ -74.399769660999937, 18.317084052000041 ], [ -74.391590949999909, 18.308783270000049 ], [ -74.372181769999941, 18.298488674000055 ], [ -74.349354620999918, 18.28969961100006 ], [ -74.330922003999945, 18.286037502000056 ], [ -74.308949347999942, 18.292466539000088 ], [ -74.287831183999913, 18.304917710000041 ], [ -74.26781165299991, 18.312974351000037 ], [ -74.248931443999936, 18.306545315000051 ], [ -74.242176886999914, 18.313950914000088 ], [ -74.233794725999928, 18.309271552000041 ], [ -74.207997199999909, 18.299709377000056 ], [ -74.19758053299995, 18.297064520000049 ], [ -74.189076300999943, 18.296535549000055 ], [ -74.183420376999948, 18.29328034100007 ], [ -74.181304490999935, 18.282619533000059 ], [ -74.176665818999936, 18.273179429000038 ], [ -74.165760870999918, 18.265611070000091 ], [ -74.152943488999938, 18.260565497000073 ], [ -74.122425910999937, 18.255682684000078 ], [ -74.105051235999952, 18.247626044000071 ], [ -74.008208787999934, 18.179754950000074 ], [ -73.989572719999899, 18.163153387000079 ], [ -73.986887173999946, 18.158880927000041 ], [ -73.985585089999915, 18.15265534100007 ], [ -73.982045050999943, 18.148871161000045 ], [ -73.97093665299991, 18.143703518000052 ], [ -73.967762824999909, 18.141424872000073 ], [ -73.903797980999911, 18.053859768000052 ], [ -73.899973110999952, 18.039129950000074 ], [ -73.892689581999946, 18.032171942000048 ], [ -73.882964647999927, 18.027736721000053 ], [ -73.87328040299991, 18.026190497000073 ], [ -73.807036912999934, 18.025946356000077 ], [ -73.793812628999945, 18.028998114000046 ], [ -73.791411912999934, 18.036688544000071 ], [ -73.796498175999943, 18.056341864000046 ], [ -73.802805141999897, 18.071926174000055 ], [ -73.844878709999932, 18.11469147300005 ], [ -73.827463344999899, 18.14203522300005 ], [ -73.809315558999913, 18.159165757000039 ], [ -73.737782355999911, 18.190741278000075 ], [ -73.694081183999913, 18.223944403000075 ], [ -73.692982550999943, 18.227443752000056 ], [ -73.694569464999915, 18.235907294000071 ], [ -73.690988735999952, 18.237616278000075 ], [ -73.680246548999946, 18.235419012000079 ], [ -73.674387173999946, 18.233221747000073 ], [ -73.673573370999918, 18.23078034100007 ], [ -73.665435350999928, 18.238511460000041 ], [ -73.654164191999939, 18.25267161700009 ], [ -73.646311001999948, 18.258734442000048 ], [ -73.655995245999918, 18.235825914000088 ], [ -73.659291144999941, 18.223822333000044 ], [ -73.659982876999948, 18.210353908000059 ], [ -73.645619269999941, 18.221096096000053 ], [ -73.633208787999934, 18.247259833000044 ], [ -73.619007941999939, 18.251288153000075 ], [ -73.624012824999909, 18.234849351000037 ], [ -73.619618292999917, 18.221909898000092 ], [ -73.60968990799995, 18.216782945000091 ], [ -73.59788977799991, 18.223944403000075 ], [ -73.591664191999939, 18.223944403000075 ], [ -73.578114386999914, 18.216864325000074 ], [ -73.570708787999934, 18.231512762000079 ], [ -73.563465949999909, 18.251044012000079 ], [ -73.550119594999899, 18.258734442000048 ], [ -73.542795376999948, 18.253119208000044 ], [ -73.534169074999909, 18.234767971000053 ], [ -73.526193813999953, 18.23078034100007 ], [ -73.51398678299995, 18.23314036700009 ], [ -73.481800910999937, 18.251288153000075 ], [ -73.458241339999915, 18.257513739000046 ], [ -73.37726803299995, 18.25812409100007 ], [ -73.310454881999931, 18.251288153000075 ], [ -73.310454881999931, 18.245062567000048 ], [ -73.346587693999936, 18.245347398000092 ], [ -73.359852667999917, 18.240383205000057 ], [ -73.365101691999939, 18.227362372000073 ], [ -73.355865037999934, 18.22492096600007 ], [ -73.296213344999899, 18.23078034100007 ], [ -73.163400844999899, 18.210353908000059 ], [ -73.154652472999942, 18.207505601000037 ], [ -73.125559048999946, 18.189846096000053 ], [ -73.117258266999897, 18.188625393000052 ], [ -73.090809699999909, 18.189846096000053 ], [ -72.985340949999909, 18.178656317000048 ], [ -72.94749915299991, 18.169094143000052 ], [ -72.912180141999897, 18.155910549000055 ], [ -72.885894334999932, 18.141424872000073 ], [ -72.858876105999911, 18.151312567000048 ], [ -72.803700324999909, 18.146144924000055 ], [ -72.77603105399993, 18.163153387000079 ], [ -72.768950975999928, 18.158270575000074 ], [ -72.763010219999899, 18.156724351000037 ], [ -72.748158331999946, 18.15570709800005 ], [ -72.750111456999946, 18.160305080000057 ], [ -72.753000454999949, 18.171576239000046 ], [ -72.754994269999941, 18.176174221000053 ], [ -72.730865037999934, 18.174709377000056 ], [ -72.613270636999914, 18.18500397300005 ], [ -72.59797115799995, 18.18235911700009 ], [ -72.570668097999942, 18.172308661000045 ], [ -72.558990037999934, 18.172552802000041 ], [ -72.549549933999913, 18.18235911700009 ], [ -72.556304490999935, 18.220851955000057 ], [ -72.550933397999927, 18.224758205000057 ], [ -72.538889126999948, 18.220445054000038 ], [ -72.518788214999915, 18.210353908000059 ], [ -72.440297003999945, 18.223944403000075 ], [ -72.294545050999943, 18.225775458000044 ], [ -72.190541144999941, 18.224839585000041 ], [ -72.110707160999937, 18.237616278000075 ], [ -72.071766730999911, 18.237534898000092 ], [ -72.03929602799991, 18.225653387000079 ], [ -72.006743943999936, 18.209458726000037 ], [ -71.928089972999942, 18.183783270000049 ], [ -71.892974412999934, 18.162787177000041 ], [ -71.862456834999932, 18.136542059000078 ], [ -71.792591925999943, 18.049872137000079 ], [ -71.776234503999945, 18.039252020000063 ] ] ], [ [ [ -73.628895636999914, 18.094224351000037 ], [ -73.612049933999913, 18.093247789000088 ], [ -73.592274542999917, 18.089341539000088 ], [ -73.577992316999939, 18.081122137000079 ], [ -73.577992316999939, 18.066961981000077 ], [ -73.590443488999938, 18.059393622000073 ], [ -73.610829230999911, 18.057562567000048 ], [ -73.649728969999899, 18.059475002000056 ], [ -73.667225714999915, 18.06313711100006 ], [ -73.682525193999936, 18.072007554000038 ], [ -73.70767167899993, 18.094224351000037 ], [ -73.704457160999937, 18.104193427000041 ], [ -73.699940558999913, 18.108303127000056 ], [ -73.694243943999936, 18.10687897300005 ], [ -73.687855597999942, 18.100490627000056 ], [ -73.676380988999938, 18.108099677000041 ], [ -73.670887824999909, 18.105373440000051 ], [ -73.666900193999936, 18.098578192000048 ], [ -73.659982876999948, 18.094224351000037 ], [ -73.628895636999914, 18.094224351000037 ] ] ], [ [ [ -73.796498175999943, 18.628648179000038 ], [ -73.772694464999915, 18.639349677000041 ], [ -73.739979620999918, 18.636867580000057 ], [ -73.714955206999946, 18.623480536000045 ], [ -73.714588995999918, 18.601304429000038 ], [ -73.737619594999899, 18.58820221600007 ], [ -73.769520636999914, 18.588364976000037 ], [ -73.794422980999911, 18.60187409100007 ], [ -73.796498175999943, 18.628648179000038 ] ] ], [ [ [ -72.850575324999909, 20.08852773600006 ], [ -72.821685350999928, 20.089789130000042 ], [ -72.802398240999935, 20.087225653000075 ], [ -72.785145636999914, 20.080023505000042 ], [ -72.762440558999913, 20.067368882000039 ], [ -72.667795376999948, 20.032294012000079 ], [ -72.627552863999938, 20.008246161000045 ], [ -72.63890540299991, 19.984849351000037 ], [ -72.655140753999945, 19.991400458000044 ], [ -72.739857550999943, 20.002427476000037 ], [ -72.779164191999939, 20.016994533000059 ], [ -72.827748175999943, 20.027329820000091 ], [ -72.844309048999946, 20.034491278000075 ], [ -72.85578365799995, 20.032416083000044 ], [ -72.867665167999917, 20.028225002000056 ], [ -72.878488735999952, 20.026434637000079 ], [ -72.899403449999909, 20.030422268000052 ], [ -72.923898891999897, 20.038153387000079 ], [ -72.946115688999953, 20.048773505000042 ], [ -72.960357225999928, 20.061224677000041 ], [ -72.953195766999897, 20.062486070000091 ], [ -72.947377081999946, 20.067368882000039 ], [ -72.901112433999913, 20.082017320000091 ], [ -72.850575324999909, 20.08852773600006 ] ] ], [ [ [ -73.258656378999945, 18.878485419000071 ], [ -73.277333136999914, 18.891099351000037 ], [ -73.282582160999937, 18.895493882000039 ], [ -73.289906378999945, 18.904201565000051 ], [ -73.296538865999935, 18.914496161000045 ], [ -73.299631313999953, 18.925523179000038 ], [ -73.296213344999899, 18.936509507000039 ], [ -73.28384355399993, 18.949693101000037 ], [ -73.266346808999913, 18.960842190000051 ], [ -73.245961066999939, 18.968410549000055 ], [ -73.224476691999939, 18.971258856000077 ], [ -73.200795050999943, 18.968695380000042 ], [ -73.061919725999928, 18.913316148000035 ], [ -72.993397589999915, 18.89203522300005 ], [ -72.917225714999915, 18.855454820000091 ], [ -72.846099412999934, 18.827093817000048 ], [ -72.81704667899993, 18.793117580000057 ], [ -72.809478318999936, 18.771470445000091 ], [ -72.805897589999915, 18.745672919000071 ], [ -72.808745897999927, 18.720404364000046 ], [ -72.820464647999927, 18.700669664000088 ], [ -72.831125454999949, 18.696437893000052 ], [ -72.83820553299995, 18.70258209800005 ], [ -72.847157355999911, 18.720526434000078 ], [ -72.85570227799991, 18.727687893000052 ], [ -72.863352016999897, 18.729641018000052 ], [ -72.885894334999932, 18.731024481000077 ], [ -72.975005662999934, 18.749904690000051 ], [ -73.005441860999952, 18.752142645000049 ], [ -73.03742428299995, 18.759588934000078 ], [ -73.125559048999946, 18.813625393000052 ], [ -73.214588995999918, 18.836615302000041 ], [ -73.23851477799991, 18.851507880000042 ], [ -73.258656378999945, 18.878485419000071 ] ] ] ] } },
{ "type": "Feature", "properties": { "iso": "JM", "name": "Jamaica", "role": "contexto" }, "geometry": { "type": "Polygon", "coordinates": [ [ [ -76.263742641999897, 18.01235586100006 ], [ -76.248768683999913, 17.977850653000075 ], [ -76.234038865999935, 17.953924872000073 ], [ -76.215240037999934, 17.934963283000059 ], [ -76.187977667999917, 17.91547272300005 ], [ -76.198394334999932, 17.907416083000044 ], [ -76.250070766999897, 17.894964911000045 ], [ -76.286488410999937, 17.875881252000056 ], [ -76.307362433999913, 17.870103257000039 ], [ -76.325184699999909, 17.874497789000088 ], [ -76.318226691999939, 17.879299221000053 ], [ -76.315419074999909, 17.882717190000051 ], [ -76.311512824999909, 17.894964911000045 ], [ -76.329579230999911, 17.888657945000091 ], [ -76.345611131999931, 17.86587148600006 ], [ -76.363026495999918, 17.860825914000088 ], [ -76.378529425999943, 17.865057684000078 ], [ -76.396555141999897, 17.872992255000042 ], [ -76.414906378999945, 17.877508856000077 ], [ -76.444935675999943, 17.866766669000071 ], [ -76.523548956999946, 17.860256252000056 ], [ -76.579009568999936, 17.868312893000052 ], [ -76.587066209999932, 17.867987372000073 ], [ -76.594593878999945, 17.866603908000059 ], [ -76.602772589999915, 17.867621161000045 ], [ -76.613148566999939, 17.874497789000088 ], [ -76.617665167999917, 17.88353099200009 ], [ -76.619699673999946, 17.895086981000077 ], [ -76.622710740999935, 17.90501536700009 ], [ -76.630523240999935, 17.909247137000079 ], [ -76.638579881999931, 17.911607164000088 ], [ -76.643950975999928, 17.917222398000092 ], [ -76.648589647999927, 17.923895575000074 ], [ -76.654774542999917, 17.92914459800005 ], [ -76.684803839999915, 17.936021226000037 ], [ -76.692290818999936, 17.940008856000077 ], [ -76.70767167899993, 17.94594961100006 ], [ -76.728423631999931, 17.94476959800005 ], [ -76.764637824999909, 17.936590887000079 ], [ -76.780100063999953, 17.934800523000092 ], [ -76.83226477799991, 17.936590887000079 ], [ -76.83226477799991, 17.943426825000074 ], [ -76.722401495999918, 17.949611721000053 ], [ -76.734364386999914, 17.960598049000055 ], [ -76.747466600999928, 17.963446356000077 ], [ -76.77765865799995, 17.963853257000039 ], [ -76.798163834999912, 17.96341979500005 ], [ -76.819055894999906, 17.975272920000066 ], [ -76.836829008999928, 17.986358596000059 ], [ -76.849967389999904, 17.992276476000086 ], [ -76.853068772999904, 17.981968326000072 ], [ -76.857760525999936, 17.971398026000088 ], [ -76.87017289399995, 17.958049775000063 ], [ -76.874004574999901, 17.950349069000083 ], [ -76.887156316999949, 17.951856130000067 ], [ -76.891037488999928, 17.94450240000009 ], [ -76.894943955999906, 17.921681026000044 ], [ -76.912827937999907, 17.86128743200004 ], [ -76.92609615799995, 17.843329169000071 ], [ -76.942128058999913, 17.833563544000071 ], [ -76.95531165299991, 17.83344147300005 ], [ -76.964019334999932, 17.837225653000075 ], [ -76.972075975999928, 17.84243398600006 ], [ -76.98306230399993, 17.846584377000056 ], [ -77.038319464999915, 17.846584377000056 ], [ -77.038319464999915, 17.853989976000037 ], [ -77.017201300999943, 17.860825914000088 ], [ -77.02798417899993, 17.869818427000041 ], [ -77.041493292999917, 17.887152411000045 ], [ -77.051991339999915, 17.894964911000045 ], [ -77.064198370999918, 17.899481512000079 ], [ -77.093006964999915, 17.902492580000057 ], [ -77.11910936299995, 17.89380331600006 ], [ -77.141652040999929, 17.881133913000042 ], [ -77.158079086999919, 17.849874593000038 ], [ -77.161976691999939, 17.840765692000048 ], [ -77.154408331999946, 17.813055731000077 ], [ -77.161691860999952, 17.810288804000038 ], [ -77.174387173999946, 17.802923895000049 ], [ -77.181711391999897, 17.799994208000044 ], [ -77.179107225999928, 17.794745184000078 ], [ -77.177357550999943, 17.78461334800005 ], [ -77.174916144999941, 17.778265692000048 ], [ -77.185617641999897, 17.782904364000046 ], [ -77.196359829999949, 17.783392645000049 ], [ -77.206776495999918, 17.779852606000077 ], [ -77.216460740999935, 17.77212148600006 ], [ -77.198882615999935, 17.761786200000074 ], [ -77.18032792899993, 17.757879950000074 ], [ -77.160878058999913, 17.759426174000055 ], [ -77.140736456999946, 17.765285549000055 ], [ -77.130604620999918, 17.727687893000052 ], [ -77.133656378999945, 17.710435289000088 ], [ -77.158111131999931, 17.703192450000074 ], [ -77.178944464999915, 17.704169012000079 ], [ -77.19758053299995, 17.708197333000044 ], [ -77.216053839999915, 17.716701565000051 ], [ -77.302886522999927, 17.790838934000078 ], [ -77.320871548999946, 17.812445380000042 ], [ -77.395619269999941, 17.853949286000045 ], [ -77.417713995999918, 17.861721096000053 ], [ -77.441029425999943, 17.864650783000059 ], [ -77.459462042999917, 17.857407945000091 ], [ -77.480620897999927, 17.843736070000091 ], [ -77.501820441999939, 17.841945705000057 ], [ -77.545480923999946, 17.853989976000037 ], [ -77.588368292999917, 17.860988674000055 ], [ -77.723866339999915, 17.853583075000074 ], [ -77.73070227799991, 17.854803778000075 ], [ -77.751535610999952, 17.868312893000052 ], [ -77.786732550999943, 17.884955145000049 ], [ -77.79556230399993, 17.891546942000048 ], [ -77.799916144999941, 17.899115302000041 ], [ -77.810292120999918, 17.924750067000048 ], [ -77.812367316999939, 17.932847398000092 ], [ -77.816151495999918, 17.939195054000038 ], [ -77.834055141999897, 17.945298570000091 ], [ -77.839670376999948, 17.949611721000053 ], [ -77.841135219999899, 17.970607815000051 ], [ -77.839344855999911, 17.995835679000038 ], [ -77.845570441999939, 18.01703522300005 ], [ -77.871001756999931, 18.025946356000077 ], [ -77.940337693999936, 18.026516018000052 ], [ -77.956288214999915, 18.032171942000048 ], [ -77.979969855999911, 18.084458726000037 ], [ -77.987863735999952, 18.095363674000055 ], [ -77.996449347999942, 18.10101959800005 ], [ -78.006418423999946, 18.105861721000053 ], [ -78.014393683999913, 18.107855536000045 ], [ -78.020578579999949, 18.113104559000078 ], [ -78.025380011999914, 18.125189520000049 ], [ -78.03148352799991, 18.148871161000045 ], [ -78.050282355999911, 18.185126044000071 ], [ -78.075184699999909, 18.198431708000044 ], [ -78.148793097999942, 18.196682033000059 ], [ -78.193755662999934, 18.203924872000073 ], [ -78.210194464999915, 18.204087632000039 ], [ -78.219593878999945, 18.195868231000077 ], [ -78.227284308999913, 18.191839911000045 ], [ -78.234038865999935, 18.193182684000078 ], [ -78.258656378999945, 18.202622789000088 ], [ -78.261138475999928, 18.204087632000039 ], [ -78.275135870999918, 18.206244208000044 ], [ -78.305897589999915, 18.215643622000073 ], [ -78.323150193999936, 18.217718817000048 ], [ -78.340728318999936, 18.221869208000044 ], [ -78.35773678299995, 18.23273346600007 ], [ -78.370269334999932, 18.248114325000074 ], [ -78.374663865999935, 18.265570380000042 ], [ -78.369130011999914, 18.273871161000045 ], [ -78.354318813999953, 18.28384023600006 ], [ -78.347320115999935, 18.292222398000092 ], [ -78.34439042899993, 18.305365302000041 ], [ -78.345814581999946, 18.335516669000071 ], [ -78.343902147999927, 18.34406159100007 ], [ -78.336293097999942, 18.355902411000045 ], [ -78.335438605999911, 18.363430080000057 ], [ -78.331939256999931, 18.367377020000049 ], [ -78.316395636999914, 18.36859772300005 ], [ -78.306630011999914, 18.374660549000055 ], [ -78.298695441999939, 18.386379299000055 ], [ -78.288400844999899, 18.394354559000078 ], [ -78.271636522999927, 18.389064846000053 ], [ -78.261301235999952, 18.417385158000059 ], [ -78.230620897999927, 18.444240627000056 ], [ -78.194976365999935, 18.455471096000053 ], [ -78.169260219999899, 18.436835028000075 ], [ -78.154408331999946, 18.453517971000053 ], [ -78.138539191999939, 18.45384349200009 ], [ -78.119984503999945, 18.447333075000074 ], [ -78.097238735999952, 18.443060614000046 ], [ -78.032541469999899, 18.45062897300005 ], [ -78.010975714999915, 18.450506903000075 ], [ -77.99242102799991, 18.44399648600006 ], [ -77.981353318999936, 18.441351630000042 ], [ -77.969960089999915, 18.443060614000046 ], [ -77.959828253999945, 18.449896552000041 ], [ -77.958851691999939, 18.456447658000059 ], [ -77.959136522999927, 18.464097398000092 ], [ -77.952951626999948, 18.474432684000078 ], [ -77.930287238999938, 18.502020575000074 ], [ -77.919992641999897, 18.51117584800005 ], [ -77.902333136999914, 18.518784898000092 ], [ -77.861887173999946, 18.525091864000046 ], [ -77.816070115999935, 18.523423570000091 ], [ -77.664540167999917, 18.491929429000038 ], [ -77.567250128999945, 18.490179755000042 ], [ -77.524281378999945, 18.480210679000038 ], [ -77.454986131999931, 18.47532786700009 ], [ -77.428863084999932, 18.469224351000037 ], [ -77.408273891999897, 18.45734284100007 ], [ -77.376535610999952, 18.46515534100007 ], [ -77.325306769999941, 18.465033270000049 ], [ -77.272613084999932, 18.459377346000053 ], [ -77.236317511999914, 18.450506903000075 ], [ -77.231841600999928, 18.44603099200009 ], [ -77.228138800999943, 18.433661200000074 ], [ -77.22329667899993, 18.429388739000046 ], [ -77.21743730399993, 18.429348049000055 ], [ -77.212025519999941, 18.431789455000057 ], [ -77.208851691999939, 18.434963283000059 ], [ -77.20962480399993, 18.436835028000075 ], [ -77.164947068999936, 18.429388739000046 ], [ -77.159413214999915, 18.426214911000045 ], [ -77.142567511999914, 18.412095445000091 ], [ -77.13735917899993, 18.40892161700009 ], [ -77.104725714999915, 18.407863674000055 ], [ -77.051991339999915, 18.41632721600007 ], [ -77.040028449999909, 18.413478908000059 ], [ -77.019154425999943, 18.404120184000078 ], [ -77.007313605999911, 18.402085679000038 ], [ -76.948150193999936, 18.404486395000049 ], [ -76.936615160999906, 18.410295018000056 ], [ -76.920338345999937, 18.412195466000071 ], [ -76.907118207999929, 18.411205408000058 ], [ -76.894918863999919, 18.409251286000085 ], [ -76.887826568999913, 18.400552413000071 ], [ -76.890915629999938, 18.389946614000053 ], [ -76.89094812399992, 18.376440534000039 ], [ -76.87978282499995, 18.366768827000044 ], [ -76.844210637999936, 18.345446595000055 ], [ -76.812754213999938, 18.328009665000081 ], [ -76.807622330999948, 18.318308300000069 ], [ -76.798329230999911, 18.292059637000079 ], [ -76.792388475999928, 18.283392645000049 ], [ -76.782826300999943, 18.277818101000037 ], [ -76.764637824999909, 18.273016669000071 ], [ -76.712880011999914, 18.269191799000055 ], [ -76.695708787999934, 18.265570380000042 ], [ -76.681019660999937, 18.25812409100007 ], [ -76.661976691999939, 18.239813544000071 ], [ -76.647328253999945, 18.23078034100007 ], [ -76.630360480999911, 18.225734768000052 ], [ -76.597158167999908, 18.227747763000082 ], [ -76.579770104999909, 18.216029546000073 ], [ -76.574208136999914, 18.214667059000078 ], [ -76.563059048999946, 18.205959377000056 ], [ -76.554798956999946, 18.204087632000039 ], [ -76.479725714999915, 18.204087632000039 ], [ -76.474476691999939, 18.201076565000051 ], [ -76.466623501999948, 18.186753648000092 ], [ -76.463002081999946, 18.18235911700009 ], [ -76.389393683999913, 18.169175523000092 ], [ -76.351144985999952, 18.155991929000038 ], [ -76.346262173999946, 18.135199286000045 ], [ -76.317860480999911, 18.109279690000051 ], [ -76.295806443999936, 18.079169012000079 ], [ -76.263742641999897, 18.01235586100006 ] ] ] } },
{ "type": "Feature", "properties": { "iso": "KY", "name": "Islas Caimán", "role": "contexto" }, "geometry": { "type": "MultiPolygon", "coordinates": [ [ [ [ -81.136097785999937, 19.354885158000059 ], [ -81.117543097999942, 19.352769273000035 ], [ -81.099517381999931, 19.347316799000055 ], [ -81.089507615999935, 19.33539459800005 ], [ -81.08658644399992, 19.309926720000078 ], [ -81.106677160999936, 19.295317337000085 ], [ -81.135100218999924, 19.290741547000039 ], [ -81.169503825999925, 19.299563356000078 ], [ -81.193191541999909, 19.296114063000061 ], [ -81.214509135999947, 19.292671674000076 ], [ -81.233457733999899, 19.28923422400004 ], [ -81.248821122999914, 19.279096906000063 ], [ -81.266468878999945, 19.266058661000045 ], [ -81.276356574999909, 19.264837958000044 ], [ -81.341271671999948, 19.27306034500009 ], [ -81.357882453999935, 19.27409358400007 ], [ -81.375721808999913, 19.272284247000073 ], [ -81.387486166999906, 19.263863615000048 ], [ -81.397938605999911, 19.27415599200009 ], [ -81.395924799999932, 19.289561692000063 ], [ -81.392400298999917, 19.296295951000047 ], [ -81.388898927999946, 19.307506249000085 ], [ -81.385426497999902, 19.324311033000072 ], [ -81.385503247999907, 19.33885820100005 ], [ -81.390325618999952, 19.35226029800009 ], [ -81.405818414999942, 19.363369769000087 ], [ -81.416542020999941, 19.370027621000077 ], [ -81.41423831499992, 19.382348880000052 ], [ -81.408346348999942, 19.39021230700007 ], [ -81.394123687999922, 19.394760508000047 ], [ -81.375721808999913, 19.38898346600007 ], [ -81.378585441999917, 19.375817494000046 ], [ -81.368998560999898, 19.359082618000059 ], [ -81.360590027999933, 19.340103959000089 ], [ -81.36404493099991, 19.319945670000038 ], [ -81.349717936999923, 19.302114496000058 ], [ -81.322438233999947, 19.302250520000086 ], [ -81.303497694999919, 19.309054671000069 ], [ -81.301258917999917, 19.32062409100007 ], [ -81.293812628999945, 19.334377346000053 ], [ -81.288075324999909, 19.331366278000075 ], [ -81.273304816999939, 19.32758209800005 ], [ -81.273426886999914, 19.332098700000074 ], [ -81.27953040299991, 19.341782945000091 ], [ -81.273304816999939, 19.334377346000053 ], [ -81.277699347999942, 19.341376044000071 ], [ -81.27798417899993, 19.34406159100007 ], [ -81.273304816999939, 19.348049221000053 ], [ -81.277902798999946, 19.35187409100007 ], [ -81.280751105999911, 19.356268622000073 ], [ -81.286284959999932, 19.368475653000075 ], [ -81.268137173999946, 19.366278387000079 ], [ -81.231556769999941, 19.351548570000091 ], [ -81.211822068999936, 19.348049221000053 ], [ -81.157785610999952, 19.355047919000071 ], [ -81.136097785999937, 19.354885158000059 ] ] ], [ [ [ -80.037829802999909, 19.704035322000038 ], [ -80.008736413999941, 19.703951043000075 ], [ -79.981027798999946, 19.71430084800005 ], [ -79.964263475999928, 19.704901434000078 ], [ -79.977935350999928, 19.697455145000049 ], [ -80.003917791999925, 19.690270050000038 ], [ -80.077968257999942, 19.654020437000042 ], [ -80.113155461999952, 19.65866019300006 ], [ -80.098552598999902, 19.676856942000086 ], [ -80.081543317999945, 19.685929059000046 ], [ -80.062087746999907, 19.700681524000061 ], [ -80.037829802999909, 19.704035322000038 ] ] ], [ [ [ -79.871889180999915, 19.704636140000048 ], [ -79.80283746799995, 19.732826662000036 ], [ -79.76889869799993, 19.75203648300004 ], [ -79.745899521999945, 19.757630837000079 ], [ -79.731516079999949, 19.752101955000057 ], [ -79.726642691999928, 19.737063377000084 ], [ -79.77389263799995, 19.713364056000046 ], [ -79.855000656999948, 19.690916740000091 ], [ -79.893753668999921, 19.679672759000084 ], [ -79.871889180999915, 19.704636140000048 ] ] ] ] } },
{ "type": "Feature", "properties": { "iso": "MX", "name": "México", "role": "contexto" }, "geometry": { "type": "MultiPolygon", "coordinates": [ [ [ [ -88.303822394999941, 18.481350002000056 ], [ -88.309514526999919, 18.482283834000057 ], [ -88.371448730999958, 18.481792908 ], [ -88.379071004999929, 18.479700013000055 ], [ -88.384910440999903, 18.47662526500001 ], [ -88.390775715999894, 18.475695089000041 ], [ -88.398372151999865, 18.480113424000066 ], [ -88.407983967999968, 18.48895009400006 ], [ -88.413229126999909, 18.490758769000038 ], [ -88.419972900999937, 18.489001770000058 ], [ -88.43085078999988, 18.483782451000039 ], [ -88.450823730999929, 18.476883647000065 ], [ -88.459634561999906, 18.475720927000069 ], [ -88.46994401099991, 18.478511454000014 ], [ -88.479194091999915, 18.483420716000055 ], [ -88.489245157999875, 18.484505920000046 ], [ -88.52019934199987, 18.461561584000023 ], [ -88.527821614999937, 18.454146017000099 ], [ -88.53304093499986, 18.443319804000069 ], [ -88.538389445999911, 18.413089091000032 ], [ -88.54740698299986, 18.389059551000017 ], [ -88.551334391999916, 18.363686422000015 ], [ -88.55479671199987, 18.352214254 ], [ -88.567173217999937, 18.333507385000118 ], [ -88.598075724999916, 18.299478455000084 ], [ -88.607713378999847, 18.283381246000104 ], [ -88.611485758999976, 18.266379700000087 ], [ -88.613165242999912, 18.250566712000094 ], [ -88.616989298999869, 18.235425517000081 ], [ -88.627040364999885, 18.220310160000068 ], [ -88.638951782999925, 18.211602681 ], [ -88.668148966999865, 18.198244324000072 ], [ -88.696622680999894, 18.17806467700008 ], [ -88.692953653999894, 18.175170797000092 ], [ -88.689517171999881, 18.161243999000121 ], [ -88.692850300999879, 18.150004374000062 ], [ -88.717706664999923, 18.110032654000108 ], [ -88.72044551599987, 18.100084941000105 ], [ -88.723494425999917, 18.077502340000066 ], [ -88.726646687999875, 18.066727804000024 ], [ -88.736387695999895, 18.051922506000025 ], [ -88.748350789999876, 18.043292541000071 ], [ -88.762019205999962, 18.03564443000009 ], [ -88.776876180999921, 18.02375885000005 ], [ -88.781630411999913, 18.014715475000102 ], [ -88.795944783999886, 17.975596415000084 ], [ -88.805349894999949, 17.965002747000099 ], [ -88.856406208999914, 17.928312479000041 ], [ -88.860850382999928, 17.92112945600006 ], [ -88.865372070999854, 17.899011943000076 ], [ -88.871366536999886, 17.890950419000077 ], [ -88.880332397999922, 17.888469951 ], [ -88.920459147999907, 17.910949199000115 ], [ -88.933300740999897, 17.920354309000075 ], [ -88.947020833999943, 17.948466288000091 ], [ -88.956503458999919, 17.950533346000057 ], [ -88.967846435999888, 17.948259583000052 ], [ -88.979757853999928, 17.949448141000076 ], [ -88.996578531999916, 17.961850485000028 ], [ -89.01153885999986, 17.977818502000062 ], [ -89.028023640999947, 17.992081197000047 ], [ -89.049443522999866, 17.999212545000077 ], [ -89.132565063999948, 17.970273743000021 ], [ -89.153933267999946, 17.941076559000081 ], [ -89.161374674999877, 17.901440735000037 ], [ -89.160496174999935, 17.814314270000054 ], [ -89.600159261999892, 17.814727681000065 ], [ -89.820016642999946, 17.814986064000024 ], [ -90.039770670999928, 17.815141093000065 ], [ -90.259653890999886, 17.815347799000037 ], [ -90.479459594999923, 17.815606181000092 ], [ -90.919122680999862, 17.816019593000121 ], [ -90.962220825999879, 17.816019593000121 ], [ -90.982839721999881, 17.810541890000124 ], [ -90.990901245999879, 17.801963603 ], [ -90.991986449999871, 17.251919658000034 ], [ -91.430771036999886, 17.254968567000063 ], [ -91.438264119999928, 17.253676657000128 ], [ -91.442501586999867, 17.237967020000056 ], [ -91.419247192999961, 17.227735087000084 ], [ -91.388344685999954, 17.221585592000011 ], [ -91.372945108999971, 17.213575745000028 ], [ -91.364883585999877, 17.189752910000053 ], [ -91.344523071999873, 17.186342265000022 ], [ -91.317754679999979, 17.19047638000005 ], [ -91.290417846999873, 17.189081116000082 ], [ -91.279514119999902, 17.18008941600003 ], [ -91.270832479999939, 17.164276428000036 ], [ -91.265148071999903, 17.146241354000026 ], [ -91.263132690999839, 17.130738424000114 ], [ -91.259205281999868, 17.124330547000071 ], [ -91.238793090999934, 17.119214579000086 ], [ -91.229594685999928, 17.113995260000067 ], [ -91.225357218999875, 17.107018942000067 ], [ -91.22024125199988, 17.089293925000064 ], [ -91.215952107999925, 17.079217021000105 ], [ -91.206753703999908, 17.065367737000045 ], [ -91.171200317999961, 17.02800567700011 ], [ -91.161226765999857, 17.023974915000011 ], [ -91.137145548999911, 17.0265070600001 ], [ -91.126551879999937, 17.024595032000079 ], [ -91.121229207999875, 17.018393860000103 ], [ -91.116113240999908, 16.999273580000093 ], [ -91.11223750899984, 16.990488587000115 ], [ -91.076942504999948, 16.949509176000063 ], [ -91.071309774999918, 16.938915507 ], [ -91.066865600999904, 16.918193258000073 ], [ -91.054928345999969, 16.908013 ], [ -91.016687784999874, 16.894835511000039 ], [ -91.010900024999899, 16.890287984000096 ], [ -90.998342651999906, 16.877162170000119 ], [ -90.993071655999955, 16.87437164300006 ], [ -90.983253133999909, 16.878609110000113 ], [ -90.984286662999892, 16.887755840000082 ], [ -90.987955688999875, 16.896902568000073 ], [ -90.986250366999911, 16.901088359000127 ], [ -90.968835408999979, 16.901036682000026 ], [ -90.955192830999863, 16.898762919000077 ], [ -90.952764037999913, 16.890908102000068 ], [ -90.968887085999881, 16.87437164300006 ], [ -90.948164835999961, 16.864708150000027 ], [ -90.91907100399996, 16.836337789000126 ], [ -90.900622518999938, 16.826002503000026 ], [ -90.831737833999938, 16.805435283000023 ], [ -90.819955606999912, 16.805331930000094 ], [ -90.810602172999978, 16.812928365000076 ], [ -90.79695959599988, 16.805435283000023 ], [ -90.79695959599988, 16.798665670000091 ], [ -90.800370239999893, 16.786831767000066 ], [ -90.785590779999978, 16.774997864000071 ], [ -90.749779011999863, 16.757686259000067 ], [ -90.735309610999934, 16.74657582600004 ], [ -90.667716837999961, 16.6525763960001 ], [ -90.654022582999943, 16.616609599000029 ], [ -90.667200073999908, 16.593200175000064 ], [ -90.667200073999908, 16.586999003000088 ], [ -90.653609171999932, 16.590099590000122 ], [ -90.650250203999917, 16.593406881000121 ], [ -90.647356323999929, 16.600073140000049 ], [ -90.63376542199984, 16.592166646000081 ], [ -90.637021037999915, 16.577903952000028 ], [ -90.643532267999888, 16.561005758000121 ], [ -90.639966592999912, 16.544831034000126 ], [ -90.648183146999941, 16.529586487000088 ], [ -90.639501505999903, 16.525865784000061 ], [ -90.624153604999918, 16.524935608000121 ], [ -90.612629760999909, 16.518114319000077 ], [ -90.612061319999839, 16.507624003000032 ], [ -90.618985961999925, 16.500079244000077 ], [ -90.627874307999946, 16.492896220000105 ], [ -90.633093627999955, 16.483336080000115 ], [ -90.620742961999895, 16.486746725000032 ], [ -90.604671590999942, 16.486178284000076 ], [ -90.590615600999911, 16.483387757000045 ], [ -90.584724487999921, 16.480235495000059 ], [ -90.579350138999956, 16.482767639000073 ], [ -90.553408569999903, 16.490260722000087 ], [ -90.54371923899987, 16.490209045000071 ], [ -90.539068359999902, 16.468866679000072 ], [ -90.532893025999925, 16.459926656000064 ], [ -90.508915161999909, 16.47108876500009 ], [ -90.497753052999883, 16.468039856000061 ], [ -90.488218750999891, 16.461580302000087 ], [ -90.482301798999885, 16.45605092400011 ], [ -90.477082478999961, 16.44499216700008 ], [ -90.47842606699993, 16.436413879000057 ], [ -90.475842244999939, 16.430729472000039 ], [ -90.444371297999879, 16.426802063000068 ], [ -90.434113525999891, 16.42240956600007 ], [ -90.426697957999892, 16.417707011000076 ], [ -90.420806843999884, 16.415123190000074 ], [ -90.409463867999904, 16.41667348300011 ], [ -90.400601359999882, 16.420549215000065 ], [ -90.394916951999846, 16.419205627000096 ], [ -90.392901570999896, 16.404839580000086 ], [ -90.392694864999839, 16.391713766000024 ], [ -90.391377116999877, 16.385977681000057 ], [ -90.379853271999934, 16.367270813000076 ], [ -90.395123656999885, 16.371404927000086 ], [ -90.408740397999907, 16.372335103000054 ], [ -90.418223022999967, 16.367167461000051 ], [ -90.420806843999884, 16.353008118 ], [ -90.414011392999925, 16.353008118 ], [ -90.414011392999925, 16.360449524000032 ], [ -90.40719010499987, 16.360449524000032 ], [ -90.398792683999886, 16.347582092000025 ], [ -90.404683797999894, 16.331510722000061 ], [ -90.419463256999904, 16.317816467000043 ], [ -90.437885904999916, 16.312080383000094 ], [ -90.444888061999904, 16.308359680000066 ], [ -90.434733642999873, 16.301228333000026 ], [ -90.420186727999919, 16.296009013000017 ], [ -90.414011392999925, 16.298386129000065 ], [ -90.414063069999941, 16.287844137 ], [ -90.420238403999917, 16.285363668000016 ], [ -90.428558309999886, 16.28763743100005 ], [ -90.434475260999903, 16.291564840000106 ], [ -90.436749023999909, 16.284846904000077 ], [ -90.441296549999947, 16.285363668000016 ], [ -90.437524169999904, 16.280040996000068 ], [ -90.431426350999857, 16.268930563000069 ], [ -90.427679809999944, 16.263607890000017 ], [ -90.440624755999863, 16.265313212000066 ], [ -90.448143676999905, 16.27110097300006 ], [ -90.459434977999962, 16.259060364000064 ], [ -90.457833008999842, 16.249138489000089 ], [ -90.447988647999864, 16.241490377 ], [ -90.434475260999903, 16.236322734000098 ], [ -90.446231648999884, 16.230845032 ], [ -90.458504801999908, 16.221749980000041 ], [ -90.46558447299995, 16.208107402000039 ], [ -90.461812093999924, 16.18914215100007 ], [ -90.432718261999923, 16.173225810000062 ], [ -90.426129516999907, 16.163148906000018 ], [ -90.448143676999905, 16.154415589000038 ], [ -90.448143676999905, 16.148214417000062 ], [ -90.435302083999915, 16.136277161000024 ], [ -90.459486653999875, 16.11679514600003 ], [ -90.455585083999921, 16.099741924000099 ], [ -90.448143676999905, 16.099741924000099 ], [ -90.44452632699992, 16.103255920000052 ], [ -90.434475260999903, 16.107183330000012 ], [ -90.437420816999889, 16.098863424000044 ], [ -90.444164591999908, 16.084652405 ], [ -90.448195096999882, 16.079259908000054 ], [ -90.466152913999906, 16.072921855000104 ], [ -90.485738281999915, 16.070699768000097 ], [ -90.575474405999898, 16.070596415000082 ], [ -90.988989217999858, 16.069872946000075 ], [ -91.126913615999939, 16.069769593000061 ], [ -91.402607381999928, 16.069304505000034 ], [ -91.540480102999908, 16.069149475000089 ], [ -91.723776408999896, 16.068787740000076 ], [ -91.739847778999973, 16.060984599000065 ], [ -91.751888386999923, 16.04630849200008 ], [ -91.841676188999941, 15.896085103000061 ], [ -91.910560871999849, 15.780950013000066 ], [ -91.989599975999937, 15.648968404000115 ], [ -92.068535725999965, 15.516935120000042 ], [ -92.204651448999954, 15.289507141000044 ], [ -92.211291870999872, 15.272066345000013 ], [ -92.21093013499987, 15.253359477000117 ], [ -92.203359537999916, 15.237158915000109 ], [ -92.073806721999915, 15.073706360000102 ], [ -92.093598795999895, 15.02941965800008 ], [ -92.103830729999856, 15.017869975000039 ], [ -92.116982380999843, 15.012392274000135 ], [ -92.129875650999935, 15.010945333000052 ], [ -92.142355509999931, 15.007483012000108 ], [ -92.154215250999954, 14.995933329000081 ], [ -92.157574218999883, 14.963041280000127 ], [ -92.154680338999896, 14.900797018000034 ], [ -92.166023315999951, 14.870824687000081 ], [ -92.186797241999898, 14.847260233000085 ], [ -92.191654826999923, 14.835297140000122 ], [ -92.190828002999893, 14.814238993000103 ], [ -92.188657592999903, 14.80589324900005 ], [ -92.179381672999881, 14.781243591000049 ], [ -92.178813232999943, 14.773388774000111 ], [ -92.180105143999896, 14.758790182000041 ], [ -92.179381672999881, 14.751581320000085 ], [ -92.16173417199991, 14.702333679000105 ], [ -92.160803996999846, 14.683497620000082 ], [ -92.164731404999912, 14.668149720000116 ], [ -92.186073770999911, 14.62957326300004 ], [ -92.208062093999899, 14.570507101000089 ], [ -92.226097167999882, 14.54934560200013 ], [ -92.246256503999888, 14.546279476000095 ], [ -92.250762498999904, 14.550726630000042 ], [ -92.305938279999907, 14.615057684000078 ], [ -92.382069464999915, 14.684637762000079 ], [ -92.507842576999906, 14.807074286000045 ], [ -92.69985917899993, 14.999090887000079 ], [ -92.82485917899993, 15.135646877000056 ], [ -92.840606248999904, 15.161159572000088 ], [ -92.840443488999938, 15.18195221600007 ], [ -92.824004686999899, 15.172796942000048 ], [ -92.780873175999943, 15.15884023600006 ], [ -92.77212480399993, 15.150336005000042 ], [ -92.77017167899993, 15.131740627000056 ], [ -92.764027472999942, 15.112941799000055 ], [ -92.753163214999915, 15.098415432000081 ], [ -92.737416144999941, 15.092596747000073 ], [ -92.748158331999946, 15.112982489000046 ], [ -92.756337042999917, 15.154120184000078 ], [ -92.768422003999945, 15.171454169000071 ], [ -92.7822566399999, 15.179877020000049 ], [ -92.80296790299991, 15.188299872000073 ], [ -92.824330206999946, 15.192694403000075 ], [ -92.840443488999938, 15.188788153000075 ], [ -92.843169725999928, 15.205877997000073 ], [ -92.854033982999908, 15.20852285400008 ], [ -92.859730597999942, 15.201320705000057 ], [ -92.846669074999909, 15.188788153000075 ], [ -92.86351477799991, 15.191107489000046 ], [ -92.923003709999932, 15.237209377000056 ], [ -92.963775193999936, 15.253810940000051 ], [ -92.983143683999913, 15.265570380000042 ], [ -92.998199022999927, 15.293972072000088 ], [ -93.078114386999914, 15.348659572000088 ], [ -93.170033331999946, 15.448879299000055 ], [ -93.188099738999938, 15.477565822000088 ], [ -93.199615037999934, 15.490993557000081 ], [ -93.228627081999946, 15.501857815000051 ], [ -93.470814581999946, 15.70071035400008 ], [ -93.488148566999939, 15.708929755000042 ], [ -93.656035936999899, 15.839260158000059 ], [ -93.759185350999928, 15.906154690000051 ], [ -93.943389451999906, 16.010565497000073 ], [ -93.931182420999903, 16.016058661000045 ], [ -93.907093878999945, 16.014431057000081 ], [ -93.895619269999941, 16.017401434000078 ], [ -93.889068162999934, 16.006415106000077 ], [ -93.878041144999941, 16.00539785400008 ], [ -93.865386522999927, 16.012152411000045 ], [ -93.854033982999908, 16.02484772300005 ], [ -93.873931443999936, 16.048529364000046 ], [ -93.885243292999917, 16.070827541000085 ], [ -93.898101365999935, 16.088934637000079 ], [ -93.922963019999941, 16.09992096600007 ], [ -94.042632615999935, 16.12531159100007 ], [ -94.073760545999903, 16.14093659100007 ], [ -94.102650519999941, 16.164129950000074 ], [ -94.116363084999932, 16.17914459800005 ], [ -94.122181769999941, 16.192450262000079 ], [ -94.127837693999936, 16.220851955000057 ], [ -94.142445441999939, 16.226752020000049 ], [ -94.162261522999927, 16.219671942000048 ], [ -94.183623826999906, 16.209173895000049 ], [ -94.224232550999943, 16.203558661000045 ], [ -94.266713019999941, 16.215277411000045 ], [ -94.307118292999917, 16.237616278000075 ], [ -94.341297980999911, 16.263820705000057 ], [ -94.363555467999902, 16.287014065000051 ], [ -94.377674933999913, 16.295355536000045 ], [ -94.399281378999945, 16.298610744000086 ], [ -94.417266404999907, 16.29250722900008 ], [ -94.419056769999941, 16.277736721000053 ], [ -94.415272589999915, 16.259792385000083 ], [ -94.416371222999942, 16.243963934000078 ], [ -94.423207160999937, 16.243963934000078 ], [ -94.43228105399993, 16.248806057000081 ], [ -94.436512824999909, 16.24555084800005 ], [ -94.434925910999937, 16.23969147300005 ], [ -94.426625128999945, 16.236517645000049 ], [ -94.414214647999927, 16.234035549000055 ], [ -94.414540167999917, 16.228583075000074 ], [ -94.423329230999911, 16.223822333000044 ], [ -94.436879035999937, 16.222845770000049 ], [ -94.345489061999899, 16.163153387000079 ], [ -94.292632615999935, 16.141140041000085 ], [ -94.265533006999931, 16.148382880000042 ], [ -94.341297980999911, 16.175685940000051 ], [ -94.341297980999911, 16.181911526000079 ], [ -94.315297003999945, 16.180487372000073 ], [ -94.274769660999937, 16.165716864000046 ], [ -94.255604620999918, 16.162014065000051 ], [ -94.230010545999903, 16.163275458000044 ], [ -94.219471808999913, 16.161322333000044 ], [ -94.204090949999909, 16.154567776000079 ], [ -94.169951951999906, 16.134711005000042 ], [ -94.169951951999906, 16.12726471600007 ], [ -94.183623826999906, 16.12726471600007 ], [ -94.183623826999906, 16.120428778000075 ], [ -94.112823045999903, 16.105658270000049 ], [ -94.082183397999927, 16.094753322000088 ], [ -94.056670701999906, 16.075751044000071 ], [ -94.030384894999941, 16.039740302000041 ], [ -94.019154425999943, 16.031073309000078 ], [ -93.985340949999909, 16.017971096000053 ], [ -93.970611131999931, 16.009792385000083 ], [ -93.9638972649999, 15.99750397300005 ], [ -94.343780076999906, 16.147731838000084 ], [ -94.358306443999936, 16.158351955000057 ], [ -94.392201300999943, 16.177679755000042 ], [ -94.439564581999946, 16.186794338000084 ], [ -94.533070441999939, 16.189357815000051 ], [ -94.579619920999903, 16.189846096000053 ], [ -94.605742967999902, 16.193548895000049 ], [ -94.622425910999937, 16.202337958000044 ], [ -94.639434373999904, 16.195705471000053 ], [ -94.659901495999918, 16.19399648600006 ], [ -94.700957811999899, 16.195583401000079 ], [ -94.722401495999918, 16.199652411000045 ], [ -94.728993292999917, 16.209377346000053 ], [ -94.724273240999935, 16.220851955000057 ], [ -94.711822068999936, 16.230292059000078 ], [ -94.625355597999942, 16.25649648600006 ], [ -94.587147589999915, 16.282416083000044 ], [ -94.580840623999904, 16.32648346600007 ], [ -94.591420050999943, 16.337225653000075 ], [ -94.630238410999937, 16.348211981000077 ], [ -94.645741339999915, 16.35696035400008 ], [ -94.654408331999946, 16.36359284100007 ], [ -94.662464972999942, 16.365383205000057 ], [ -94.670033331999946, 16.363836981000077 ], [ -94.677032029999907, 16.360663153000075 ], [ -94.680287238999938, 16.344916083000044 ], [ -94.683257615999935, 16.34015534100007 ], [ -94.688588019999941, 16.337591864000046 ], [ -94.700347459999932, 16.334540106000077 ], [ -94.704335089999915, 16.332709052000041 ], [ -94.715728318999936, 16.322821356000077 ], [ -94.722157355999911, 16.315578518000052 ], [ -94.721099412999934, 16.312201239000046 ], [ -94.7490535149999, 16.298610744000086 ], [ -94.763295050999943, 16.293524481000077 ], [ -94.779896613999938, 16.268133856000077 ], [ -94.793120897999927, 16.257635809000078 ], [ -94.804310675999943, 16.275213934000078 ], [ -94.808501756999931, 16.286444403000075 ], [ -94.807403123999904, 16.298610744000086 ], [ -94.796620245999918, 16.308172919000071 ], [ -94.781117316999939, 16.316595770000049 ], [ -94.772694464999915, 16.327175197000088 ], [ -94.783192511999914, 16.34320709800005 ], [ -94.797637498999904, 16.358343817000048 ], [ -94.801909959999932, 16.369411526000079 ], [ -94.802845831999946, 16.38031647300005 ], [ -94.807403123999904, 16.394802151000079 ], [ -94.814361131999931, 16.403102932000081 ], [ -94.827056443999936, 16.414455471000053 ], [ -94.841094529999907, 16.424587307000081 ], [ -94.852080857999908, 16.428900458000044 ], [ -94.878651495999918, 16.424627997000073 ], [ -94.901722785999937, 16.412868557000081 ], [ -94.921376105999911, 16.395331122000073 ], [ -94.96507727799991, 16.333156643000052 ], [ -94.974964972999942, 16.32648346600007 ], [ -95.033314581999946, 16.32648346600007 ], [ -95.027455206999946, 16.308539130000042 ], [ -95.035552537999934, 16.302557684000078 ], [ -95.047596808999913, 16.300726630000042 ], [ -95.053822394999941, 16.295192776000079 ], [ -95.065174933999913, 16.278265692000048 ], [ -95.063832160999937, 16.268255927000041 ], [ -95.043801453999947, 16.261042380000049 ], [ -94.999354312999913, 16.251044370000045 ], [ -94.964620823999951, 16.247719630000063 ], [ -94.930569171999934, 16.249729636000041 ], [ -94.90206175599991, 16.251743943000065 ], [ -94.889540877999934, 16.253085292000037 ], [ -94.868885870999918, 16.257635809000078 ], [ -94.859242316999939, 16.264471747000073 ], [ -94.841826951999906, 16.283718166000085 ], [ -94.834095831999946, 16.285549221000053 ], [ -94.828033006999931, 16.270331122000073 ], [ -94.858754035999937, 16.256293036000045 ], [ -94.901153123999904, 16.246527411000045 ], [ -94.93032792899993, 16.243963934000078 ], [ -94.896351691999939, 16.234401760000083 ], [ -94.805531378999945, 16.237127997000073 ], [ -94.776356574999909, 16.226589260000083 ], [ -94.761504686999899, 16.203924872000073 ], [ -94.766957160999937, 16.19867584800005 ], [ -94.819121873999904, 16.213649807000081 ], [ -94.895878539999899, 16.211687975000075 ], [ -94.948699820999934, 16.201670728000067 ], [ -94.992787238999938, 16.196437893000052 ], [ -95.018140908999897, 16.19032119700006 ], [ -95.065335729999902, 16.183643968000069 ], [ -95.102807627999937, 16.184303123000063 ], [ -95.122933484999919, 16.188299959000062 ], [ -95.136118065999938, 16.188293215000044 ], [ -95.149301385999934, 16.186952031000089 ], [ -95.155542514999922, 16.181614325000055 ], [ -95.154150494999897, 16.175614735000067 ], [ -95.149288709999951, 16.168283994000092 ], [ -95.161040818999936, 16.163234768000052 ], [ -95.188142129999903, 16.167596119000052 ], [ -95.198547794999911, 16.158266672000082 ], [ -95.233247193999944, 16.158247691000042 ], [ -95.247114087999933, 16.147572352000054 ], [ -95.248487741999895, 16.13424154900008 ], [ -95.268605586999911, 16.128226753000092 ], [ -95.281093140999928, 16.118888206000065 ], [ -95.280387548999897, 16.10822509400009 ], [ -95.284549949999928, 16.104223394000087 ], [ -95.297689520999938, 16.101529043000085 ], [ -95.305366200999913, 16.093540603000065 ], [ -95.337289229999897, 16.088838327000076 ], [ -95.353262502999939, 16.079489701000057 ], [ -95.378234995999946, 16.04745414100006 ], [ -95.372648092999896, 16.027458212000056 ], [ -95.384439227999906, 16.021438772000067 ], [ -95.399182258999929, 16.008758581000052 ], [ -95.425523802999919, 15.99938792100005 ], [ -95.42826260399994, 15.98538790300006 ], [ -95.434478251999906, 15.975379910000072 ], [ -95.492779362999897, 15.974653980000085 ], [ -95.496893361999923, 15.965308182000058 ], [ -95.57236940599995, 15.957122053000091 ], [ -95.5813452189999, 15.945101371000078 ], [ -95.609050232999948, 15.941702055000064 ], [ -95.614561540999944, 15.92901896300009 ], [ -95.662313290999919, 15.911570435000044 ], [ -95.70588651199995, 15.908834483000078 ], [ -95.732953575999943, 15.903396902000054 ], [ -95.755127778999906, 15.89932060600006 ], [ -95.77102762699991, 15.890607046000071 ], [ -95.778631058999906, 15.884582315000046 ], [ -95.778582678999896, 15.87325596800008 ], [ -95.800760719999914, 15.870507959000065 ], [ -95.82291598799992, 15.86509581100006 ], [ -95.848052537999934, 15.858303127000056 ], [ -95.87896861899992, 15.850892682000051 ], [ -95.887940686999912, 15.843529704000048 ], [ -95.959882431999915, 15.827913833000082 ], [ -95.968150590999926, 15.817221044000064 ], [ -96.003400121999903, 15.80841233600006 ], [ -96.031042123999896, 15.792294053000091 ], [ -96.052484890999949, 15.787530963000052 ], [ -96.078590198999905, 15.770127250000087 ], [ -96.091187131999902, 15.768733495000049 ], [ -96.095971327999905, 15.762044132000085 ], [ -96.106312553999942, 15.757327305000047 ], [ -96.116742789999932, 15.761949731000072 ], [ -96.127741085999901, 15.752563212000041 ], [ -96.12553446599992, 15.737889486000086 ], [ -96.204232370999932, 15.703500897000083 ], [ -96.236636830999942, 15.683330152000053 ], [ -96.287152851999906, 15.685769673000038 ], [ -96.361867504999907, 15.683973606000052 ], [ -96.401373184999898, 15.691707698000073 ], [ -96.431141730999911, 15.695868231000077 ], [ -96.446522589999915, 15.68195221600007 ], [ -96.470307497999897, 15.672246618000088 ], [ -96.486128715999939, 15.660809074000042 ], [ -96.5048574139999, 15.658053971000072 ], [ -96.526314382999942, 15.659907124000085 ], [ -96.549185467999905, 15.664420499000073 ], [ -96.55603842599993, 15.659025170000064 ], [ -96.613621339999895, 15.679932849000068 ], [ -96.680974922999894, 15.709412911000072 ], [ -96.803694858999904, 15.731771397000045 ], [ -96.845122850999928, 15.732570705000057 ], [ -96.930671213999915, 15.78266532300006 ], [ -96.991757528999926, 15.800107763000085 ], [ -97.022281943999928, 15.807166939000069 ], [ -97.04949866599992, 15.828923939000049 ], [ -97.045376756999929, 15.832283450000091 ], [ -97.062264050999943, 15.859413507000056 ], [ -97.07609023099991, 15.856644955000093 ], [ -97.102541153999937, 15.869073149000087 ], [ -97.160674607999908, 15.90375397300005 ], [ -97.205849194999928, 15.919664577000049 ], [ -97.266024592999941, 15.935911607000037 ], [ -97.285191435999934, 15.935556649000091 ], [ -97.345481942999925, 15.945860377000088 ], [ -97.368564951999929, 15.934601375000057 ], [ -97.459244089999913, 15.945001337000065 ], [ -97.529702827999927, 15.968188437000038 ], [ -97.55742035399993, 15.962242746000072 ], [ -97.616093949999936, 15.975603551000063 ], [ -97.65998858699993, 15.97650324500006 ], [ -97.67306027199993, 15.96931770000009 ], [ -97.681743484999913, 15.962182608000091 ], [ -97.718410901999903, 15.968802364000055 ], [ -97.772718995999924, 15.979454108000084 ], [ -97.79187160999993, 15.987686380000071 ], [ -97.811135219999926, 16.002967181000088 ], [ -97.835723436999899, 16.010565497000073 ], [ -97.854579369999897, 16.025167667000062 ], [ -97.861215437999931, 16.028768941000067 ], [ -97.944400249999944, 16.087377194000055 ], [ -97.981299626999942, 16.109375319000037 ], [ -98.085235154999907, 16.165065822000088 ], [ -98.121612107999908, 16.176214911000045 ], [ -98.154164191999939, 16.190252997000073 ], [ -98.172149217999902, 16.209173895000049 ], [ -98.113189256999931, 16.192694403000075 ], [ -98.082142706999946, 16.189276434000078 ], [ -98.068470831999946, 16.202337958000044 ], [ -98.083363410999937, 16.200751044000071 ], [ -98.097320115999935, 16.210882880000042 ], [ -98.110747850999928, 16.218573309000078 ], [ -98.123768683999913, 16.209173895000049 ], [ -98.143788214999915, 16.217596747000073 ], [ -98.16470292899993, 16.222845770000049 ], [ -98.168324347999942, 16.229315497000073 ], [ -98.172718878999945, 16.233954169000071 ], [ -98.17837480399993, 16.236517645000049 ], [ -98.178212042999917, 16.234157619000086 ], [ -98.182972785999937, 16.229518947000088 ], [ -98.189930792999917, 16.22492096600007 ], [ -98.196400519999941, 16.222845770000049 ], [ -98.215931769999941, 16.224676825000074 ], [ -98.315785285999937, 16.255682684000078 ], [ -98.445301886999914, 16.278102932000081 ], [ -98.508595004999904, 16.300446737000073 ], [ -98.53177398999992, 16.309559652000075 ], [ -98.545399542999917, 16.312404690000051 ], [ -98.552847313999905, 16.314749629000062 ], [ -98.554547542999899, 16.318275247000088 ], [ -98.568244414999924, 16.323979112000075 ], [ -98.571179785999902, 16.327090746000067 ], [ -98.567460555999901, 16.327148308000062 ], [ -98.564624453999897, 16.33113674100008 ], [ -98.566401888999906, 16.340570369000091 ], [ -98.582427537999934, 16.360663153000075 ], [ -98.61921319399994, 16.391847196000072 ], [ -98.698072467999907, 16.461998859000062 ], [ -98.735298214999943, 16.513931644000081 ], [ -98.764287114999945, 16.543084413000088 ], [ -98.768151313999908, 16.550928893000048 ], [ -98.776898058999905, 16.555134748000057 ], [ -98.79134711599994, 16.554121449000036 ], [ -98.806269030999943, 16.557821620000084 ], [ -98.814039709999918, 16.553349463000075 ], [ -98.821644660999937, 16.55304596600007 ], [ -98.831281557999944, 16.549808405000078 ], [ -98.846194252999908, 16.546531306000077 ], [ -98.851854208999896, 16.539705171000037 ], [ -98.856550206999941, 16.528179282000053 ], [ -98.889293419999944, 16.535484448000091 ], [ -98.90698576199992, 16.534790358000066 ], [ -98.946452647999934, 16.550273600000082 ], [ -99.1438269329999, 16.61088711900004 ], [ -99.307145178999917, 16.652481739000052 ], [ -99.374260404999916, 16.667911476000086 ], [ -99.49452157099995, 16.68575399000008 ], [ -99.556974879999927, 16.687780124000085 ], [ -99.605395308999903, 16.682775244000084 ], [ -99.636062813999899, 16.690101417000051 ], [ -99.66328903099992, 16.698163701000055 ], [ -99.689150090999931, 16.706915963000085 ], [ -99.7412410149999, 16.730617580000057 ], [ -99.795277472999942, 16.771551825000074 ], [ -99.82141301799993, 16.789770186000055 ], [ -99.827611730999934, 16.788888455000063 ], [ -99.832891289999907, 16.782454270000073 ], [ -99.843825000999914, 16.78595806900006 ], [ -99.847892758999933, 16.791790722000087 ], [ -99.85810433499995, 16.796028715000091 ], [ -99.849642660999905, 16.799939412000072 ], [ -99.838982034999901, 16.794618364000087 ], [ -99.835699822999914, 16.80210926500007 ], [ -99.840520416999937, 16.808701072000076 ], [ -99.847130241999935, 16.810049294000066 ], [ -99.852910291999933, 16.806565530000057 ], [ -99.861515914999927, 16.808606356000041 ], [ -99.869291165999925, 16.80843283300004 ], [ -99.876834735999921, 16.815336284000068 ], [ -99.870281293999938, 16.817714814000055 ], [ -99.8685120049999, 16.82593727200009 ], [ -99.862489470999947, 16.834621616000049 ], [ -99.85782166599995, 16.83398408000005 ], [ -99.851663420999898, 16.836352505000036 ], [ -99.851033988999916, 16.843053937000036 ], [ -99.85819155799993, 16.851424915000052 ], [ -99.866800734999913, 16.855672410000068 ], [ -99.881265123999924, 16.858709820000058 ], [ -99.89750498199993, 16.852803559000051 ], [ -99.90790934499995, 16.846269453000048 ], [ -99.906202971999903, 16.838501547000078 ], [ -99.896900221999942, 16.841306215000088 ], [ -99.891367815999899, 16.837338493000061 ], [ -99.899735077999935, 16.828595782000036 ], [ -99.913706368999897, 16.827166601000044 ], [ -99.920102220999922, 16.834095778000062 ], [ -99.925037445999919, 16.855864266000083 ], [ -99.93235311299992, 16.86023018800006 ], [ -99.956233715999929, 16.883125817000064 ], [ -99.959445682999899, 16.892660810000052 ], [ -99.991686316999903, 16.909736688000066 ], [ -100.065451778999943, 16.934835953000061 ], [ -100.115224320999914, 16.948197401000073 ], [ -100.166912766999928, 16.967076057000043 ], [ -100.235244481999928, 16.991130335000037 ], [ -100.31981299499995, 17.022618451000085 ], [ -100.564604030999931, 17.105274782000038 ], [ -100.653065558999913, 17.134059963000084 ], [ -100.713182240999913, 17.152105807000055 ], [ -100.780018683999913, 17.180446682000081 ], [ -100.833892381999931, 17.19875722900008 ], [ -100.900030659999913, 17.217139055000075 ], [ -100.955613702999926, 17.236859073000062 ], [ -101.008239833999937, 17.252975908000053 ], [ -101.042814466999914, 17.270202205000089 ], [ -101.059028658999921, 17.264237103000085 ], [ -101.065104986999927, 17.276008235000063 ], [ -101.053698969999914, 17.282743480000079 ], [ -101.055083787999934, 17.302639065000051 ], [ -101.07332806799991, 17.320846334000066 ], [ -101.105081975999894, 17.350309737000089 ], [ -101.171820129999901, 17.389791402000071 ], [ -101.182245177999903, 17.412536007000085 ], [ -101.263091600999928, 17.456203518000052 ], [ -101.346428524999908, 17.485192260000076 ], [ -101.393764353999927, 17.506277118000071 ], [ -101.455773482999916, 17.526338059000068 ], [ -101.456838236999943, 17.53735030200005 ], [ -101.443189283999914, 17.539348579000091 ], [ -101.440703904999907, 17.557155666000085 ], [ -101.448669892999931, 17.570327239000051 ], [ -101.458140201999925, 17.583342949000041 ], [ -101.496490838999932, 17.614406361000079 ], [ -101.525866466999901, 17.618392867000068 ], [ -101.55314003399991, 17.611375722000048 ], [ -101.557319554999935, 17.625390196000069 ], [ -101.569897574999914, 17.62538393300008 ], [ -101.579347770999902, 17.636367233000044 ], [ -101.595127523999906, 17.635342863000062 ], [ -101.599337254999909, 17.653338538000071 ], [ -101.615086737999945, 17.660323159000086 ], [ -101.644487155999911, 17.668293558000073 ], [ -101.6476665429999, 17.70528382100008 ], [ -101.671889515999908, 17.740270089000092 ], [ -101.69819797699995, 17.757255543000042 ], [ -101.745539772999905, 17.792204006000077 ], [ -101.756337042999917, 17.816839911000045 ], [ -101.770910540999921, 17.829232578000074 ], [ -101.773027287999923, 17.848224967000078 ], [ -101.811061034999909, 17.890259920000062 ], [ -101.856183628999929, 17.909494918000064 ], [ -101.870911746999923, 17.915455892000068 ], [ -101.9319627779999, 17.950341514000058 ], [ -101.989877479999905, 17.974750847000053 ], [ -102.036732550999943, 17.990668036000045 ], [ -102.100477197999908, 17.982327023000039 ], [ -102.10987181999991, 17.965296239000054 ], [ -102.129799442999911, 17.951220542000044 ], [ -102.145492583999896, 17.934168580000062 ], [ -102.162280396999904, 17.925101619000088 ], [ -102.175915216999897, 17.917046981000055 ], [ -102.190628782999909, 17.915988111000047 ], [ -102.229592779999905, 17.93283249600006 ], [ -102.288590772999896, 17.961586612000076 ], [ -102.420765753999945, 17.997992255000042 ], [ -102.475081777999947, 18.01777694000009 ], [ -102.514033286999904, 18.020574393000061 ], [ -102.597246635999909, 18.049051098000064 ], [ -102.691273566999939, 18.056708075000074 ], [ -102.742298956999946, 18.066961981000077 ], [ -102.879424607999908, 18.122137762000079 ], [ -102.973156750999919, 18.166219266000041 ], [ -103.0244441399999, 18.185817776000079 ], [ -103.059731178999925, 18.187544996000042 ], [ -103.113468559999944, 18.192098239000074 ], [ -103.125223007999921, 18.206007525000075 ], [ -103.140939685999911, 18.201865421000036 ], [ -103.221245369999906, 18.234141987000044 ], [ -103.239116902999911, 18.231980999000086 ], [ -103.291900170999895, 18.249476381000079 ], [ -103.308735473999945, 18.259273287000042 ], [ -103.343666994999921, 18.270956281000053 ], [ -103.36164018799991, 18.26682016400008 ], [ -103.379681483999946, 18.278645593000078 ], [ -103.424161771999934, 18.303190434000044 ], [ -103.498399655999947, 18.333482650000064 ], [ -103.523140580999893, 18.37623900400007 ], [ -103.575103318999936, 18.492254950000074 ], [ -103.610951300999943, 18.531154690000051 ], [ -103.619252081999946, 18.536932684000078 ], [ -103.629025162999937, 18.547985243000085 ], [ -103.644016228999931, 18.558888698000089 ], [ -103.662171474999923, 18.570743295000057 ], [ -103.693041489999928, 18.588434127000085 ], [ -103.706736842999931, 18.591220790000079 ], [ -103.710019870999929, 18.601175565000062 ], [ -103.686228437999944, 18.628552100000036 ], [ -103.700174578999906, 18.654327414000079 ], [ -103.734350684999924, 18.682946300000083 ], [ -103.794276920999948, 18.741248337000059 ], [ -103.953177503999939, 18.84927311000007 ], [ -103.979977026999904, 18.874937644000056 ], [ -104.0, 18.884583354554067 ], [ -104.0, 26.0 ], [ -97.615998678560345, 26.0 ], [ -97.61305517699995, 25.995985413000071 ], [ -97.604786946999923, 25.97996571900002 ], [ -97.594322468999877, 25.966374818000119 ], [ -97.565176961999867, 25.954747620000049 ], [ -97.520270141999845, 25.912786357000059 ], [ -97.502209228999845, 25.90188263 ], [ -97.486318725999922, 25.895733134000025 ], [ -97.469420532999919, 25.89294260700008 ], [ -97.448259032999971, 25.892322490000097 ], [ -97.441308553999903, 25.884932760000098 ], [ -97.435727498999967, 25.869274801000032 ], [ -97.425418050999866, 25.854857076000101 ], [ -97.404179036999892, 25.85139475600009 ], [ -97.399889892999937, 25.855115459000089 ], [ -97.399476481999926, 25.861161601000035 ], [ -97.397822835999875, 25.86581248 ], [ -97.389890503999908, 25.865657451000047 ], [ -97.383120890999891, 25.860541484000052 ], [ -97.380123657999974, 25.853203431000068 ], [ -97.376015381999935, 25.846743877 ], [ -97.365990152999927, 25.843901673000047 ], [ -97.34573299199991, 25.852221578000112 ], [ -97.345164550999868, 25.871703593000106 ], [ -97.352270060999899, 25.894492899000099 ], [ -97.355112263999871, 25.912786357000059 ], [ -97.351107340999874, 25.918419088000078 ], [ -97.328447224999934, 25.933301900000046 ], [ -97.31098059099989, 25.92208811400009 ], [ -97.28764868199994, 25.928651021000078 ], [ -97.269200194999939, 25.944360657000047 ], [ -97.266357991999939, 25.960638733000067 ], [ -97.253051309999933, 25.963480937000028 ], [ -97.204940551999869, 25.960638733000067 ], [ -97.139271613999938, 25.965806382000039 ], [ -97.167469855999911, 25.828599351000037 ], [ -97.157338019999941, 25.789536851000037 ], [ -97.164458787999934, 25.769517320000091 ], [ -97.165150519999941, 25.723334052000041 ], [ -97.174427863999938, 25.704169012000079 ], [ -97.186268683999913, 25.68695709800005 ], [ -97.198150193999936, 25.646673895000049 ], [ -97.261545376999948, 25.49945709800005 ], [ -97.319447394999941, 25.389960028000075 ], [ -97.458973761999914, 25.179388739000046 ], [ -97.651437954999949, 24.515855210000041 ], [ -97.707997199999909, 24.083889065000051 ], [ -97.711740688999896, 24.04913971600007 ], [ -97.716664191999939, 24.00812409100007 ], [ -97.725209113999938, 23.805650132000039 ], [ -97.733306443999936, 23.788397528000075 ], [ -97.750965949999909, 23.781927802000041 ], [ -97.822092251999948, 23.788397528000075 ], [ -97.822092251999948, 23.782212632000039 ], [ -97.794422980999911, 23.782619533000059 ], [ -97.772857225999928, 23.780096747000073 ], [ -97.758859829999949, 23.769029039000088 ], [ -97.753814256999931, 23.743719794000071 ], [ -97.760609503999945, 23.651922919000071 ], [ -97.753814256999931, 23.651922919000071 ], [ -97.746937628999945, 23.67914459800005 ], [ -97.742095506999931, 23.745184637000079 ], [ -97.733306443999936, 23.774807033000059 ], [ -97.722238735999895, 23.739325262000079 ], [ -97.741810675999943, 23.536363023000035 ], [ -97.75812740799995, 23.440375067000048 ], [ -97.768544074999909, 23.26007721600007 ], [ -97.742339647999927, 22.972072658000059 ], [ -97.753814256999931, 22.849310614000046 ], [ -97.752674933999913, 22.907049872000073 ], [ -97.753895636999914, 22.923244533000059 ], [ -97.764475063999896, 22.912014065000051 ], [ -97.794789191999939, 22.808335679000038 ], [ -97.802398240999935, 22.793768622000073 ], [ -97.835764126999948, 22.76117584800005 ], [ -97.839019334999932, 22.753729559000078 ], [ -97.838246222999942, 22.73969147300005 ], [ -97.843169725999928, 22.733303127000056 ], [ -97.849964972999942, 22.732367255000042 ], [ -97.876698370999918, 22.739447333000044 ], [ -97.857411261999914, 22.718573309000078 ], [ -97.855051235999895, 22.698553778000075 ], [ -97.889393683999913, 22.625433661000045 ], [ -97.89321855399993, 22.610256252000056 ], [ -97.890980597999942, 22.596096096000053 ], [ -97.881988084999932, 22.587876695000091 ], [ -97.870106574999909, 22.587713934000078 ], [ -97.858387824999909, 22.593451239000046 ], [ -97.850005662999934, 22.602932033000059 ], [ -97.849273240999935, 22.613226630000042 ], [ -97.853342251999948, 22.643947658000059 ], [ -97.850005662999934, 22.657538153000075 ], [ -97.839955206999946, 22.670314846000053 ], [ -97.83429928299995, 22.669745184000078 ], [ -97.831369594999899, 22.659735419000071 ], [ -97.829579230999911, 22.643866278000075 ], [ -97.830067511999914, 22.616400458000044 ], [ -97.850005662999934, 22.53461334800005 ], [ -97.820057745999918, 22.433294989000046 ], [ -97.822092251999948, 22.404282945000091 ], [ -97.817779100999928, 22.390692450000074 ], [ -97.809071417999917, 22.340318101000037 ], [ -97.80532792899993, 22.329169012000079 ], [ -97.799224412999934, 22.318833726000037 ], [ -97.774281378999945, 22.253485419000071 ], [ -97.771351691999939, 22.131659247000073 ], [ -97.760609503999945, 22.095851955000057 ], [ -97.610463019999941, 21.835760809000078 ], [ -97.50812740799995, 21.722805080000057 ], [ -97.489979620999918, 21.712836005000042 ], [ -97.435292120999918, 21.665350653000075 ], [ -97.424875454999949, 21.661037502000056 ], [ -97.413807745999918, 21.646714585000041 ], [ -97.342274542999917, 21.60297272300005 ], [ -97.316232876999948, 21.560939846000053 ], [ -97.319162563999896, 21.51984284100007 ], [ -97.333607550999943, 21.478338934000078 ], [ -97.342274542999917, 21.435126044000071 ], [ -97.34788977799991, 21.417914130000042 ], [ -97.375843878999945, 21.373277085000041 ], [ -97.387318488999938, 21.359361070000091 ], [ -97.398182745999918, 21.341620184000078 ], [ -97.404204881999931, 21.318915106000077 ], [ -97.411203579999949, 21.273382880000042 ], [ -97.41860917899993, 21.273382880000042 ], [ -97.431711391999897, 21.342271226000037 ], [ -97.456125454999949, 21.392279364000046 ], [ -97.463775193999936, 21.424017645000049 ], [ -97.471547003999945, 21.430731512000079 ], [ -97.472238735999895, 21.43781159100007 ], [ -97.455637173999946, 21.455267645000049 ], [ -97.439808722999942, 21.466620184000078 ], [ -97.419422980999911, 21.476752020000049 ], [ -97.400868292999917, 21.480536200000074 ], [ -97.390736456999946, 21.472642320000091 ], [ -97.380482550999943, 21.489203192000048 ], [ -97.374256964999915, 21.504299221000053 ], [ -97.371083136999914, 21.51984284100007 ], [ -97.370228644999941, 21.537502346000053 ], [ -97.378977016999897, 21.554348049000055 ], [ -97.399240688999896, 21.57062409100007 ], [ -97.438547329999949, 21.595526434000078 ], [ -97.486887173999946, 21.636419989000046 ], [ -97.501616990999935, 21.660549221000053 ], [ -97.555816209999932, 21.712836005000042 ], [ -97.602040167999917, 21.777044989000046 ], [ -97.625070766999897, 21.794419664000088 ], [ -97.630279100999928, 21.804388739000046 ], [ -97.630970831999946, 21.816839911000045 ], [ -97.647613084999932, 21.884344794000071 ], [ -97.65884355399993, 21.907456773000035 ], [ -97.685902472999942, 21.924505927000041 ], [ -97.767567511999914, 22.063788153000075 ], [ -97.781117316999939, 22.095851955000057 ], [ -97.777007615999935, 22.073065497000073 ], [ -97.760121222999942, 22.036851304000038 ], [ -97.751454230999911, 22.02570221600007 ], [ -97.744292772999927, 22.006415106000077 ], [ -97.719715949999909, 21.95180898600006 ], [ -97.712635870999918, 21.910956122000073 ], [ -97.708363410999937, 21.827460028000075 ], [ -97.68814042899993, 21.760809637000079 ], [ -97.672596808999913, 21.675279039000088 ], [ -97.657582160999937, 21.636542059000078 ], [ -97.577626105999911, 21.501044012000079 ], [ -97.562001105999911, 21.485663153000075 ], [ -97.545643683999913, 21.477362372000073 ], [ -97.530669725999928, 21.476263739000046 ], [ -97.516102667999917, 21.481838283000059 ], [ -97.500599738999938, 21.493109442000048 ], [ -97.489409959999932, 21.48078034100007 ], [ -97.490712042999917, 21.462144273000035 ], [ -97.500599738999938, 21.421087958000044 ], [ -97.496815558999913, 21.400620835000041 ], [ -97.429514126999948, 21.271673895000049 ], [ -97.428293423999946, 21.26040273600006 ], [ -97.412505662999934, 21.255194403000075 ], [ -97.404896613999938, 21.241888739000046 ], [ -97.397531704999949, 21.205145575000074 ], [ -97.338042772999927, 21.05499909100007 ], [ -97.268137173999946, 20.927883205000057 ], [ -97.197173631999931, 20.810207424000055 ], [ -97.187001105999911, 20.77680084800005 ], [ -97.177845831999946, 20.759466864000046 ], [ -97.18814042899993, 20.751776434000078 ], [ -97.198312954999949, 20.738959052000041 ], [ -97.150542772999927, 20.647040106000077 ], [ -97.034413214999915, 20.514553127000056 ], [ -97.00031490799995, 20.485744533000059 ], [ -96.959868943999936, 20.464829820000091 ], [ -96.940337693999936, 20.449164130000042 ], [ -96.925648566999939, 20.410345770000049 ], [ -96.910878058999913, 20.392808335000041 ], [ -96.883615688999896, 20.368475653000075 ], [ -96.814808722999942, 20.290432033000059 ], [ -96.753285285999937, 20.240790106000077 ], [ -96.734283006999931, 20.22101471600007 ], [ -96.721547003999945, 20.192694403000075 ], [ -96.71157792899993, 20.182440497000073 ], [ -96.701161261999914, 20.173976955000057 ], [ -96.695220506999931, 20.170477606000077 ], [ -96.684437628999945, 20.16673411700009 ], [ -96.67601477799991, 20.157863674000055 ], [ -96.641102667999917, 20.10024648600006 ], [ -96.575103318999936, 20.026434637000079 ], [ -96.509877081999946, 19.929754950000074 ], [ -96.456125454999949, 19.868801174000055 ], [ -96.44009355399993, 19.837713934000078 ], [ -96.405140753999945, 19.741848049000055 ], [ -96.393666144999941, 19.654120184000078 ], [ -96.36001542899993, 19.536851304000038 ], [ -96.349232550999943, 19.519354559000078 ], [ -96.315500454999949, 19.482245184000078 ], [ -96.310292120999918, 19.462958075000074 ], [ -96.320708787999934, 19.438828843000067 ], [ -96.319162563999896, 19.424709377000056 ], [ -96.304798956999946, 19.391994533000059 ], [ -96.298451300999943, 19.35415273600006 ], [ -96.290353969999899, 19.332586981000077 ], [ -96.278309699999909, 19.314601955000057 ], [ -96.254505988999938, 19.301459052000041 ], [ -96.171620245999918, 19.234116929000038 ], [ -96.157378709999932, 19.225165106000077 ], [ -96.131947394999941, 19.235907294000071 ], [ -96.122141079999949, 19.222072658000059 ], [ -96.118723110999895, 19.198472398000035 ], [ -96.112416144999941, 19.180121161000045 ], [ -96.102894660999937, 19.165838934000078 ], [ -96.088490363999938, 19.115301825000074 ], [ -96.077381964999915, 19.096096096000053 ], [ -96.061431443999936, 19.078517971000053 ], [ -96.04124915299991, 19.065659898000035 ], [ -96.017160610999895, 19.060614325000074 ], [ -95.991200324999909, 19.061021226000037 ], [ -95.977162238999938, 19.058254299000055 ], [ -95.970326300999943, 19.046087958000044 ], [ -95.956288214999915, 18.975816148000035 ], [ -95.941761847999942, 18.938950914000088 ], [ -95.923695441999939, 18.90766022300005 ], [ -95.903553839999915, 18.881903387000079 ], [ -95.867746548999946, 18.849107164000088 ], [ -95.844349738999938, 18.833400783000059 ], [ -95.824370897999927, 18.826646226000037 ], [ -95.808257615999935, 18.82453034100007 ], [ -95.786040818999936, 18.818833726000037 ], [ -95.765207485999895, 18.810451565000051 ], [ -95.752756313999896, 18.799994208000044 ], [ -95.751210089999915, 18.792792059000078 ], [ -95.752756313999896, 18.765814520000049 ], [ -95.777902798999946, 18.778509833000044 ], [ -95.824574347999942, 18.813299872000073 ], [ -95.879505988999938, 18.828517971000053 ], [ -95.914784308999913, 18.862494208000044 ], [ -95.937652147999927, 18.868231512000079 ], [ -95.958851691999939, 18.856390692000048 ], [ -95.936512824999909, 18.838364976000037 ], [ -95.900990363999938, 18.822333075000074 ], [ -95.882435675999943, 18.81704336100006 ], [ -95.872914191999939, 18.798773505000042 ], [ -95.850697394999941, 18.779852606000077 ], [ -95.807362433999913, 18.752142645000049 ], [ -95.807362433999913, 18.744696356000077 ], [ -95.824208136999914, 18.745266018000052 ], [ -95.851307745999918, 18.75617096600007 ], [ -95.866322394999941, 18.758978583000044 ], [ -95.877308722999942, 18.752386786000045 ], [ -95.873036261999914, 18.737860419000071 ], [ -95.861887173999946, 18.72337474200009 ], [ -95.852040167999917, 18.716782945000091 ], [ -95.835845506999931, 18.717596747000073 ], [ -95.824330206999946, 18.720119533000059 ], [ -95.801136847999942, 18.731024481000077 ], [ -95.797759568999936, 18.735052802000041 ], [ -95.79718990799995, 18.739488023000035 ], [ -95.794178839999915, 18.743231512000079 ], [ -95.78343665299991, 18.744696356000077 ], [ -95.774728969999899, 18.744045315000051 ], [ -95.669300910999937, 18.714341539000088 ], [ -95.646880662999934, 18.710598049000055 ], [ -95.628407355999911, 18.700344143000052 ], [ -95.606434699999909, 18.681057033000059 ], [ -95.585031704999949, 18.669663804000038 ], [ -95.568348761999914, 18.683294989000046 ], [ -95.608265753999945, 18.70766836100006 ], [ -95.674305792999917, 18.729396877000056 ], [ -95.728382941999939, 18.757228908000059 ], [ -95.732818162999934, 18.799994208000044 ], [ -95.664173956999946, 18.751044012000079 ], [ -95.583607550999943, 18.721665757000039 ], [ -95.495187954999949, 18.70734284100007 ], [ -95.364735480999911, 18.703273830000057 ], [ -95.275257941999939, 18.709906317000048 ], [ -95.208363410999937, 18.708644924000055 ], [ -95.190052863999938, 18.705145575000074 ], [ -95.173003709999932, 18.69672272300005 ], [ -95.138091600999928, 18.667059637000079 ], [ -95.05142167899993, 18.612250067000048 ], [ -95.038400844999899, 18.59796784100007 ], [ -95.033314581999946, 18.577134507000039 ], [ -95.024240688999896, 18.564032294000071 ], [ -95.002552863999938, 18.55540599200009 ], [ -94.871937628999945, 18.535834052000041 ], [ -94.855051235999895, 18.527899481000077 ], [ -94.807850714999915, 18.523627020000049 ], [ -94.786936001999948, 18.511948960000041 ], [ -94.769195115999935, 18.483343817000048 ], [ -94.73859615799995, 18.406805731000077 ], [ -94.718006964999915, 18.374823309000078 ], [ -94.652740037999934, 18.313788153000075 ], [ -94.628285285999937, 18.285345770000049 ], [ -94.580881313999896, 18.189846096000053 ], [ -94.575021938999896, 18.188299872000073 ], [ -94.543324347999942, 18.166205145000049 ], [ -94.530873175999943, 18.160630601000037 ], [ -94.50023352799991, 18.157619533000059 ], [ -94.466949022999927, 18.144232489000046 ], [ -94.438465949999909, 18.14720286700009 ], [ -94.410064256999931, 18.153550523000092 ], [ -94.388417120999918, 18.15570709800005 ], [ -94.35415605399993, 18.168524481000077 ], [ -94.207142706999946, 18.189642645000049 ], [ -94.134877081999946, 18.207993882000039 ], [ -94.11164303299995, 18.220851955000057 ], [ -94.084584113999938, 18.232245184000078 ], [ -94.007801886999914, 18.248439846000053 ], [ -93.991810675999943, 18.262152411000045 ], [ -93.972564256999931, 18.27212148600006 ], [ -93.861480272999927, 18.306545315000051 ], [ -93.868316209999932, 18.295803127000056 ], [ -93.877512173999946, 18.286525783000059 ], [ -93.88540605399993, 18.276068427000041 ], [ -93.888783331999946, 18.262152411000045 ], [ -93.878285285999937, 18.256903387000079 ], [ -93.798207160999937, 18.267482815000051 ], [ -93.781117316999939, 18.272772528000075 ], [ -93.767445441999939, 18.281195380000042 ], [ -93.759103969999899, 18.292222398000092 ], [ -93.758859829999949, 18.30149974200009 ], [ -93.763498501999948, 18.308254299000055 ], [ -93.766753709999932, 18.314846096000053 ], [ -93.762521938999896, 18.323919989000046 ], [ -93.75617428299995, 18.329291083000044 ], [ -93.744007941999939, 18.336004950000074 ], [ -93.73859615799995, 18.340643622000073 ], [ -93.725209113999938, 18.337103583000044 ], [ -93.710601365999935, 18.339585679000038 ], [ -93.696400519999941, 18.346177476000037 ], [ -93.683949347999942, 18.35492584800005 ], [ -93.677561001999948, 18.336411851000037 ], [ -93.657215949999909, 18.333319403000075 ], [ -93.592844204999949, 18.344956773000092 ], [ -93.581206834999932, 18.356268622000073 ], [ -93.56663977799991, 18.389064846000053 ], [ -93.57640540299991, 18.411851304000038 ], [ -93.58031165299991, 18.41632721600007 ], [ -93.588734503999945, 18.415350653000075 ], [ -93.602609829999949, 18.411037502000056 ], [ -93.61554928299995, 18.404974677000041 ], [ -93.621245897999927, 18.398993231000077 ], [ -93.632679816999939, 18.390448309000078 ], [ -93.703846808999913, 18.36859772300005 ], [ -93.710072394999941, 18.363348700000074 ], [ -93.718739386999914, 18.35187409100007 ], [ -93.72492428299995, 18.347479559000078 ], [ -93.769032355999911, 18.340643622000073 ], [ -93.803456183999913, 18.317084052000041 ], [ -93.814116990999935, 18.312079169000071 ], [ -93.825428839999915, 18.311468817000048 ], [ -93.836822068999936, 18.30931224200009 ], [ -93.847808397999927, 18.299709377000056 ], [ -93.839588995999918, 18.318548895000049 ], [ -93.820790167999917, 18.327541408000059 ], [ -93.801869269999941, 18.333685614000046 ], [ -93.79320227799991, 18.34406159100007 ], [ -93.781971808999913, 18.35297272300005 ], [ -93.596669074999909, 18.419907945000091 ], [ -93.552357550999943, 18.429388739000046 ], [ -93.444691535999937, 18.441799221000053 ], [ -93.305531378999945, 18.437933661000045 ], [ -93.155751105999911, 18.443060614000046 ], [ -93.155751105999911, 18.436835028000075 ], [ -93.165679490999935, 18.421535549000055 ], [ -93.173085089999915, 18.413641669000071 ], [ -93.183094855999911, 18.40892161700009 ], [ -93.17837480399993, 18.400376695000091 ], [ -93.17642167899993, 18.37767161700009 ], [ -93.170033331999946, 18.36859772300005 ], [ -93.16047115799995, 18.368963934000078 ], [ -93.145253058999913, 18.37445709800005 ], [ -93.130360480999911, 18.382228908000059 ], [ -93.121652798999946, 18.389064846000053 ], [ -93.122547980999911, 18.373968817000048 ], [ -93.133859829999949, 18.354885158000059 ], [ -93.135324673999946, 18.340643622000073 ], [ -93.128488735999895, 18.340643622000073 ], [ -93.114125128999945, 18.36163971600007 ], [ -93.107329881999931, 18.36859772300005 ], [ -93.114816860999895, 18.374823309000078 ], [ -93.094797329999949, 18.378119208000044 ], [ -93.088368292999917, 18.392767645000049 ], [ -93.09593665299991, 18.408880927000041 ], [ -93.118234829999949, 18.41632721600007 ], [ -93.139393683999913, 18.42023346600007 ], [ -93.137603318999936, 18.428859768000052 ], [ -93.121937628999945, 18.437933661000045 ], [ -93.101144985999895, 18.443060614000046 ], [ -92.939769649999903, 18.445740928000077 ], [ -92.85573099599992, 18.466046608000056 ], [ -92.806789426999899, 18.494094085000086 ], [ -92.759307393999904, 18.536672417000091 ], [ -92.738392706999946, 18.564195054000038 ], [ -92.730580206999946, 18.577134507000039 ], [ -92.726307745999918, 18.587632554000038 ], [ -92.716908331999946, 18.592189846000053 ], [ -92.707508917999917, 18.590887762000079 ], [ -92.703277147999927, 18.58429596600007 ], [ -92.690256313999896, 18.552923895000049 ], [ -92.682199673999946, 18.455959377000056 ], [ -92.669097459999932, 18.429388739000046 ], [ -92.662261522999927, 18.45734284100007 ], [ -92.670277472999942, 18.472845770000049 ], [ -92.669422980999911, 18.494208075000074 ], [ -92.662261522999927, 18.535834052000041 ], [ -92.668365037999934, 18.556545315000051 ], [ -92.692982550999943, 18.602525132000039 ], [ -92.695871548999946, 18.615627346000053 ], [ -92.681019660999937, 18.622870184000078 ], [ -92.656320766999897, 18.624253648000092 ], [ -92.610829230999911, 18.62181224200009 ], [ -92.588978644999941, 18.624904690000051 ], [ -92.48614402599992, 18.648482672000057 ], [ -92.405140413999902, 18.671062566000046 ], [ -92.292713995999918, 18.676825262000079 ], [ -92.186756964999915, 18.686224677000041 ], [ -92.060132643999907, 18.701617217000091 ], [ -91.979308766999907, 18.698430251000048 ], [ -91.948060072999908, 18.691224950000048 ], [ -91.920806443999936, 18.661932684000078 ], [ -91.866932745999918, 18.62836334800005 ], [ -91.860422329999949, 18.62181224200009 ], [ -91.860422329999949, 18.609808661000045 ], [ -91.866566535999937, 18.59837474200009 ], [ -91.876616990999935, 18.59015534100007 ], [ -91.888295050999943, 18.587632554000038 ], [ -91.883656378999945, 18.594305731000077 ], [ -91.880848761999914, 18.601304429000038 ], [ -91.892648891999897, 18.596625067000048 ], [ -91.905100063999896, 18.594427802000041 ], [ -91.932362433999913, 18.593898830000057 ], [ -91.942534959999932, 18.59837474200009 ], [ -91.940663214999915, 18.608872789000088 ], [ -91.937245245999918, 18.62055084800005 ], [ -91.942941860999895, 18.628648179000038 ], [ -91.950184699999909, 18.62954336100006 ], [ -91.956288214999915, 18.627386786000045 ], [ -91.976063605999911, 18.611558335000041 ], [ -91.98070227799991, 18.611273505000042 ], [ -91.985340949999909, 18.613836981000077 ], [ -91.99445553299995, 18.615627346000053 ], [ -92.008208787999934, 18.612982489000046 ], [ -92.011382615999935, 18.607367255000042 ], [ -92.005034959999932, 18.602362372000073 ], [ -91.990712042999917, 18.601304429000038 ], [ -91.990712042999917, 18.593898830000057 ], [ -92.003570115999935, 18.590236721000053 ], [ -92.016468878999945, 18.589667059000078 ], [ -92.028472459999932, 18.593085028000075 ], [ -92.039133266999897, 18.601304429000038 ], [ -92.03538977799991, 18.586737372000073 ], [ -92.031646287999934, 18.58079661700009 ], [ -92.039906378999945, 18.574204820000091 ], [ -92.046009894999941, 18.566636460000041 ], [ -92.050160285999937, 18.557603257000039 ], [ -92.052805141999897, 18.546698309000078 ], [ -92.047759568999936, 18.550726630000042 ], [ -92.031646287999934, 18.560370184000078 ], [ -92.013742641999897, 18.54633209800005 ], [ -92.003895636999914, 18.54173411700009 ], [ -91.990712042999917, 18.539252020000049 ], [ -91.968617316999939, 18.545721747000073 ], [ -91.955189581999946, 18.547674872000073 ], [ -91.949126756999931, 18.543036200000074 ], [ -91.942616339999915, 18.529974677000041 ], [ -91.926625128999945, 18.51829661700009 ], [ -91.906727667999917, 18.509711005000042 ], [ -91.888295050999943, 18.505764065000051 ], [ -91.915028449999909, 18.525580145000049 ], [ -91.942982550999943, 18.541978257000039 ], [ -91.964182094999899, 18.562323309000078 ], [ -91.970285610999895, 18.593898830000057 ], [ -91.950062628999945, 18.58429596600007 ], [ -91.938832160999937, 18.575262762000079 ], [ -91.926258917999917, 18.572333075000074 ], [ -91.901966925999943, 18.58079661700009 ], [ -91.915028449999909, 18.560370184000078 ], [ -91.901356574999909, 18.555731512000079 ], [ -91.888172980999911, 18.548163153000075 ], [ -91.878163214999915, 18.537990627000056 ], [ -91.874012824999909, 18.525580145000049 ], [ -91.888295050999943, 18.532416083000044 ], [ -91.890044725999928, 18.525458075000074 ], [ -91.894520636999914, 18.525580145000049 ], [ -91.876942511999914, 18.51439036700009 ], [ -91.837228969999899, 18.503241278000075 ], [ -91.826283331999946, 18.491441148000092 ], [ -91.829090949999909, 18.47728099200009 ], [ -91.854237433999913, 18.448309637000079 ], [ -91.860422329999949, 18.433172919000071 ], [ -91.852284308999913, 18.420152085000041 ], [ -91.833973761999914, 18.402777411000045 ], [ -91.814279751999948, 18.388657945000091 ], [ -91.802072719999899, 18.385646877000056 ], [ -91.792347785999937, 18.401556708000044 ], [ -91.796498175999943, 18.415920315000051 ], [ -91.806019660999937, 18.431219794000071 ], [ -91.812611456999946, 18.450506903000075 ], [ -91.804432745999918, 18.442206122000073 ], [ -91.794545050999943, 18.437323309000078 ], [ -91.78343665299991, 18.435614325000074 ], [ -91.771595831999946, 18.436835028000075 ], [ -91.782093878999945, 18.450140692000048 ], [ -91.796498175999943, 18.462632554000038 ], [ -91.805165167999917, 18.475897528000075 ], [ -91.798329230999911, 18.491441148000092 ], [ -91.772816535999937, 18.478501695000091 ], [ -91.711740688999896, 18.462795315000051 ], [ -91.682240363999938, 18.450506903000075 ], [ -91.663563605999911, 18.456203518000052 ], [ -91.618153449999909, 18.445257880000042 ], [ -91.592884894999941, 18.443060614000046 ], [ -91.544422980999911, 18.449164130000042 ], [ -91.521311001999948, 18.455064195000091 ], [ -91.504058397999927, 18.464178778000075 ], [ -91.50259355399993, 18.449693101000037 ], [ -91.495838995999918, 18.439601955000057 ], [ -91.486480272999927, 18.436428127000056 ], [ -91.477406378999945, 18.443060614000046 ], [ -91.475412563999896, 18.454657294000071 ], [ -91.482492641999897, 18.48468659100007 ], [ -91.483631964999915, 18.498277085000041 ], [ -91.49046790299991, 18.498277085000041 ], [ -91.492014126999948, 18.492865302000041 ], [ -91.495838995999918, 18.485174872000073 ], [ -91.497303839999915, 18.477769273000092 ], [ -91.50804602799991, 18.47719961100006 ], [ -91.534047003999945, 18.465806382000039 ], [ -91.538889126999948, 18.47101471600007 ], [ -91.534047003999945, 18.480861721000053 ], [ -91.511626756999931, 18.505275783000059 ], [ -91.504058397999927, 18.511948960000041 ], [ -91.480458136999914, 18.524318752000056 ], [ -91.423817511999914, 18.544338283000059 ], [ -91.394886847999942, 18.560370184000078 ], [ -91.379302537999934, 18.554836330000057 ], [ -91.36164303299995, 18.558010158000059 ], [ -91.345041469999899, 18.565619208000044 ], [ -91.332834438999896, 18.573431708000044 ], [ -91.324086066999939, 18.58429596600007 ], [ -91.307240363999938, 18.615383205000057 ], [ -91.301747199999909, 18.62181224200009 ], [ -91.26821855399993, 18.619126695000091 ], [ -91.251332160999937, 18.619696356000077 ], [ -91.244007941999939, 18.625189520000049 ], [ -91.236154751999948, 18.63540273600006 ], [ -91.197010870999918, 18.646389065000051 ], [ -91.181996222999942, 18.65656159100007 ], [ -91.199126756999931, 18.663234768000052 ], [ -91.212310350999928, 18.661322333000044 ], [ -91.237212693999936, 18.649115302000041 ], [ -91.284820115999935, 18.636704820000091 ], [ -91.298654751999948, 18.628648179000038 ], [ -91.266428188999896, 18.704291083000044 ], [ -91.265533006999931, 18.735663153000075 ], [ -91.285633917999917, 18.765814520000049 ], [ -91.302357550999943, 18.780951239000046 ], [ -91.310617641999897, 18.784491278000075 ], [ -91.32258053299995, 18.785630601000037 ], [ -91.332590298999946, 18.782904364000046 ], [ -91.336659308999913, 18.776597398000035 ], [ -91.339670376999948, 18.769924221000053 ], [ -91.346506313999896, 18.765814520000049 ], [ -91.367014126999948, 18.771226304000038 ], [ -91.395375128999945, 18.806586005000042 ], [ -91.41470292899993, 18.813625393000052 ], [ -91.401112433999913, 18.837388414000088 ], [ -91.380726691999939, 18.859442450000074 ], [ -91.35773678299995, 18.87563711100006 ], [ -91.311105923999946, 18.890814520000049 ], [ -91.280506964999915, 18.912014065000051 ], [ -91.253041144999941, 18.937079169000071 ], [ -91.237212693999936, 18.957586981000077 ], [ -91.260853644999941, 18.952622789000088 ], [ -91.325998501999948, 18.90298086100006 ], [ -91.39126542899993, 18.871283270000049 ], [ -91.416818813999896, 18.850165106000077 ], [ -91.41470292899993, 18.826646226000037 ], [ -91.424183722999942, 18.821844794000071 ], [ -91.429025844999899, 18.826646226000037 ], [ -91.452137824999909, 18.811590887000079 ], [ -91.464263475999928, 18.808294989000046 ], [ -91.483631964999915, 18.80735911700009 ], [ -91.503407355999911, 18.809556382000039 ], [ -91.505279100999928, 18.816555080000057 ], [ -91.482411261999914, 18.842637437000064 ], [ -91.431187991999934, 18.880117173000087 ], [ -91.36691320999995, 18.91406913700007 ], [ -91.281747674999906, 18.96556096900008 ], [ -91.161610480999911, 19.01626211100006 ], [ -91.079579230999911, 19.08734772300005 ], [ -91.058990037999934, 19.097154039000088 ], [ -91.013661261999914, 19.113348700000074 ], [ -90.935536261999914, 19.163072007000039 ], [ -90.856556769999941, 19.258286851000037 ], [ -90.835926886999914, 19.272284247000073 ], [ -90.803089972999942, 19.282904364000046 ], [ -90.769357876999948, 19.30923086100006 ], [ -90.74242102799991, 19.342962958000044 ], [ -90.730091925999943, 19.375921942000048 ], [ -90.714344855999911, 19.569891669000071 ], [ -90.704945441999939, 19.611883856000077 ], [ -90.702788865999935, 19.632554429000038 ], [ -90.704986131999931, 19.654771226000037 ], [ -90.708729620999918, 19.670965887000079 ], [ -90.709462042999917, 19.687486070000091 ], [ -90.702788865999935, 19.711127020000049 ], [ -90.683705206999946, 19.752915757000039 ], [ -90.664540167999917, 19.781927802000041 ], [ -90.60673300499991, 19.821219543000041 ], [ -90.516856381999901, 19.881652146000079 ], [ -90.477822737999929, 19.922101023000039 ], [ -90.468251105999911, 19.96430084800005 ], [ -90.463856574999909, 19.977850653000075 ], [ -90.462554490999935, 19.995672919000071 ], [ -90.467193162999934, 20.013332424000055 ], [ -90.497385219999899, 20.067368882000039 ], [ -90.50023352799991, 20.079250393000052 ], [ -90.500152147999927, 20.088120835000041 ], [ -90.497385219999899, 20.108343817000048 ], [ -90.496652798999946, 20.184637762000079 ], [ -90.487294074999909, 20.234605210000041 ], [ -90.489898240999935, 20.290228583000044 ], [ -90.488270636999914, 20.312079169000071 ], [ -90.475656704999949, 20.368475653000075 ], [ -90.474476691999939, 20.40851471600007 ], [ -90.489572719999899, 20.49054596600007 ], [ -90.489898240999935, 20.534125067000048 ], [ -90.466908331999946, 20.618882554000038 ], [ -90.459380662999934, 20.715521552000041 ], [ -90.449126756999931, 20.742132880000042 ], [ -90.39321855399993, 20.80414459800005 ], [ -90.379058397999927, 20.827460028000075 ], [ -90.367054816999939, 20.88149648600006 ], [ -90.341908331999946, 20.939154364000046 ], [ -90.339100714999915, 20.972357489000046 ], [ -90.346547003999945, 20.972357489000046 ], [ -90.360178188999896, 20.917710679000038 ], [ -90.378081834999932, 20.880682684000078 ], [ -90.380686001999948, 20.873032945000091 ], [ -90.385324673999946, 20.849107164000088 ], [ -90.398060675999943, 20.820746161000045 ], [ -90.417551235999952, 20.797105210000041 ], [ -90.442128058999913, 20.78742096600007 ], [ -90.442128058999913, 20.794256903000075 ], [ -90.422230597999942, 20.819566148000035 ], [ -90.360096808999913, 21.000392971000053 ], [ -90.349680141999897, 21.016750393000052 ], [ -90.332386847999942, 21.032456773000035 ], [ -90.220082160999937, 21.09837474200009 ], [ -90.19945227799991, 21.114162502000056 ], [ -90.133615688999896, 21.136867580000057 ], [ -90.099476691999939, 21.164129950000074 ], [ -90.077748175999943, 21.173732815000051 ], [ -90.065744594999899, 21.177150783000059 ], [ -90.034901495999918, 21.180568752000056 ], [ -89.982167120999918, 21.198919989000046 ], [ -89.921538865999935, 21.240668036000045 ], [ -89.904286261999914, 21.24673086100006 ], [ -89.886382615999935, 21.249823309000078 ], [ -89.785959438999896, 21.284572658000059 ], [ -89.677561001999948, 21.301906643000052 ], [ -89.598052537999934, 21.301906643000052 ], [ -89.459055141999897, 21.325100002000056 ], [ -89.269154425999943, 21.343003648000035 ], [ -89.187082485999952, 21.36554596600007 ], [ -89.147368943999936, 21.370266018000052 ], [ -89.123158331999946, 21.363470770000049 ], [ -89.112619594999899, 21.362779039000088 ], [ -89.102691209999932, 21.365383205000057 ], [ -89.081532355999911, 21.374416408000059 ], [ -89.074777798999946, 21.37641022300005 ], [ -88.989084438999896, 21.39008209800005 ], [ -88.922963019999941, 21.408596096000053 ], [ -88.878773566999939, 21.413072007000039 ], [ -88.859527147999927, 21.417914130000042 ], [ -88.823963995999918, 21.431626695000091 ], [ -88.702707485999952, 21.458563544000071 ], [ -88.667551235999952, 21.480129299000055 ], [ -88.605458136999914, 21.534084377000056 ], [ -88.585926886999914, 21.541815497000073 ], [ -88.523548956999946, 21.548407294000071 ], [ -88.50413977799991, 21.554185289000088 ], [ -88.467640753999945, 21.570135809000078 ], [ -88.447824673999946, 21.575100002000056 ], [ -88.369292772999927, 21.575100002000056 ], [ -88.352406378999945, 21.571844794000071 ], [ -88.318186001999948, 21.557766018000052 ], [ -88.300404425999943, 21.554592190000051 ], [ -88.282704230999911, 21.556708075000074 ], [ -88.250355597999942, 21.566107489000046 ], [ -88.195179816999939, 21.571437893000052 ], [ -88.177235480999911, 21.576727606000077 ], [ -88.163889126999948, 21.585638739000046 ], [ -88.149281378999945, 21.591131903000075 ], [ -88.084787563999896, 21.58930084800005 ], [ -88.104562954999949, 21.596584377000056 ], [ -88.128651495999918, 21.601507880000042 ], [ -88.152211066999939, 21.601141669000071 ], [ -88.186756964999915, 21.583156643000052 ], [ -88.226958787999934, 21.574774481000077 ], [ -88.235096808999913, 21.573797919000071 ], [ -88.230580206999946, 21.582261460000041 ], [ -88.210194464999915, 21.593247789000088 ], [ -88.187977667999917, 21.600409247000073 ], [ -88.160755988999938, 21.604966539000088 ], [ -88.13890540299991, 21.61399974200009 ], [ -88.129465298999946, 21.616034247000073 ], [ -88.114979620999918, 21.614203192000048 ], [ -88.071115688999896, 21.60297272300005 ], [ -87.985422329999949, 21.60297272300005 ], [ -87.962066209999932, 21.600083726000037 ], [ -87.899769660999937, 21.575100002000056 ], [ -87.857899542999917, 21.564398505000042 ], [ -87.76984615799995, 21.552639065000051 ], [ -87.709787563999896, 21.536851304000038 ], [ -87.706288214999915, 21.533433335000041 ], [ -87.714833136999914, 21.526678778000075 ], [ -87.725005662999934, 21.523260809000078 ], [ -87.737619594999899, 21.522406317000048 ], [ -87.749826626999948, 21.524603583000044 ], [ -87.759185350999928, 21.530340887000079 ], [ -87.774322068999936, 21.536769924000055 ], [ -87.844553188999896, 21.548407294000071 ], [ -87.865630662999934, 21.554592190000051 ], [ -87.841704881999931, 21.536322333000044 ], [ -87.811350063999896, 21.521063544000071 ], [ -87.778065558999913, 21.510646877000056 ], [ -87.745513475999928, 21.506781317000048 ], [ -87.676909959999932, 21.506781317000048 ], [ -87.64484615799995, 21.50031159100007 ], [ -87.628407355999911, 21.499497789000088 ], [ -87.611805792999917, 21.506781317000048 ], [ -87.654286261999914, 21.508612372000073 ], [ -87.674549933999913, 21.513576565000051 ], [ -87.690581834999932, 21.523586330000057 ], [ -87.685658331999946, 21.52875397300005 ], [ -87.618560350999928, 21.520453192000048 ], [ -87.56273352799991, 21.50141022300005 ], [ -87.539784308999913, 21.499335028000075 ], [ -87.510650193999936, 21.500677802000041 ], [ -87.501942511999914, 21.499335028000075 ], [ -87.498443162999934, 21.495266018000052 ], [ -87.494536912999934, 21.488104559000078 ], [ -87.487538214999915, 21.481756903000075 ], [ -87.474598761999914, 21.480129299000055 ], [ -87.481516079999949, 21.475978908000059 ], [ -87.487538214999915, 21.473578192000048 ], [ -87.49242102799991, 21.474432684000078 ], [ -87.495716925999943, 21.480129299000055 ], [ -87.501942511999914, 21.480129299000055 ], [ -87.492746548999946, 21.468491929000038 ], [ -87.474110480999911, 21.46710846600007 ], [ -87.42992102799991, 21.472642320000091 ], [ -87.408355272999927, 21.470282294000071 ], [ -87.351063605999911, 21.452134507000039 ], [ -87.28929602799991, 21.454575914000088 ], [ -87.272572394999941, 21.448431708000044 ], [ -87.256947394999941, 21.440619208000044 ], [ -87.238189256999931, 21.443019924000055 ], [ -87.166127081999946, 21.472642320000091 ], [ -87.155588344999899, 21.481756903000075 ], [ -87.142445441999939, 21.501369533000059 ], [ -87.135121222999942, 21.510199286000045 ], [ -87.129994269999941, 21.519435940000051 ], [ -87.131906704999949, 21.528469143000052 ], [ -87.136341925999943, 21.536851304000038 ], [ -87.138783331999946, 21.544623114000046 ], [ -87.134836391999897, 21.558335679000038 ], [ -87.138335740999935, 21.563055731000077 ], [ -87.153065558999913, 21.568264065000051 ], [ -87.175770636999914, 21.569037177000041 ], [ -87.19985917899993, 21.562323309000078 ], [ -87.221831834999932, 21.550848700000074 ], [ -87.238107876999948, 21.537502346000053 ], [ -87.256581183999913, 21.528021552000041 ], [ -87.280506964999915, 21.527899481000077 ], [ -87.304798956999946, 21.533392645000049 ], [ -87.324370897999927, 21.540920315000051 ], [ -87.331206834999932, 21.534084377000056 ], [ -87.336781378999945, 21.548244533000059 ], [ -87.337473110999952, 21.554592190000051 ], [ -87.353382941999939, 21.546820380000042 ], [ -87.379505988999938, 21.527085679000038 ], [ -87.399525519999941, 21.520453192000048 ], [ -87.397857225999928, 21.516058661000045 ], [ -87.392079230999911, 21.513617255000042 ], [ -87.402333136999914, 21.509466864000046 ], [ -87.41038977799991, 21.512396552000041 ], [ -87.414458787999934, 21.521063544000071 ], [ -87.413156704999949, 21.534084377000056 ], [ -87.382435675999943, 21.558294989000046 ], [ -87.372181769999941, 21.569159247000073 ], [ -87.365305141999897, 21.573960679000038 ], [ -87.35773678299995, 21.575140692000048 ], [ -87.333973761999914, 21.574367580000057 ], [ -87.302642381999931, 21.569240627000056 ], [ -87.293039516999897, 21.565130927000041 ], [ -87.27212480399993, 21.560777085000041 ], [ -87.243885870999918, 21.568548895000049 ], [ -87.134185350999928, 21.61945221600007 ], [ -87.111480272999927, 21.623439846000053 ], [ -87.043324347999942, 21.602118231000077 ], [ -87.026193813999896, 21.59243398600006 ], [ -86.997914191999939, 21.565904039000088 ], [ -86.944691535999937, 21.493068752000056 ], [ -86.940174933999913, 21.482855536000045 ], [ -86.933664516999897, 21.474839585000041 ], [ -86.929188605999911, 21.466213283000059 ], [ -86.924794074999909, 21.446112372000073 ], [ -86.918527798999946, 21.439601955000057 ], [ -86.909413214999915, 21.43500397300005 ], [ -86.898589647999927, 21.431626695000091 ], [ -86.89476477799991, 21.443833726000037 ], [ -86.885365363999938, 21.445217190000051 ], [ -86.864491339999915, 21.438544012000079 ], [ -86.838775193999936, 21.437933661000045 ], [ -86.827951626999948, 21.433294989000046 ], [ -86.812570766999897, 21.382798570000091 ], [ -86.810454881999931, 21.370266018000052 ], [ -86.812489386999914, 21.354803778000075 ], [ -86.821441209999932, 21.329982815000051 ], [ -86.823475714999915, 21.318345445000091 ], [ -86.822865363999938, 21.269517320000091 ], [ -86.815052863999938, 21.204779364000046 ], [ -86.790923631999931, 21.158351955000057 ], [ -86.741566535999937, 21.164129950000074 ], [ -86.744252081999946, 21.154689846000053 ], [ -86.751088019999941, 21.144029039000088 ], [ -86.772572394999941, 21.099025783000059 ], [ -86.777170376999948, 21.091986395000049 ], [ -86.789947068999936, 21.064886786000045 ], [ -86.788807745999918, 21.058539130000042 ], [ -86.783680792999917, 21.049058335000041 ], [ -86.782541469999899, 21.044012762000079 ], [ -86.783680792999917, 21.035956122000073 ], [ -86.791127081999946, 21.036200262000079 ], [ -86.802235480999911, 21.029852606000077 ], [ -86.817534959999932, 21.024725653000075 ], [ -86.823475714999915, 21.02016836100006 ], [ -86.827748175999943, 21.012640692000048 ], [ -86.829945441999939, 21.004461981000077 ], [ -86.830922003999945, 20.982611395000049 ], [ -86.833159959999932, 20.97101471600007 ], [ -86.850819464999915, 20.917710679000038 ], [ -86.875152147999927, 20.865301825000074 ], [ -86.87531490799995, 20.855047919000071 ], [ -86.943226691999939, 20.762274481000077 ], [ -87.036366339999915, 20.663275458000044 ], [ -87.056792772999927, 20.630438544000071 ], [ -87.067453579999949, 20.619208075000074 ], [ -87.122629360999952, 20.58665599200009 ], [ -87.138091600999928, 20.571844794000071 ], [ -87.180409308999913, 20.54718659100007 ], [ -87.234974738999938, 20.492580471000053 ], [ -87.353911912999934, 20.326971747000073 ], [ -87.365345831999946, 20.293931382000039 ], [ -87.378407355999911, 20.291001695000091 ], [ -87.384673631999931, 20.284165757000039 ], [ -87.384673631999931, 20.275376695000091 ], [ -87.379017706999946, 20.266669012000079 ], [ -87.410064256999931, 20.246283270000049 ], [ -87.430490688999896, 20.22101471600007 ], [ -87.44399980399993, 20.191148179000038 ], [ -87.465891079999949, 20.111761786000045 ], [ -87.471302863999938, 20.069037177000041 ], [ -87.467762824999909, 19.984849351000037 ], [ -87.460438605999911, 19.962388414000088 ], [ -87.43781490799995, 19.921535549000055 ], [ -87.433013475999928, 19.89984772300005 ], [ -87.434193488999938, 19.889227606000077 ], [ -87.442534959999932, 19.853094794000071 ], [ -87.447743292999917, 19.848944403000075 ], [ -87.454457160999937, 19.84711334800005 ], [ -87.460926886999914, 19.841498114000046 ], [ -87.474273240999935, 19.797064520000049 ], [ -87.479807094999899, 19.784328518000052 ], [ -87.48273678299995, 19.825506903000075 ], [ -87.481760219999899, 19.83665599200009 ], [ -87.478342251999948, 19.841498114000046 ], [ -87.46703040299991, 19.84243398600006 ], [ -87.460438605999911, 19.849554755000042 ], [ -87.452381964999915, 19.851996161000045 ], [ -87.447336391999897, 19.86196523600006 ], [ -87.445220506999931, 19.874335028000075 ], [ -87.443918423999946, 19.913478908000059 ], [ -87.461659308999913, 19.928778387000079 ], [ -87.466216600999928, 19.938299872000073 ], [ -87.467762824999909, 19.954413153000075 ], [ -87.47101803299995, 19.962144273000035 ], [ -87.478016730999911, 19.964829820000091 ], [ -87.48501542899993, 19.962307033000059 ], [ -87.488270636999914, 19.954413153000075 ], [ -87.486480272999927, 19.946478583000044 ], [ -87.477894660999937, 19.938177802000041 ], [ -87.474598761999914, 19.930853583000044 ], [ -87.47093665299991, 19.898911851000037 ], [ -87.471547003999945, 19.884711005000042 ], [ -87.474598761999914, 19.87563711100006 ], [ -87.464955206999946, 19.883856512000079 ], [ -87.454701300999943, 19.88930898600006 ], [ -87.496937628999945, 19.829657294000071 ], [ -87.505604620999918, 19.820990302000041 ], [ -87.510487433999913, 19.817084052000041 ], [ -87.517445441999939, 19.809149481000077 ], [ -87.525257941999939, 19.802883205000057 ], [ -87.532948370999918, 19.803900458000044 ], [ -87.542062954999949, 19.812689520000049 ], [ -87.549672003999945, 19.817613023000035 ], [ -87.55687415299991, 19.814886786000045 ], [ -87.564564581999946, 19.800482489000046 ], [ -87.579945441999939, 19.799017645000049 ], [ -87.600412563999896, 19.771389065000051 ], [ -87.618316209999932, 19.736883856000077 ], [ -87.628732876999948, 19.708563544000071 ], [ -87.646555141999897, 19.677639065000051 ], [ -87.658314581999946, 19.64484284100007 ], [ -87.667347785999937, 19.633775132000039 ], [ -87.680043097999942, 19.635972398000035 ], [ -87.669097459999932, 19.642279364000046 ], [ -87.65884355399993, 19.655462958000044 ], [ -87.654204881999931, 19.670843817000048 ], [ -87.660145636999914, 19.683783270000049 ], [ -87.670480923999946, 19.681870835000041 ], [ -87.724191860999952, 19.682033596000053 ], [ -87.73468990799995, 19.683783270000049 ], [ -87.741200324999909, 19.671698309000078 ], [ -87.744252081999946, 19.65180084800005 ], [ -87.74437415299991, 19.630601304000038 ], [ -87.742095506999931, 19.614935614000046 ], [ -87.731516079999949, 19.600531317000048 ], [ -87.702748175999943, 19.583319403000075 ], [ -87.700550910999937, 19.573919989000046 ], [ -87.693104620999918, 19.570135809000078 ], [ -87.683257615999935, 19.567572333000044 ], [ -87.671986456999946, 19.56671784100007 ], [ -87.660145636999914, 19.567775783000059 ], [ -87.666371222999942, 19.552476304000038 ], [ -87.669260219999899, 19.523342190000051 ], [ -87.673817511999914, 19.505682684000078 ], [ -87.654408331999946, 19.507473049000055 ], [ -87.641590949999909, 19.518052476000037 ], [ -87.630970831999946, 19.532782294000071 ], [ -87.618560350999928, 19.546616929000038 ], [ -87.607289191999939, 19.552679755000042 ], [ -87.578521287999934, 19.561468817000048 ], [ -87.564564581999946, 19.567775783000059 ], [ -87.536691860999952, 19.560288804000038 ], [ -87.515533006999931, 19.548000393000052 ], [ -87.509388800999943, 19.546616929000038 ], [ -87.502919074999909, 19.550034898000035 ], [ -87.499419725999928, 19.562974351000037 ], [ -87.495716925999943, 19.567775783000059 ], [ -87.486724412999934, 19.56781647300005 ], [ -87.480132615999935, 19.56281159100007 ], [ -87.474354620999918, 19.560288804000038 ], [ -87.467762824999909, 19.567775783000059 ], [ -87.459095831999946, 19.561428127000056 ], [ -87.454701300999943, 19.560288804000038 ], [ -87.467762824999909, 19.554103908000059 ], [ -87.467762824999909, 19.546616929000038 ], [ -87.441395636999914, 19.553656317000048 ], [ -87.426747199999909, 19.573553778000075 ], [ -87.425770636999914, 19.59210846600007 ], [ -87.440419074999909, 19.595038153000075 ], [ -87.434437628999945, 19.584173895000049 ], [ -87.434071417999917, 19.577134507000039 ], [ -87.443918423999946, 19.573919989000046 ], [ -87.474598761999914, 19.573919989000046 ], [ -87.50226803299995, 19.577948309000078 ], [ -87.515248175999943, 19.581732489000046 ], [ -87.529204881999931, 19.587591864000046 ], [ -87.508778449999909, 19.588446356000077 ], [ -87.447336391999897, 19.58079661700009 ], [ -87.447336391999897, 19.587591864000046 ], [ -87.449086066999939, 19.593898830000057 ], [ -87.441395636999914, 19.618882554000038 ], [ -87.440419074999909, 19.635972398000035 ], [ -87.421213344999899, 19.599839585000041 ], [ -87.41274980399993, 19.577622789000088 ], [ -87.41633053299995, 19.567775783000059 ], [ -87.423207160999937, 19.558010158000059 ], [ -87.433013475999928, 19.492010809000078 ], [ -87.443918423999946, 19.472560940000051 ], [ -87.458404100999928, 19.455023505000042 ], [ -87.474964972999942, 19.442328192000048 ], [ -87.491932745999918, 19.437445380000042 ], [ -87.498524542999917, 19.433783270000049 ], [ -87.526112433999913, 19.406398830000057 ], [ -87.534779425999943, 19.402044989000046 ], [ -87.570790167999917, 19.396429755000042 ], [ -87.552561001999948, 19.401597398000035 ], [ -87.545399542999917, 19.411444403000075 ], [ -87.542469855999911, 19.423895575000074 ], [ -87.536691860999952, 19.437445380000042 ], [ -87.571685350999928, 19.427964585000041 ], [ -87.617665167999917, 19.405462958000044 ], [ -87.655669725999928, 19.373236395000049 ], [ -87.667062954999949, 19.334377346000053 ], [ -87.660145636999914, 19.334377346000053 ], [ -87.652699347999942, 19.354885158000059 ], [ -87.646555141999897, 19.354885158000059 ], [ -87.65493730399993, 19.339056708000044 ], [ -87.669422980999911, 19.323187567000048 ], [ -87.675852016999897, 19.31118398600006 ], [ -87.660145636999914, 19.307033596000053 ], [ -87.681141730999911, 19.265285549000055 ], [ -87.687855597999942, 19.242132880000042 ], [ -87.676909959999932, 19.231919664000088 ], [ -87.658680792999917, 19.227525132000039 ], [ -87.64907792899993, 19.220648505000042 ], [ -87.63898678299995, 19.220933335000041 ], [ -87.618560350999928, 19.238185940000051 ], [ -87.592518683999913, 19.268255927000041 ], [ -87.581939256999931, 19.286118882000039 ], [ -87.577626105999911, 19.30337148600006 ], [ -87.567128058999913, 19.317206122000073 ], [ -87.542795376999948, 19.323797919000071 ], [ -87.495716925999943, 19.32758209800005 ], [ -87.516184048999946, 19.28656647300005 ], [ -87.50422115799995, 19.296291408000059 ], [ -87.493967251999948, 19.309515692000048 ], [ -87.480946417999917, 19.31976959800005 ], [ -87.460926886999914, 19.320705471000053 ], [ -87.460926886999914, 19.31391022300005 ], [ -87.480865037999934, 19.304348049000055 ], [ -87.496978318999936, 19.289048570000091 ], [ -87.523019985999952, 19.252427476000037 ], [ -87.53343665299991, 19.228094794000071 ], [ -87.544992641999897, 19.17454661700009 ], [ -87.557199673999946, 19.156236070000091 ], [ -87.548898891999897, 19.133042710000041 ], [ -87.583851691999939, 19.053208726000037 ], [ -87.606190558999913, 19.020412502000056 ], [ -87.626047329999949, 18.889349677000041 ], [ -87.662017381999931, 18.766831773000035 ], [ -87.680043097999942, 18.738511460000041 ], [ -87.703521287999934, 18.711737372000073 ], [ -87.723378058999913, 18.681219794000071 ], [ -87.737049933999913, 18.644964911000045 ], [ -87.742095506999931, 18.601304429000038 ], [ -87.73696855399993, 18.557033596000053 ], [ -87.739247199999909, 18.535956122000073 ], [ -87.752349412999934, 18.515366929000038 ], [ -87.75804602799991, 18.49945709800005 ], [ -87.762562628999945, 18.429388739000046 ], [ -87.771229620999918, 18.406398830000057 ], [ -87.819447394999941, 18.33860911700009 ], [ -87.824615037999934, 18.323919989000046 ], [ -87.827748175999943, 18.308986721000053 ], [ -87.841420050999943, 18.27765534100007 ], [ -87.844553188999896, 18.262152411000045 ], [ -87.844553188999896, 18.196682033000059 ], [ -87.851958787999934, 18.196682033000059 ], [ -87.85383053299995, 18.22337474200009 ], [ -87.858794725999928, 18.245062567000048 ], [ -87.874989386999914, 18.225653387000079 ], [ -87.887196417999917, 18.230047919000071 ], [ -87.890980597999942, 18.243557033000059 ], [ -87.882394985999952, 18.251288153000075 ], [ -87.874256964999915, 18.262681382000039 ], [ -87.868397589999915, 18.288031317000048 ], [ -87.865345831999946, 18.314154364000046 ], [ -87.865630662999934, 18.32758209800005 ], [ -87.869007941999939, 18.317368882000039 ], [ -87.874175584999932, 18.307440497000073 ], [ -87.880034959999932, 18.298651434000078 ], [ -87.885487433999913, 18.292222398000092 ], [ -87.891428188999896, 18.304103908000059 ], [ -87.888254360999952, 18.313625393000052 ], [ -87.882150844999899, 18.32453034100007 ], [ -87.879302537999934, 18.340643622000073 ], [ -87.881703253999945, 18.341986395000049 ], [ -87.896351691999939, 18.35805898600006 ], [ -87.896839972999942, 18.36273834800005 ], [ -87.895822719999899, 18.371323960000041 ], [ -87.895904100999928, 18.381008205000057 ], [ -87.899769660999937, 18.389064846000053 ], [ -87.927601691999939, 18.394924221000053 ], [ -87.935292120999918, 18.400051174000055 ], [ -87.93382727799991, 18.40851471600007 ], [ -87.929595506999931, 18.415920315000051 ], [ -87.926503058999913, 18.41632721600007 ], [ -87.930490688999896, 18.432562567000048 ], [ -87.935170050999943, 18.443101304000038 ], [ -87.945057745999918, 18.448797919000071 ], [ -87.964670376999948, 18.450506903000075 ], [ -87.991322394999941, 18.456935940000051 ], [ -88.043568488999938, 18.485052802000041 ], [ -88.067372199999909, 18.491441148000092 ], [ -88.077788865999935, 18.498602606000077 ], [ -88.080230272999927, 18.514227606000077 ], [ -88.078724738999938, 18.529527085000041 ], [ -88.077259894999941, 18.535834052000041 ], [ -88.043812628999945, 18.573431708000044 ], [ -88.050526495999918, 18.595770575000074 ], [ -88.039906378999945, 18.617010809000078 ], [ -88.024403449999909, 18.636297919000071 ], [ -88.016468878999945, 18.652899481000077 ], [ -88.014271613999938, 18.661851304000038 ], [ -88.004383917999917, 18.677883205000057 ], [ -88.00218665299991, 18.690130927000041 ], [ -88.009348110999952, 18.695990302000041 ], [ -88.014271613999938, 18.702053127000056 ], [ -88.016468878999945, 18.707180080000057 ], [ -88.015248175999943, 18.713568427000041 ], [ -88.012684699999909, 18.719549872000073 ], [ -88.009022589999915, 18.724269924000055 ], [ -88.003773566999939, 18.765448309000078 ], [ -88.00454667899993, 18.786851304000038 ], [ -88.012766079999949, 18.803656317000048 ], [ -88.023426886999914, 18.818101304000038 ], [ -88.030262824999909, 18.835150458000044 ], [ -88.036284959999932, 18.874986070000091 ], [ -88.059396938999896, 18.85687897300005 ], [ -88.084136522999927, 18.831284898000035 ], [ -88.103911912999934, 18.802720445000091 ], [ -88.112049933999913, 18.775783596000053 ], [ -88.114125128999945, 18.761542059000078 ], [ -88.119536912999934, 18.744533596000053 ], [ -88.127308722999942, 18.730210679000038 ], [ -88.136219855999911, 18.724269924000055 ], [ -88.142933722999942, 18.731634833000044 ], [ -88.140288865999935, 18.749212958000044 ], [ -88.134673631999931, 18.769517320000091 ], [ -88.137766079999949, 18.762193101000037 ], [ -88.149159308999913, 18.749986070000091 ], [ -88.166859503999945, 18.745428778000075 ], [ -88.190825975999928, 18.744696356000077 ], [ -88.198801235999952, 18.739935614000046 ], [ -88.241810675999943, 18.70384349200009 ], [ -88.247792120999918, 18.696275132000039 ], [ -88.252512173999946, 18.687323309000078 ], [ -88.255482550999943, 18.676459052000041 ], [ -88.235707160999937, 18.68431224200009 ], [ -88.215931769999941, 18.69953034100007 ], [ -88.198801235999952, 18.718695380000042 ], [ -88.187123175999943, 18.738511460000041 ], [ -88.180897589999915, 18.721177476000037 ], [ -88.185617641999897, 18.708563544000071 ], [ -88.192941860999952, 18.695379950000074 ], [ -88.194650844999899, 18.676459052000041 ], [ -88.189320441999939, 18.684393622000073 ], [ -88.180897589999915, 18.693833726000037 ], [ -88.170765753999945, 18.701402085000041 ], [ -88.16047115799995, 18.70376211100006 ], [ -88.150746222999942, 18.698553778000075 ], [ -88.156971808999913, 18.691107489000046 ], [ -88.16820227799991, 18.684881903000075 ], [ -88.173491990999935, 18.683294989000046 ], [ -88.197621222999942, 18.635199286000045 ], [ -88.221058722999942, 18.60578034100007 ], [ -88.248605923999946, 18.556626695000091 ], [ -88.253000454999949, 18.540757554000038 ], [ -88.274769660999937, 18.509833075000074 ], [ -88.283314581999946, 18.491441148000092 ], [ -88.295521613999938, 18.489406643000052 ], [ -88.303822394999941, 18.484035549000055 ], [ -88.303822394999941, 18.481350002000056 ] ] ], [ [ [ -87.331206834999932, 18.532416083000044 ], [ -87.324330206999946, 18.549790757000039 ], [ -87.318470831999946, 18.558417059000078 ], [ -87.310129360999952, 18.567206122000073 ], [ -87.328155076999906, 18.532700914000088 ], [ -87.322092251999948, 18.489243882000039 ], [ -87.334502732999908, 18.454372463000084 ], [ -87.373199022999927, 18.402492580000057 ], [ -87.379424607999908, 18.402492580000057 ], [ -87.37564042899993, 18.410264390000066 ], [ -87.358509894999941, 18.429388739000046 ], [ -87.348744269999941, 18.442572333000044 ], [ -87.343617316999939, 18.452337958000044 ], [ -87.337473110999952, 18.477769273000092 ], [ -87.331206834999932, 18.532416083000044 ] ] ], [ [ [ -87.269154425999943, 18.738511460000041 ], [ -87.255482550999943, 18.724269924000055 ], [ -87.248158331999946, 18.676214911000045 ], [ -87.249867316999939, 18.650864976000037 ], [ -87.262928839999915, 18.628648179000038 ], [ -87.258615688999896, 18.65696849200009 ], [ -87.269154425999943, 18.738511460000041 ] ] ], [ [ [ -91.600331183999913, 18.772040106000077 ], [ -91.555734829999949, 18.791693427000041 ], [ -91.538889126999948, 18.793117580000057 ], [ -91.532460089999915, 18.785345770000049 ], [ -91.527333136999914, 18.777085679000038 ], [ -91.524403449999909, 18.766587632000039 ], [ -91.524566209999932, 18.752142645000049 ], [ -91.532053188999896, 18.758978583000044 ], [ -91.553944464999915, 18.744940497000073 ], [ -91.565907355999911, 18.740179755000042 ], [ -91.579213019999941, 18.738511460000041 ], [ -91.574615037999934, 18.745917059000078 ], [ -91.568511522999927, 18.751654364000046 ], [ -91.560902472999942, 18.755926825000074 ], [ -91.551869269999941, 18.758978583000044 ], [ -91.571644660999937, 18.757228908000059 ], [ -91.606027798999946, 18.743719794000071 ], [ -91.620838995999918, 18.744696356000077 ], [ -91.660064256999931, 18.692328192000048 ], [ -91.688872850999928, 18.669419664000088 ], [ -91.723215298999946, 18.662787177000041 ], [ -91.702748175999943, 18.697495835000041 ], [ -91.755116339999915, 18.667141018000052 ], [ -91.785959438999896, 18.654364325000074 ], [ -91.816273566999939, 18.649115302000041 ], [ -91.835682745999918, 18.649115302000041 ], [ -91.842681443999936, 18.651190497000073 ], [ -91.838246222999942, 18.658189195000091 ], [ -91.823150193999936, 18.673325914000088 ], [ -91.812163865999935, 18.679754950000074 ], [ -91.76821855399993, 18.697495835000041 ], [ -91.740223761999914, 18.703802802000041 ], [ -91.6858870289999, 18.731533386000081 ], [ -91.646554346999949, 18.755841064000037 ], [ -91.600331183999913, 18.772040106000077 ] ] ], [ [ [ -86.746896938999896, 20.595892645000049 ], [ -86.742176886999914, 20.595892645000049 ], [ -86.737456834999932, 20.592271226000037 ], [ -86.735340949999909, 20.585353908000059 ], [ -86.737212693999936, 20.582180080000057 ], [ -86.749012824999909, 20.567694403000075 ], [ -86.784331834999932, 20.509833075000074 ], [ -86.79710852799991, 20.477484442000048 ], [ -86.813547329999949, 20.461127020000049 ], [ -86.84398352799991, 20.437323309000078 ], [ -86.85570227799991, 20.420843817000048 ], [ -86.880767381999931, 20.375921942000048 ], [ -86.885568813999896, 20.35883209800005 ], [ -86.889800584999932, 20.353664455000057 ], [ -86.899240688999896, 20.348456122000073 ], [ -86.908558722999942, 20.341538804000038 ], [ -86.912912563999896, 20.33148834800005 ], [ -86.916900193999936, 20.324611721000053 ], [ -86.926503058999913, 20.313706773000035 ], [ -86.97915605399993, 20.267808335000041 ], [ -86.995269334999932, 20.260809637000079 ], [ -87.00226803299995, 20.270086981000077 ], [ -87.005238410999937, 20.290187893000052 ], [ -87.018869594999899, 20.332464911000045 ], [ -87.022775844999899, 20.355414130000042 ], [ -87.019683397999927, 20.397447007000039 ], [ -87.007883266999897, 20.436224677000041 ], [ -86.968129035999937, 20.506252346000053 ], [ -86.936756964999915, 20.54718659100007 ], [ -86.929514126999948, 20.550034898000035 ], [ -86.913685675999943, 20.563421942000048 ], [ -86.905425584999932, 20.567694403000075 ], [ -86.896880662999934, 20.56781647300005 ], [ -86.882191535999937, 20.56085846600007 ], [ -86.871245897999927, 20.558579820000091 ], [ -86.84634355399993, 20.548976955000057 ], [ -86.837147589999915, 20.54718659100007 ], [ -86.823719855999911, 20.549994208000044 ], [ -86.801747199999909, 20.562567450000074 ], [ -86.789214647999927, 20.559881903000075 ], [ -86.771311001999948, 20.566107489000046 ], [ -86.755686001999948, 20.577541408000059 ], [ -86.746896938999896, 20.595892645000049 ] ] ], [ [ [ -86.700591600999928, 21.198919989000046 ], [ -86.720041469999899, 21.212713934000078 ], [ -86.739572719999899, 21.24282461100006 ], [ -86.749867316999939, 21.273138739000046 ], [ -86.741566535999937, 21.287665106000077 ], [ -86.73851477799991, 21.266750393000052 ], [ -86.727528449999909, 21.24290599200009 ], [ -86.700591600999928, 21.198919989000046 ] ] ], [ [ [ -97.651437954999949, 21.787909247000073 ], [ -97.614735480999911, 21.76439036700009 ], [ -97.601714647999927, 21.751939195000091 ], [ -97.610463019999941, 21.740179755000042 ], [ -97.639963344999899, 21.745103257000039 ], [ -97.663482225999928, 21.778469143000052 ], [ -97.679269985999895, 21.823187567000048 ], [ -97.684925910999937, 21.862453518000052 ], [ -97.670318162999934, 21.848618882000039 ], [ -97.664540167999917, 21.829087632000039 ], [ -97.660552537999934, 21.807562567000048 ], [ -97.651437954999949, 21.787909247000073 ] ] ], [ [ [ -97.815297003999945, 22.720200914000088 ], [ -97.798410610999895, 22.762518622000073 ], [ -97.788563605999911, 22.77484772300005 ], [ -97.784535285999937, 22.755845445000091 ], [ -97.796131964999915, 22.723781643000052 ], [ -97.817616339999915, 22.69476959800005 ], [ -97.843169725999928, 22.684881903000075 ], [ -97.837147589999915, 22.696112372000073 ], [ -97.821888800999943, 22.71157461100006 ], [ -97.815297003999945, 22.720200914000088 ] ] ], [ [ [ -89.664187987999924, 22.371069109000075 ], [ -89.684582300999921, 22.380737837000083 ], [ -89.691725826999914, 22.387598838000088 ], [ -89.689246462999904, 22.399856861000046 ], [ -89.697971737999922, 22.417544062000047 ], [ -89.694387777999907, 22.424873421000086 ], [ -89.677553954999951, 22.42966756900006 ], [ -89.657104399999923, 22.446689219000064 ], [ -89.655164679999928, 22.472001270000078 ], [ -89.67271790399991, 22.49254389500004 ], [ -89.687663412999939, 22.507352138000044 ], [ -89.691071836999924, 22.528628504000039 ], [ -89.714016641999933, 22.541046090000066 ], [ -89.738769020999939, 22.549388230000091 ], [ -89.756522565999944, 22.543782055000065 ], [ -89.761917962999917, 22.529095854000047 ], [ -89.770755666999946, 22.533241273000044 ], [ -89.767138302999911, 22.547123043000056 ], [ -89.756434598999931, 22.560140758000045 ], [ -89.745707422999942, 22.57724911300005 ], [ -89.729725152999947, 22.582868579000035 ], [ -89.69261012599992, 22.567073036000068 ], [ -89.658247571999937, 22.540669889000071 ], [ -89.624919736999914, 22.497943699000075 ], [ -89.6101519099999, 22.461080928000058 ], [ -89.621882800999913, 22.409829168000044 ], [ -89.634276155999942, 22.37889104900006 ], [ -89.650574693999943, 22.367576495000037 ], [ -89.664187987999924, 22.371069109000075 ] ] ] ] } },
{ "type": "Feature", "properties": { "iso": "NI", "name": "Nicaragua", "role": "centro" }, "geometry": { "type": "MultiPolygon", "coordinates": [ [ [ [ -85.701735565999883, 11.080880181000097 ], [ -85.752308722999942, 11.101711330000057 ], [ -85.77171790299991, 11.104681708000044 ], [ -85.78579667899993, 11.112250067000048 ], [ -85.793690558999913, 11.130031643000052 ], [ -85.803089972999942, 11.166083075000074 ], [ -85.8213191399999, 11.19281647300005 ], [ -85.928008592999902, 11.310736395000049 ], [ -85.936797654999907, 11.316961981000077 ], [ -85.941517706999946, 11.319118557000081 ], [ -85.956817186999899, 11.329779364000046 ], [ -85.960113084999932, 11.334011135000083 ], [ -85.994862433999913, 11.343654690000051 ], [ -86.010365363999938, 11.357977606000077 ], [ -86.043934699999909, 11.398098049000055 ], [ -86.070586717999902, 11.411688544000071 ], [ -86.104725714999915, 11.447292385000083 ], [ -86.148304816999939, 11.471747137000079 ], [ -86.16274980399993, 11.484523830000057 ], [ -86.16665605399993, 11.492621161000045 ], [ -86.176136847999942, 11.522406317000048 ], [ -86.207142706999946, 11.536037502000056 ], [ -86.24437415299991, 11.571600653000075 ], [ -86.336455857999908, 11.611354885000083 ], [ -86.352080857999908, 11.622626044000071 ], [ -86.365386522999927, 11.637966213000084 ], [ -86.376616990999935, 11.66946035400008 ], [ -86.496367967999902, 11.759426174000055 ], [ -86.515614386999914, 11.783107815000051 ], [ -86.542388475999928, 11.842352606000077 ], [ -86.553212042999917, 11.851345119000086 ], [ -86.563262498999904, 11.856634833000044 ], [ -86.589629686999899, 11.882839260000083 ], [ -86.605213995999918, 11.904689846000053 ], [ -86.622222459999932, 11.936102606000077 ], [ -86.625477667999917, 11.950995184000078 ], [ -86.630360480999911, 11.964911200000074 ], [ -86.641875779999907, 11.976507880000042 ], [ -86.666493292999917, 11.995306708000044 ], [ -86.689808722999942, 12.02407461100006 ], [ -86.7275691399999, 12.088283596000053 ], [ -86.762684699999909, 12.18227773600006 ], [ -86.772572394999941, 12.197414455000057 ], [ -86.79751542899993, 12.218532619000086 ], [ -87.002227342999902, 12.341376044000071 ], [ -87.015044725999928, 12.356838283000059 ], [ -87.071400519999941, 12.388698635000083 ], [ -87.101958787999934, 12.420965887000079 ], [ -87.171009894999941, 12.451442776000079 ], [ -87.173573370999918, 12.474514065000051 ], [ -87.162098761999914, 12.45962148600006 ], [ -87.142486131999931, 12.446844794000071 ], [ -87.119618292999917, 12.437689520000049 ], [ -87.097808397999927, 12.433539130000042 ], [ -87.122670050999943, 12.460353908000059 ], [ -87.135487433999913, 12.470485744000086 ], [ -87.149322068999936, 12.474514065000051 ], [ -87.157866990999935, 12.481024481000077 ], [ -87.180409308999913, 12.52297597900008 ], [ -87.186634894999941, 12.52297597900008 ], [ -87.17642167899993, 12.485907294000071 ], [ -87.192738410999937, 12.499904690000051 ], [ -87.218861456999946, 12.532253322000088 ], [ -87.238067186999899, 12.55023834800005 ], [ -87.250477667999917, 12.55532461100006 ], [ -87.312977667999917, 12.602809963000084 ], [ -87.321278449999909, 12.611232815000051 ], [ -87.325795050999943, 12.621608791000085 ], [ -87.331206834999932, 12.63898346600007 ], [ -87.334014451999906, 12.633571682000081 ], [ -87.341786261999914, 12.624090887000079 ], [ -87.344838019999941, 12.619167385000083 ], [ -87.454864061999899, 12.743801174000055 ], [ -87.467762824999909, 12.769964911000045 ], [ -87.463490363999938, 12.76516347900008 ], [ -87.447295701999906, 12.756293036000045 ], [ -87.447295701999906, 12.762518622000073 ], [ -87.452056443999936, 12.764186916000085 ], [ -87.460926886999914, 12.769964911000045 ], [ -87.460926886999914, 12.776190497000073 ], [ -87.463490363999938, 12.786322333000044 ], [ -87.480254686999899, 12.799994208000044 ], [ -87.502919074999909, 12.81195709800005 ], [ -87.522979295999903, 12.817165432000081 ], [ -87.522979295999903, 12.810939846000053 ], [ -87.496449347999942, 12.793850002000056 ], [ -87.482533331999946, 12.781195380000042 ], [ -87.482045050999943, 12.769964911000045 ], [ -87.492217576999906, 12.771389065000051 ], [ -87.506988084999932, 12.782416083000044 ], [ -87.529204881999931, 12.803493557000081 ], [ -87.646514451999906, 12.872381903000075 ], [ -87.6709285149999, 12.893500067000048 ], [ -87.685658331999946, 12.91828034100007 ], [ -87.685821092999902, 12.94757721600007 ], [ -87.6670222649999, 12.982245184000078 ], [ -87.638824022999927, 13.00649648600006 ], [ -87.609974738999938, 13.02407461100006 ], [ -87.588775193999936, 13.04633209800005 ], [ -87.583851691999939, 13.084662177000041 ], [ -87.577626105999911, 13.084662177000041 ], [ -87.580433722999942, 13.063177802000041 ], [ -87.583851691999939, 13.057318427000041 ], [ -87.572621222999942, 13.057318427000041 ], [ -87.559071417999917, 13.055568752000056 ], [ -87.547637498999904, 13.052150783000059 ], [ -87.542836066999939, 13.047430731000077 ], [ -87.5381160149999, 13.044501044000071 ], [ -87.5127253899999, 13.023220119000086 ], [ -87.506377732999908, 13.019680080000057 ], [ -87.488270636999914, 12.995917059000078 ], [ -87.483876105999911, 12.992621161000045 ], [ -87.471058722999942, 12.985052802000041 ], [ -87.467762824999909, 12.982245184000078 ], [ -87.466908331999946, 12.975734768000052 ], [ -87.46898352799991, 12.960638739000046 ], [ -87.467762824999909, 12.954291083000044 ], [ -87.435047980999911, 12.922390041000085 ], [ -87.392486131999931, 12.913397528000075 ], [ -87.289580857999908, 12.919582424000055 ], [ -87.289580857999908, 12.927028713000084 ], [ -87.341664191999939, 12.925726630000042 ], [ -87.367787238999938, 12.928534247000073 ], [ -87.379017706999946, 12.937567450000074 ], [ -87.368926561999899, 12.953558661000045 ], [ -87.320586717999902, 12.97719961100006 ], [ -87.314035610999952, 12.98155345300006 ], [ -87.084653890999931, 12.995926209000061 ], [ -87.069848592999904, 12.994375915000134 ], [ -87.04685257999995, 12.980552470000077 ], [ -87.035044515999942, 12.979777324000068 ], [ -87.029618489999876, 12.996081238000102 ], [ -87.008767049999904, 13.00608062800012 ], [ -86.983187214999958, 13.021867777000111 ], [ -86.97181840099995, 13.033882548000079 ], [ -86.9484089769999, 13.06969431600001 ], [ -86.942724568999949, 13.074060975000094 ], [ -86.927996785999937, 13.081243998000048 ], [ -86.922932494999969, 13.08638580400013 ], [ -86.920245320999953, 13.096178487000103 ], [ -86.924172729999924, 13.099795838000077 ], [ -86.929805460999944, 13.102224630000137 ], [ -86.932337605999919, 13.108529155000056 ], [ -86.923707641999897, 13.161135763000047 ], [ -86.925516317999978, 13.163642070000037 ], [ -86.933061076999934, 13.1797134400001 ], [ -86.934921427999939, 13.185527038000075 ], [ -86.933216104999872, 13.18818837500001 ], [ -86.925981404999902, 13.216352031000056 ], [ -86.918850057999862, 13.229762065000088 ], [ -86.910788533999977, 13.239580587000063 ], [ -86.862729451999911, 13.279939880000128 ], [ -86.84950028499992, 13.288828227000053 ], [ -86.833428914999871, 13.293349915000078 ], [ -86.816220662999882, 13.291928813000084 ], [ -86.758653117999927, 13.264178569000052 ], [ -86.74929968299989, 13.26128468800006 ], [ -86.739842895999942, 13.26371348100011 ], [ -86.725476847999914, 13.273299459000029 ], [ -86.711782592999896, 13.285675965000081 ], [ -86.704031128999901, 13.298827616000068 ], [ -86.701860717999921, 13.314201355000137 ], [ -86.707803507999927, 13.342830099000111 ], [ -86.709922241999891, 13.348902079000069 ], [ -86.71715694199986, 13.361640320000035 ], [ -86.723616496999909, 13.367324727000067 ], [ -86.730437784999879, 13.368900858000103 ], [ -86.736380574999885, 13.371949768000121 ], [ -86.740204630999926, 13.381923320000041 ], [ -86.738654337999918, 13.396211853000111 ], [ -86.725941935999856, 13.423832906000115 ], [ -86.724288289999919, 13.439413351000056 ], [ -86.756586059999876, 13.559380188000148 ], [ -86.757102823999929, 13.576407573000083 ], [ -86.750901651999925, 13.608421122000081 ], [ -86.751573445999924, 13.624414978000033 ], [ -86.755397501999965, 13.630874532000078 ], [ -86.768213256999843, 13.640357158000057 ], [ -86.772140665999899, 13.645524801000064 ], [ -86.77405269399992, 13.654594015000029 ], [ -86.770228637999878, 13.72523569800012 ], [ -86.76790319899996, 13.739162496000105 ], [ -86.766197876999883, 13.745260315000067 ], [ -86.7614436449999, 13.749342753000064 ], [ -86.749919799999873, 13.757120056000076 ], [ -86.727233846999894, 13.768256327000103 ], [ -86.706304891999906, 13.770013326000083 ], [ -86.66268998299995, 13.764690654000049 ], [ -86.581144571999914, 13.77985768700006 ], [ -86.541663777999901, 13.78213145000008 ], [ -86.508539184999876, 13.764380595000148 ], [ -86.490814168999862, 13.759497172000124 ], [ -86.476293091999935, 13.764018860000064 ], [ -86.462857218999972, 13.770943502000137 ], [ -86.448232788999888, 13.772958883000086 ], [ -86.432471476999922, 13.757120056000076 ], [ -86.426528686999916, 13.752985942000066 ], [ -86.417071899999939, 13.750014547000148 ], [ -86.410095580999922, 13.749032695000082 ], [ -86.358470825999916, 13.752262472000069 ], [ -86.34012569199993, 13.756654968000063 ], [ -86.325191202999861, 13.76376047800008 ], [ -86.313564005999922, 13.776602072000074 ], [ -86.307776244999843, 13.791691589000081 ], [ -86.299921427999891, 13.82132802300012 ], [ -86.284108439999898, 13.845719299000052 ], [ -86.218582722999912, 13.91437144000011 ], [ -86.184062866999909, 13.966874695000072 ], [ -86.173572550999978, 13.973670146000117 ], [ -86.161790324999885, 13.978114319000028 ], [ -86.14969803999989, 13.984263815000091 ], [ -86.138019165999907, 13.996175232000041 ], [ -86.130836141999879, 14.008913473000092 ], [ -86.12690873199989, 14.018551127000109 ], [ -86.121689412999871, 14.027206930000062 ], [ -86.110475626999914, 14.037128805000066 ], [ -86.096729695999898, 14.044079284000048 ], [ -86.020196899999888, 14.055163879000062 ], [ -86.020455281999972, 14.044079284000048 ], [ -86.0312556559999, 14.022581889000023 ], [ -86.028413452999928, 13.996071879000098 ], [ -85.957771768999947, 13.94610076900004 ], [ -85.936119344999952, 13.918195496000052 ], [ -85.929401407999933, 13.912097677000091 ], [ -85.91550044799996, 13.907446798000123 ], [ -85.906302042999954, 13.909358826000044 ], [ -85.897206990999877, 13.913027853000045 ], [ -85.883564412999874, 13.913854675000067 ], [ -85.861601928999903, 13.904423727000108 ], [ -85.849871378999921, 13.887086283000087 ], [ -85.840104532999959, 13.866570740000029 ], [ -85.824162353999839, 13.847683004000089 ], [ -85.802019001999923, 13.840215760000063 ], [ -85.778661254999889, 13.84093923000006 ], [ -85.758300740999942, 13.83928558400001 ], [ -85.744994059999925, 13.824686991000135 ], [ -85.742461913999932, 13.823705139000069 ], [ -85.733392699999882, 13.831792501000066 ], [ -85.725124471999919, 13.847941386000059 ], [ -85.723005737999955, 13.863418478000071 ], [ -85.728690144999888, 13.87501983700011 ], [ -85.74367630999987, 13.879567363000149 ], [ -85.747448689999885, 13.88827484200003 ], [ -85.743288737999961, 13.907550151000052 ], [ -85.733392699999882, 13.937625834000116 ], [ -85.732204142999933, 13.959536641000085 ], [ -85.727346557999937, 13.965014344000068 ], [ -85.716985433999923, 13.962688904000046 ], [ -85.699234578999892, 13.961500346000022 ], [ -85.686496337999927, 13.967339783000099 ], [ -85.666187500999911, 13.984470520000059 ], [ -85.657660888999885, 13.981990052000086 ], [ -85.651485555999926, 13.981990052000086 ], [ -85.651950643999839, 13.986692607000066 ], [ -85.644612589999952, 13.988785503000116 ], [ -85.647868204999924, 13.999301657000089 ], [ -85.612805745999907, 14.009740295000114 ], [ -85.603064737999944, 14.019532980000079 ], [ -85.593607950999882, 14.033459778000065 ], [ -85.571697143999927, 14.04051361100008 ], [ -85.546634074999929, 14.044906108000077 ], [ -85.527953043999872, 14.050900574000096 ], [ -85.518625447999909, 14.064594828000025 ], [ -85.51640336199992, 14.080537008000064 ], [ -85.510641438999954, 14.093792013000055 ], [ -85.474674641999883, 14.103403829000072 ], [ -85.457621419999839, 14.113041483000089 ], [ -85.431731526999897, 14.132833557000069 ], [ -85.420156005999871, 14.146863708000083 ], [ -85.409123087999973, 14.166164856000123 ], [ -85.400880696999934, 14.18518178300009 ], [ -85.393620157999948, 14.210761617000045 ], [ -85.384008341999845, 14.226445414000096 ], [ -85.37251033599992, 14.241095683000083 ], [ -85.362872680999914, 14.250113221000035 ], [ -85.358531860999932, 14.250888367000044 ], [ -85.347809000999916, 14.249234721000093 ], [ -85.343623209999862, 14.250113221000035 ], [ -85.3408068439999, 14.253368836000021 ], [ -85.337964639999939, 14.260681050000102 ], [ -85.330884968999897, 14.26900095700006 ], [ -85.326828369999902, 14.275744731000088 ], [ -85.321350666999905, 14.28132578600011 ], [ -85.311971394999972, 14.283651225000142 ], [ -85.288200236999899, 14.295149231000067 ], [ -85.277813273999897, 14.297319641000058 ], [ -85.239960286999917, 14.297319641000058 ], [ -85.215207274999869, 14.301582947000028 ], [ -85.190195882999973, 14.309644470000109 ], [ -85.169628662999884, 14.321762594000091 ], [ -85.158027302999926, 14.338273214000083 ], [ -85.15903499399991, 14.361062520000075 ], [ -85.171876587999918, 14.381009623000097 ], [ -85.189730794999946, 14.396848450000093 ], [ -85.205828002999937, 14.407157899000097 ], [ -85.178491170999905, 14.427647603000068 ], [ -85.177354288999908, 14.433977966000086 ], [ -85.179679728999929, 14.449248352000041 ], [ -85.178491170999905, 14.455604553000072 ], [ -85.155391805999926, 14.479479065000049 ], [ -85.15182613199994, 14.485964457000108 ], [ -85.149810750999904, 14.536504008000051 ], [ -85.145469929999933, 14.564254252000083 ], [ -85.13753759899987, 14.578491109000055 ], [ -85.119321655999926, 14.573969422000033 ], [ -85.103353637999902, 14.556864522000083 ], [ -85.086377929999884, 14.544539693000033 ], [ -85.065242268999839, 14.554254862000064 ], [ -85.029637206999951, 14.5889555870001 ], [ -85.022221639999941, 14.605802104000077 ], [ -85.048163207999892, 14.605776266000063 ], [ -85.042220418999875, 14.61347605400006 ], [ -85.020206257999888, 14.633733215000063 ], [ -85.048524943999979, 14.653318583000086 ], [ -85.053925130999858, 14.66305959100012 ], [ -85.038215494999889, 14.667219544000062 ], [ -85.033047851999896, 14.669570821 ], [ -85.029792236999896, 14.675539449000027 ], [ -85.024547078999973, 14.712539775000081 ], [ -85.015658732999867, 14.728171896000035 ], [ -85.001990316999951, 14.740677592000026 ], [ -84.984368651999944, 14.752227275000067 ], [ -84.966462768999889, 14.764629618000129 ], [ -84.920625772999927, 14.807701925000032 ], [ -84.904218506999882, 14.81697784400005 ], [ -84.844428873999931, 14.827545675000124 ], [ -84.818099731999979, 14.828656718000033 ], [ -84.792132324999926, 14.821060283000065 ], [ -84.770169840999955, 14.805143942000129 ], [ -84.755467895999857, 14.781476135000105 ], [ -84.758568481999902, 14.778659770000047 ], [ -84.766397461999929, 14.768867086000085 ], [ -84.766940063999897, 14.766903381000049 ], [ -84.747044637999892, 14.764474590000091 ], [ -84.744279947999928, 14.752408142000107 ], [ -84.745287637999894, 14.739101461000089 ], [ -84.72484960999995, 14.725639750000127 ], [ -84.714410970999921, 14.708922424000093 ], [ -84.699321451999907, 14.674686788000088 ], [ -84.680847127999897, 14.685461325000119 ], [ -84.661701009999888, 14.683445943000066 ], [ -84.622969523999956, 14.667219544000062 ], [ -84.600438598999943, 14.662516989000082 ], [ -84.527419799999905, 14.6603982540001 ], [ -84.531218017999919, 14.653318583000086 ], [ -84.534215250999949, 14.633733215000063 ], [ -84.519048217999938, 14.638280742000092 ], [ -84.508480387999867, 14.632622172000069 ], [ -84.498015909999907, 14.623914693000089 ], [ -84.48269384799994, 14.619470520000093 ], [ -84.47160925299994, 14.622622783000054 ], [ -84.445719360999902, 14.636678772000067 ], [ -84.408434814999879, 14.649417013000033 ], [ -84.390012166999952, 14.671482849000114 ], [ -84.376137044999894, 14.696726787000074 ], [ -84.362933715999901, 14.715614523000113 ], [ -84.353192708999956, 14.705976868000093 ], [ -84.346035522999927, 14.679983622000037 ], [ -84.338387410999928, 14.674686788000088 ], [ -84.323168701999919, 14.673317363000109 ], [ -84.298880777999898, 14.667994690000072 ], [ -84.287796183999887, 14.667219544000062 ], [ -84.26728063999991, 14.677735698000021 ], [ -84.262164672999916, 14.699749858000104 ], [ -84.267332316999841, 14.746672058000058 ], [ -84.261802938999921, 14.758531799000068 ], [ -84.249219726999911, 14.759410298000105 ], [ -84.235396280999851, 14.754733582000128 ], [ -84.226378743999902, 14.749772644000089 ], [ -84.218678955999906, 14.743442282000075 ], [ -84.195011148999896, 14.718715108000055 ], [ -84.182893026999892, 14.713857523000044 ], [ -84.168191081999908, 14.714968567000128 ], [ -84.143799804999873, 14.721867371000101 ], [ -84.137882853999969, 14.725226339000116 ], [ -84.128736124999875, 14.734192200000066 ], [ -84.119615234999912, 14.736104228000073 ], [ -84.111217814999918, 14.734708964000092 ], [ -84.102277791999882, 14.731866760000031 ], [ -84.095430663999934, 14.736104228000073 ], [ -84.095430663999934, 14.743597310000027 ], [ -84.104189819999903, 14.751865540000068 ], [ -84.111114461999904, 14.761038106000058 ], [ -84.122715820999929, 14.784525045000038 ], [ -84.111760416999857, 14.793413392000048 ], [ -84.104448201999872, 14.793930156000087 ], [ -84.081555541999961, 14.779796651000055 ], [ -84.078971720999874, 14.77517161100009 ], [ -84.075199340999916, 14.771631775000031 ], [ -84.064683186999872, 14.770262349000063 ], [ -84.047810832999886, 14.770804952000105 ], [ -84.042669026999903, 14.768066101000059 ], [ -84.040756998999967, 14.76034047400006 ], [ -84.023574584999892, 14.758325094000028 ], [ -83.924717569999927, 14.763441061 ], [ -83.929859375999939, 14.771657613000045 ], [ -83.929652669999882, 14.780881857000054 ], [ -83.924717569999927, 14.803774516000061 ], [ -83.912651122999961, 14.797185771000073 ], [ -83.896553914999885, 14.780442606000122 ], [ -83.883763997999921, 14.77710947700011 ], [ -83.885004231999858, 14.781346944000077 ], [ -83.889939330999908, 14.790726216000024 ], [ -83.878751383999941, 14.786747132000045 ], [ -83.875263224999912, 14.784266663000068 ], [ -83.869475463999919, 14.77710947700011 ], [ -83.857305664999927, 14.787780661000028 ], [ -83.83950313299988, 14.797418315000044 ], [ -83.819659383999891, 14.803619486000031 ], [ -83.801210896999891, 14.803774516000061 ], [ -83.808988199999902, 14.808890483000056 ], [ -83.813923299999942, 14.81377390600008 ], [ -83.821054646999869, 14.825478618000062 ], [ -83.76529577699992, 14.828785909000061 ], [ -83.744521851999878, 14.836666565000101 ], [ -83.746563069999922, 14.852195333000026 ], [ -83.733928181999914, 14.852970480000039 ], [ -83.723618733999899, 14.851575216000057 ], [ -83.7162031659999, 14.847053528000032 ], [ -83.712430785999857, 14.83852691700011 ], [ -83.705015218999847, 14.83852691700011 ], [ -83.714497843999936, 14.867233175000109 ], [ -83.710622110999878, 14.878343607000119 ], [ -83.691966918999896, 14.886973572000073 ], [ -83.672149007999906, 14.88963490800009 ], [ -83.649953979999879, 14.888498027000082 ], [ -83.631557169999979, 14.883201192000044 ], [ -83.623056396999885, 14.872685038000085 ], [ -83.615614990999859, 14.872685038000085 ], [ -83.611300008999876, 14.884906514000107 ], [ -83.609181274999912, 14.89836822500007 ], [ -83.604272013999974, 14.90919443700011 ], [ -83.579777384999915, 14.918108623000123 ], [ -83.55486934399994, 14.937409770000073 ], [ -83.540477458999931, 14.941569723000015 ], [ -83.545128336999909, 14.952163391000084 ], [ -83.547350423999916, 14.955212301000103 ], [ -83.532493448999872, 14.951026509000073 ], [ -83.526860717999938, 14.94836517400006 ], [ -83.529909627999871, 14.961775207000088 ], [ -83.528617716999918, 14.973402405000058 ], [ -83.523036661999896, 14.977691548000024 ], [ -83.513218139999935, 14.96885487900002 ], [ -83.51262386099998, 14.984021911000042 ], [ -83.510996052999928, 14.99017140700002 ], [ -83.505725056999893, 14.996811829000109 ], [ -83.512468831999939, 15.006501160000141 ], [ -83.509084024999908, 15.011539612000107 ], [ -83.499007120999892, 15.012650655000115 ], [ -83.485855468999915, 15.010480245000039 ], [ -83.48055863499988, 15.005545146000088 ], [ -83.468388834999956, 14.987406719000063 ], [ -83.45919042999995, 14.982497457000122 ], [ -83.435729329999873, 14.985184631000052 ], [ -83.41547216799998, 14.996941020000051 ], [ -83.399891723999929, 15.013632508000086 ], [ -83.390305745999939, 15.030969950000099 ], [ -83.377825886999943, 15.021254781000053 ], [ -83.364984293999868, 15.016345521000119 ], [ -83.354545653999935, 15.010066834000028 ], [ -83.349352172999915, 14.996811829000109 ], [ -83.334236816999919, 15.00644948300004 ], [ -83.317054402999929, 15.007560526000134 ], [ -83.272974405999946, 15.003038839000098 ], [ -83.2848858239999, 14.997380269000075 ], [ -83.285660970999913, 14.992109274000128 ], [ -83.278322916999912, 14.987122498000076 ], [ -83.266153116999902, 14.982497457000122 ], [ -83.262019002999892, 14.98319508900002 ], [ -83.21773230099987, 14.982497457000122 ], [ -83.191325642999885, 14.994253845000117 ], [ -83.177398843999896, 14.996811829000109 ], [ -83.143654134999935, 14.994899801000088 ], [ -83.130444472447948, 14.997012021272383 ], [ -83.137766079999949, 14.986721096000053 ], [ -83.156076626999948, 14.978461005000042 ], [ -83.165150519999941, 14.96906159100007 ], [ -83.179839647999927, 14.985988674000055 ], [ -83.191883917999917, 14.974269924000055 ], [ -83.20148678299995, 14.953070380000042 ], [ -83.208892381999931, 14.94171784100007 ], [ -83.221669074999909, 14.935695705000057 ], [ -83.233876105999911, 14.92133209800005 ], [ -83.242909308999913, 14.904364325000074 ], [ -83.246449347999942, 14.890570380000042 ], [ -83.249094204999949, 14.885891018000052 ], [ -83.261830206999946, 14.87376536700009 ], [ -83.266957160999937, 14.86664459800005 ], [ -83.269520636999914, 14.856919664000088 ], [ -83.271351691999939, 14.835516669000071 ], [ -83.273793097999942, 14.825669664000088 ], [ -83.281971808999913, 14.813177802000041 ], [ -83.294016079999949, 14.804266669000071 ], [ -83.32843990799995, 14.790961005000042 ], [ -83.323231574999909, 14.801703192000048 ], [ -83.31476803299995, 14.811428127000056 ], [ -83.31476803299995, 14.803941148000092 ], [ -83.309437628999945, 14.814113674000055 ], [ -83.308501756999931, 14.825669664000088 ], [ -83.316273566999939, 14.82103099200009 ], [ -83.319488084999932, 14.820257880000042 ], [ -83.32843990799995, 14.825669664000088 ], [ -83.32843990799995, 14.831854559000078 ], [ -83.316477016999897, 14.83734772300005 ], [ -83.305083787999934, 14.838771877000056 ], [ -83.295074022999927, 14.835191148000092 ], [ -83.28742428299995, 14.825669664000088 ], [ -83.288197394999941, 14.844549872000073 ], [ -83.298939581999946, 14.870428778000075 ], [ -83.301665818999936, 14.890570380000042 ], [ -83.307850714999915, 14.910589911000045 ], [ -83.322173631999931, 14.913885809000078 ], [ -83.338368292999917, 14.908026434000078 ], [ -83.350168423999946, 14.900824286000045 ], [ -83.369862433999913, 14.883002020000049 ], [ -83.414133266999897, 14.827704169000071 ], [ -83.424631313999896, 14.803941148000092 ], [ -83.414865688999896, 14.81391022300005 ], [ -83.411529100999928, 14.818264065000051 ], [ -83.397816535999937, 14.807603257000039 ], [ -83.38695227799991, 14.766546942000048 ], [ -83.380238410999937, 14.757391669000071 ], [ -83.367054816999939, 14.749701239000046 ], [ -83.352650519999941, 14.736232815000051 ], [ -83.337513800999943, 14.731431382000039 ], [ -83.322173631999931, 14.749945380000042 ], [ -83.329457160999937, 14.756089585000041 ], [ -83.34788977799991, 14.767075914000088 ], [ -83.356312628999945, 14.770453192000048 ], [ -83.345041469999899, 14.776556708000044 ], [ -83.333485480999911, 14.773260809000078 ], [ -83.322987433999913, 14.763413804000038 ], [ -83.31476803299995, 14.749945380000042 ], [ -83.315419074999909, 14.772772528000075 ], [ -83.308176235999952, 14.779852606000077 ], [ -83.299224412999934, 14.771185614000046 ], [ -83.260121222999942, 14.59601471600007 ], [ -83.257964647999927, 14.590399481000077 ], [ -83.248605923999946, 14.57172272300005 ], [ -83.240305141999897, 14.523993231000077 ], [ -83.191802537999934, 14.386908270000049 ], [ -83.186594204999949, 14.347642320000091 ], [ -83.191395636999914, 14.313421942000048 ], [ -83.218576626999948, 14.25031159100007 ], [ -83.301665818999936, 14.119940497000073 ], [ -83.337513800999943, 14.077541408000059 ], [ -83.342640753999945, 14.060980536000045 ], [ -83.349680141999897, 14.048773505000042 ], [ -83.397287563999896, 14.016302802000041 ], [ -83.417388475999928, 13.98859284100007 ], [ -83.431263800999943, 13.956732489000046 ], [ -83.45531165299991, 13.86391836100006 ], [ -83.493804490999935, 13.73773834800005 ], [ -83.517486131999931, 13.62368398600006 ], [ -83.516021287999934, 13.574652411000045 ], [ -83.52017167899993, 13.550767320000091 ], [ -83.520375128999945, 13.531642971000053 ], [ -83.54133053299995, 13.48187897300005 ], [ -83.559152798999946, 13.415838934000078 ], [ -83.570139126999948, 13.287095445000091 ], [ -83.568226691999939, 13.263006903000075 ], [ -83.561146613999938, 13.249172268000052 ], [ -83.56859290299991, 13.24290599200009 ], [ -83.562977667999917, 13.230658270000049 ], [ -83.507679816999939, 12.902777411000045 ], [ -83.54133053299995, 12.63898346600007 ], [ -83.54133053299995, 12.580633856000077 ], [ -83.537993943999936, 12.57103099200009 ], [ -83.523508266999897, 12.542303778000075 ], [ -83.513824022999927, 12.51048411700009 ], [ -83.485910610999952, 12.472154039000088 ], [ -83.479237433999913, 12.447211005000042 ], [ -83.481800910999937, 12.41665273600006 ], [ -83.492298956999946, 12.400336005000042 ], [ -83.512562628999945, 12.393784898000092 ], [ -83.544748501999948, 12.392564195000091 ], [ -83.569243943999936, 12.387640692000048 ], [ -83.594227667999917, 12.378810940000051 ], [ -83.617583787999934, 12.375148830000057 ], [ -83.637521938999896, 12.385728257000039 ], [ -83.629994269999941, 12.39288971600007 ], [ -83.609364386999914, 12.407212632000039 ], [ -83.603382941999939, 12.413723049000055 ], [ -83.602528449999909, 12.425441799000055 ], [ -83.606312628999945, 12.441148179000038 ], [ -83.612700975999928, 12.454901434000078 ], [ -83.634632941999939, 12.474107164000088 ], [ -83.632883266999897, 12.539536851000037 ], [ -83.637521938999896, 12.564520575000074 ], [ -83.632069464999915, 12.56712474200009 ], [ -83.630034959999932, 12.570746161000045 ], [ -83.623850063999896, 12.570746161000045 ], [ -83.588449673999946, 12.559637762000079 ], [ -83.563791469999899, 12.590887762000079 ], [ -83.555409308999913, 12.635891018000052 ], [ -83.56859290299991, 12.66632721600007 ], [ -83.56859290299991, 12.673773505000042 ], [ -83.559966600999928, 12.683254299000055 ], [ -83.556548631999931, 12.69672272300005 ], [ -83.55492102799991, 12.75259023600006 ], [ -83.544422980999911, 12.763088283000059 ], [ -83.54133053299995, 12.769964911000045 ], [ -83.544667120999918, 12.796779690000051 ], [ -83.564035610999952, 12.812689520000049 ], [ -83.590809699999909, 12.81907786700009 ], [ -83.616363084999932, 12.81712474200009 ], [ -83.63703365799995, 12.80532461100006 ], [ -83.645904100999928, 12.786851304000038 ], [ -83.645334438999896, 12.766506252000056 ], [ -83.637521938999896, 12.748846747000073 ], [ -83.61554928299995, 12.737290757000039 ], [ -83.613270636999914, 12.735256252000056 ], [ -83.611683722999942, 12.714911200000074 ], [ -83.610218878999945, 12.707912502000056 ], [ -83.605946417999917, 12.701076565000051 ], [ -83.597482876999948, 12.694322007000039 ], [ -83.59593665299991, 12.684027411000045 ], [ -83.596424933999913, 12.667141018000052 ], [ -83.598622199999909, 12.660223700000074 ], [ -83.603382941999939, 12.65265534100007 ], [ -83.599436001999948, 12.647935289000088 ], [ -83.589100714999915, 12.632147528000075 ], [ -83.620472785999937, 12.614243882000039 ], [ -83.673695441999939, 12.570461330000057 ], [ -83.705799933999913, 12.557074286000045 ], [ -83.749012824999909, 12.552557684000078 ], [ -83.767201300999943, 12.546698309000078 ], [ -83.774647589999915, 12.53351471600007 ], [ -83.774647589999915, 12.481431382000039 ], [ -83.769439256999931, 12.482489325000074 ], [ -83.761057094999899, 12.482001044000071 ], [ -83.749012824999909, 12.479478257000039 ], [ -83.740956183999913, 12.479722398000092 ], [ -83.734242316999939, 12.477687893000052 ], [ -83.726226365999935, 12.468329169000071 ], [ -83.71939042899993, 12.423651434000078 ], [ -83.723378058999913, 12.402289130000042 ], [ -83.730376756999931, 12.382066148000092 ], [ -83.733713344999899, 12.362982489000046 ], [ -83.726226365999935, 12.344794012000079 ], [ -83.70767167899993, 12.335882880000042 ], [ -83.676340298999946, 12.342474677000041 ], [ -83.671009894999941, 12.327093817000048 ], [ -83.67218990799995, 12.317084052000041 ], [ -83.677316860999952, 12.29751211100006 ], [ -83.678456183999913, 12.286118882000039 ], [ -83.676380988999938, 12.279852606000077 ], [ -83.671742316999939, 12.288967190000051 ], [ -83.655873175999943, 12.340277411000045 ], [ -83.649769660999937, 12.353176174000055 ], [ -83.64093990799995, 12.358465887000079 ], [ -83.621205206999946, 12.355658270000049 ], [ -83.617014126999948, 12.348049221000053 ], [ -83.663726365999935, 12.256089585000041 ], [ -83.685902472999942, 12.13743724200009 ], [ -83.678578253999945, 12.009426174000055 ], [ -83.671009894999941, 11.987941799000055 ], [ -83.677845831999946, 11.983872789000088 ], [ -83.685292120999918, 11.98110586100006 ], [ -83.681223110999952, 12.001654364000046 ], [ -83.688303188999896, 12.018744208000044 ], [ -83.713246222999942, 12.049302476000037 ], [ -83.723744269999941, 12.074652411000045 ], [ -83.715240037999934, 12.08539459800005 ], [ -83.700672980999911, 12.095200914000088 ], [ -83.692738410999937, 12.118231512000079 ], [ -83.697865363999938, 12.135199286000045 ], [ -83.711008266999897, 12.154730536000045 ], [ -83.728627081999946, 12.171576239000046 ], [ -83.747385219999899, 12.18032461100006 ], [ -83.777740037999934, 12.177150783000059 ], [ -83.776275193999936, 12.162298895000049 ], [ -83.760324673999946, 12.15306224200009 ], [ -83.747385219999899, 12.16665273600006 ], [ -83.739898240999935, 12.16665273600006 ], [ -83.723052537999934, 12.149359442000048 ], [ -83.716135219999899, 12.138902085000041 ], [ -83.713246222999942, 12.125677802000041 ], [ -83.716908331999946, 12.108791408000059 ], [ -83.732045050999943, 12.087062893000052 ], [ -83.733713344999899, 12.07103099200009 ], [ -83.739369269999941, 12.051947333000044 ], [ -83.757313605999911, 12.051336981000077 ], [ -83.798573370999918, 12.063625393000052 ], [ -83.803944464999915, 12.060288804000038 ], [ -83.791737433999913, 12.052964585000041 ], [ -83.767201300999943, 12.043158270000049 ], [ -83.761301235999952, 12.035345770000049 ], [ -83.757232225999928, 12.024644273000092 ], [ -83.754953579999949, 12.012274481000077 ], [ -83.75422115799995, 11.999090887000079 ], [ -83.756255662999934, 11.990057684000078 ], [ -83.765207485999952, 11.971625067000048 ], [ -83.767201300999943, 11.96430084800005 ], [ -83.765533006999931, 11.958807684000078 ], [ -83.762115037999934, 11.953070380000042 ], [ -83.759836391999897, 11.946844794000071 ], [ -83.761057094999899, 11.940130927000041 ], [ -83.76626542899993, 11.933986721000053 ], [ -83.777088995999918, 11.929266669000071 ], [ -83.780873175999943, 11.926459052000041 ], [ -83.799387173999946, 11.902899481000077 ], [ -83.805083787999934, 11.899115302000041 ], [ -83.813710089999915, 11.896185614000046 ], [ -83.823475714999915, 11.88898346600007 ], [ -83.831857876999948, 11.879868882000039 ], [ -83.836089647999927, 11.871242580000057 ], [ -83.822987433999913, 11.862534898000092 ], [ -83.80695553299995, 11.848211981000077 ], [ -83.793365037999934, 11.83274974200009 ], [ -83.784779425999943, 11.813544012000079 ], [ -83.777495897999927, 11.808294989000046 ], [ -83.767730272999927, 11.804836330000057 ], [ -83.757639126999948, 11.803615627000056 ], [ -83.742909308999913, 11.805243231000077 ], [ -83.741810675999943, 11.809759833000044 ], [ -83.745961066999939, 11.816310940000051 ], [ -83.747385219999899, 11.824042059000078 ], [ -83.740589972999942, 11.843451239000046 ], [ -83.735096808999913, 11.853664455000057 ], [ -83.726226365999935, 11.857570705000057 ], [ -83.709543423999946, 11.85814036700009 ], [ -83.699940558999913, 11.84992096600007 ], [ -83.653635219999899, 11.667466539000088 ], [ -83.651193813999896, 11.63226959800005 ], [ -83.651722785999937, 11.619370835000041 ], [ -83.65298417899993, 11.611517645000049 ], [ -83.656809048999946, 11.605414130000042 ], [ -83.664784308999913, 11.598089911000045 ], [ -83.666737433999913, 11.600978908000059 ], [ -83.680897589999915, 11.598130601000037 ], [ -83.694732225999928, 11.593654690000051 ], [ -83.695871548999946, 11.59125397300005 ], [ -83.70376542899993, 11.587958075000074 ], [ -83.713734503999945, 11.573472398000092 ], [ -83.722808397999927, 11.570217190000051 ], [ -83.734934048999946, 11.569973049000055 ], [ -83.744699673999946, 11.568508205000057 ], [ -83.753041144999941, 11.564601955000057 ], [ -83.761057094999899, 11.557114976000037 ], [ -83.771229620999918, 11.52610911700009 ], [ -83.780913865999935, 11.479315497000073 ], [ -83.794422980999911, 11.44399648600006 ], [ -83.815663214999915, 11.447251695000091 ], [ -83.821888800999943, 11.447251695000091 ], [ -83.853627081999946, 11.407416083000044 ], [ -83.862782355999911, 11.39203522300005 ], [ -83.868031378999945, 11.374904690000051 ], [ -83.867909308999913, 11.273667710000041 ], [ -83.837269660999937, 11.142523505000042 ], [ -83.815663214999915, 11.090399481000077 ], [ -83.785633917999917, 11.044826565000051 ], [ -83.775949673999946, 11.01984284100007 ], [ -83.752064581999946, 10.982245184000078 ], [ -83.743641730999911, 10.974310614000046 ], [ -83.725453253999945, 10.96320221600007 ], [ -83.710316535999937, 10.922674872000073 ], [ -83.692738410999937, 10.925930080000057 ], [ -83.696499785854115, 10.936594144736317 ], [ -83.688754410845718, 10.93458680566807 ], [ -83.680976324785831, 10.917119398852687 ], [ -83.678799709060002, 10.916154380185779 ], [ -83.676850114500567, 10.910298763549688 ], [ -83.679831847356198, 10.897010590307339 ], [ -83.669854510493167, 10.891717678072528 ], [ -83.669306803999945, 10.869751078000064 ], [ -83.660134236999852, 10.834171855000093 ], [ -83.66302811699984, 10.807015889000112 ], [ -83.698142252999872, 10.789161682000071 ], [ -83.768964802999932, 10.772470195000039 ], [ -83.835343180999956, 10.747613831000081 ], [ -83.855807047999917, 10.723997701000059 ], [ -83.859527750999916, 10.721775615000055 ], [ -83.886864583999852, 10.72714996400012 ], [ -83.893556681999968, 10.724927877000113 ], [ -83.907483479999968, 10.715367737000108 ], [ -83.917276163999929, 10.7134815470001 ], [ -83.92657792199995, 10.714902649000095 ], [ -83.933321695999979, 10.718054911000053 ], [ -83.99362809299987, 10.765002950000095 ], [ -83.998201456999908, 10.782056173000043 ], [ -84.00923437599991, 10.789445903000043 ], [ -84.022696085999968, 10.78722381700004 ], [ -84.034555826999878, 10.775519104000068 ], [ -84.051634887999938, 10.779549866000053 ], [ -84.076439574999966, 10.763814393000075 ], [ -84.088557698999864, 10.775519104000068 ], [ -84.095430663999934, 10.775519104000068 ], [ -84.106928670999935, 10.766914978000031 ], [ -84.118426676999974, 10.771229960000099 ], [ -84.137004354999931, 10.789161682000071 ], [ -84.149019124999882, 10.787172140000038 ], [ -84.164832112999875, 10.789445903000043 ], [ -84.180412557999915, 10.789755961000125 ], [ -84.19160050499994, 10.781720276000044 ], [ -84.19687150099989, 10.788515727000089 ], [ -84.218885660999973, 10.80595652300012 ], [ -84.225241862999894, 10.81368214900003 ], [ -84.227102213999899, 10.819314881000068 ], [ -84.222658040999903, 10.827040507000063 ], [ -84.218523925999875, 10.829831035000026 ], [ -84.204648803999902, 10.836988220000066 ], [ -84.208369506999901, 10.860966085000072 ], [ -84.225655273999905, 10.875306295000073 ], [ -84.244723877999888, 10.88491811100009 ], [ -84.253663900999925, 10.89471079600014 ], [ -84.264283406999908, 10.901816305000082 ], [ -84.310740519999939, 10.919412130000055 ], [ -84.321308349999896, 10.9291531370001 ], [ -84.324098876999955, 10.936181132000115 ], [ -84.337405558999876, 10.952665914000093 ], [ -84.341798055999874, 10.959900615000066 ], [ -84.343865112999936, 10.972277121000033 ], [ -84.343658406999879, 10.982379863000062 ], [ -84.3459838469999, 10.989898784000019 ], [ -84.355466471999875, 10.994627177000098 ], [ -84.363967244999884, 10.989614563000131 ], [ -84.417762410999899, 10.955043030000041 ], [ -84.427245035999874, 10.951115621000071 ], [ -84.438200439999946, 10.952200826000066 ], [ -84.448871623999963, 10.956334941000094 ], [ -84.457837483999896, 10.961347555000145 ], [ -84.46638993399992, 10.968453064000087 ], [ -84.489127563999887, 10.996358337000061 ], [ -84.498170939999852, 11.001991069000098 ], [ -84.508738769999923, 11.005530904000054 ], [ -84.558606526999966, 11.027209168000056 ], [ -84.581680053999946, 11.034469706000024 ], [ -84.603229125999889, 11.033281149000089 ], [ -84.620669921999934, 11.035761617000077 ], [ -84.658729614999885, 11.062736715000099 ], [ -84.676454630999899, 11.070410665000082 ], [ -84.707770548999918, 11.063046774000085 ], [ -84.884969034999955, 10.947679138000041 ], [ -84.908404296999919, 10.939359233000076 ], [ -84.931400309999873, 10.941891378000065 ], [ -85.092837483999915, 11.000647482000119 ], [ -85.272361409999917, 11.066199036000043 ], [ -85.407417765999895, 11.115446676000118 ], [ -85.508626058999909, 11.152421163000071 ], [ -85.540949666999978, 11.17032704600004 ], [ -85.569164998999952, 11.195390117000045 ], [ -85.597793741999936, 11.209937032000099 ], [ -85.631150879999893, 11.196216939000067 ], [ -85.659314534999851, 11.158829041000018 ], [ -85.677582153999907, 11.119632467000059 ], [ -85.701735565999883, 11.080880181000097 ] ] ], [ [ [ -83.686867076854611, 10.937970246495594 ], [ -83.681766322780319, 10.935434518184676 ], [ -83.67833546290187, 10.935952757867287 ], [ -83.672991238860462, 10.933231989430151 ], [ -83.675564383769284, 10.929409915424063 ], [ -83.675564383769284, 10.925976484931059 ], [ -83.671275808921237, 10.926494741135784 ], [ -83.666195497178151, 10.931223787193453 ], [ -83.665352396489226, 10.935318186754772 ], [ -83.681996222999942, 10.938666083000044 ], [ -83.686867076854611, 10.937970246495594 ] ] ], [ [ [ -83.726226365999935, 11.878648179000038 ], [ -83.733794725999928, 11.905829169000071 ], [ -83.736073370999918, 11.941799221000053 ], [ -83.728993292999917, 11.973334052000041 ], [ -83.708404100999928, 11.987290757000039 ], [ -83.705677863999938, 11.986232815000051 ], [ -83.705799933999913, 11.98110586100006 ], [ -83.712391730999911, 11.970851955000057 ], [ -83.719309048999946, 11.95453522300005 ], [ -83.724517381999931, 11.936346747000073 ], [ -83.726226365999935, 11.92023346600007 ], [ -83.720366990999935, 11.883693752000056 ], [ -83.719838019999941, 11.870306708000044 ], [ -83.726226365999935, 11.878648179000038 ] ] ], [ [ [ -83.053944464999915, 12.143866278000075 ], [ -83.055978969999899, 12.166205145000049 ], [ -83.046457485999952, 12.183742580000057 ], [ -83.032541469999899, 12.190822658000059 ], [ -83.021148240999935, 12.181789455000057 ], [ -83.025054490999935, 12.175197658000059 ], [ -83.053944464999915, 12.143866278000075 ] ] ], [ [ [ -82.767323370999918, 14.414129950000074 ], [ -82.751047329999949, 14.422023830000057 ], [ -82.737782355999911, 14.421942450000074 ], [ -82.728993292999917, 14.413763739000046 ], [ -82.725697394999941, 14.397406317000048 ], [ -82.732533331999946, 14.369574286000045 ], [ -82.750843878999945, 14.361476955000057 ], [ -82.803944464999915, 14.36595286700009 ], [ -82.800445115999935, 14.369289455000057 ], [ -82.800852016999897, 14.373236395000049 ], [ -82.784779425999943, 14.381984768000052 ], [ -82.778228318999936, 14.39321523600006 ], [ -82.774647589999915, 14.404689846000053 ], [ -82.767323370999918, 14.414129950000074 ] ] ] ] } },
{ "type": "Feature", "properties": { "iso": "PA", "name": "Panamá", "role": "centro" }, "geometry": { "type": "MultiPolygon", "coordinates": [ [ [ [ -82.573597785999937, 9.576198635000083 ], [ -82.561879035999937, 9.56907786700009 ], [ -82.465646938999896, 9.493963934000078 ], [ -82.406605597999942, 9.435248114000046 ], [ -82.368967251999948, 9.414943752000056 ], [ -82.342762824999909, 9.432521877000056 ], [ -82.345082160999937, 9.415432033000059 ], [ -82.349598761999914, 9.402044989000046 ], [ -82.376779751999948, 9.355169989000046 ], [ -82.379465298999946, 9.343817450000074 ], [ -82.376291469999899, 9.330064195000091 ], [ -82.367787238999938, 9.320746161000045 ], [ -82.356434699999909, 9.313421942000048 ], [ -82.348133917999917, 9.305568752000056 ], [ -82.348947719999899, 9.294745184000078 ], [ -82.362456834999932, 9.284125067000048 ], [ -82.387603318999936, 9.286078192000048 ], [ -82.389963344999899, 9.27484772300005 ], [ -82.394927537999934, 9.267075914000088 ], [ -82.393666144999941, 9.262111721000053 ], [ -82.388783331999946, 9.26007721600007 ], [ -82.38304602799991, 9.261216539000088 ], [ -82.373199022999927, 9.25454336100006 ], [ -82.364491339999915, 9.242865302000041 ], [ -82.358143683999913, 9.229437567000048 ], [ -82.355824347999942, 9.216782945000091 ], [ -82.350575324999909, 9.207261460000041 ], [ -82.314808722999942, 9.185492255000042 ], [ -82.307972785999937, 9.185492255000042 ], [ -82.300445115999935, 9.197088934000078 ], [ -82.288238084999932, 9.198553778000075 ], [ -82.282460089999915, 9.202093817000048 ], [ -82.294300910999937, 9.220282294000071 ], [ -82.280995245999918, 9.216620184000078 ], [ -82.275949673999946, 9.206447658000059 ], [ -82.273060675999943, 9.194484768000052 ], [ -82.266428188999896, 9.185492255000042 ], [ -82.255482550999943, 9.182603257000039 ], [ -82.247914191999939, 9.186997789000088 ], [ -82.24445553299995, 9.19757721600007 ], [ -82.245961066999939, 9.213446356000077 ], [ -82.239084438999896, 9.213446356000077 ], [ -82.238148566999939, 9.200262762000079 ], [ -82.231068488999938, 9.193752346000053 ], [ -82.223052537999934, 9.192775783000059 ], [ -82.219227667999917, 9.196356512000079 ], [ -82.218739386999914, 9.208644924000055 ], [ -82.216867641999897, 9.217474677000041 ], [ -82.212513800999943, 9.220038153000075 ], [ -82.204945441999939, 9.213446356000077 ], [ -82.202788865999935, 9.220689195000091 ], [ -82.198109503999945, 9.220282294000071 ], [ -82.196197068999936, 9.211167710000041 ], [ -82.193430141999897, 9.204087632000039 ], [ -82.189605272999927, 9.198309637000079 ], [ -82.184437628999945, 9.192938544000071 ], [ -82.177642381999931, 9.192938544000071 ], [ -82.177642381999931, 9.199774481000077 ], [ -82.170806443999936, 9.199774481000077 ], [ -82.173451300999943, 9.184759833000044 ], [ -82.171701626999948, 9.157416083000044 ], [ -82.177642381999931, 9.14516836100006 ], [ -82.208119269999941, 9.163763739000046 ], [ -82.224110480999911, 9.169663804000038 ], [ -82.249623175999943, 9.171820380000042 ], [ -82.260731574999909, 9.164048570000091 ], [ -82.263783331999946, 9.146551825000074 ], [ -82.260731574999909, 9.127875067000048 ], [ -82.253407355999911, 9.116603908000059 ], [ -82.253407355999911, 9.110419012000079 ], [ -82.258941209999932, 9.11273834800005 ], [ -82.273833787999934, 9.116603908000059 ], [ -82.268462693999936, 9.102362372000073 ], [ -82.244536912999934, 9.089911200000074 ], [ -82.239084438999896, 9.079331773000092 ], [ -82.245961066999939, 9.014146226000037 ], [ -82.253488735999952, 9.016302802000041 ], [ -82.260161912999934, 9.020982164000088 ], [ -82.243031378999945, 9.004461981000077 ], [ -82.218820766999897, 8.993353583000044 ], [ -82.194691535999937, 8.99095286700009 ], [ -82.177642381999931, 9.000555731000077 ], [ -82.141753709999932, 8.988959052000041 ], [ -82.129017706999946, 8.981390692000048 ], [ -82.12922115799995, 8.973211981000077 ], [ -82.114409959999932, 8.950751044000071 ], [ -82.107004360999952, 8.941880601000037 ], [ -82.105376756999931, 8.935207424000055 ], [ -82.101918097999942, 8.931626695000091 ], [ -82.097808397999927, 8.930609442000048 ], [ -82.086659308999913, 8.931708075000074 ], [ -82.067616339999915, 8.930731512000079 ], [ -82.020008917999917, 8.945298570000091 ], [ -81.997710740999935, 8.947455145000049 ], [ -81.985218878999945, 8.942328192000048 ], [ -81.974720831999946, 8.935207424000055 ], [ -81.958566860999952, 8.931626695000091 ], [ -81.943959113999938, 8.935126044000071 ], [ -81.929432745999918, 8.943833726000037 ], [ -81.920765753999945, 8.955145575000074 ], [ -81.923736131999931, 8.966376044000071 ], [ -81.912464972999942, 8.971096096000053 ], [ -81.903716600999928, 8.971136786000045 ], [ -81.889637824999909, 8.966376044000071 ], [ -81.887684699999909, 8.962591864000046 ], [ -81.878041144999941, 8.954250393000052 ], [ -81.867339647999927, 8.949286200000074 ], [ -81.862375454999949, 8.95579661700009 ], [ -81.852284308999913, 8.958319403000075 ], [ -81.793446417999917, 8.931626695000091 ], [ -81.775542772999927, 8.940252997000073 ], [ -81.770578579999949, 8.957464911000045 ], [ -81.774240688999896, 8.997463283000059 ], [ -81.841867641999897, 9.035305080000057 ], [ -81.877064581999946, 9.087307033000059 ], [ -81.886219855999911, 9.096136786000045 ], [ -81.899281378999945, 9.10187409100007 ], [ -81.917836066999939, 9.114976304000038 ], [ -81.933420376999948, 9.12921784100007 ], [ -81.937408006999931, 9.138332424000055 ], [ -81.922027147999927, 9.13812897300005 ], [ -81.896636522999927, 9.131781317000048 ], [ -81.872873501999948, 9.12954336100006 ], [ -81.862375454999949, 9.141750393000052 ], [ -81.89476477799991, 9.156927802000041 ], [ -81.910308397999927, 9.168117580000057 ], [ -81.903309699999909, 9.179266669000071 ], [ -81.882801886999914, 9.179510809000078 ], [ -81.86546790299991, 9.16665273600006 ], [ -81.841867641999897, 9.138332424000055 ], [ -81.818755662999934, 9.121079820000091 ], [ -81.814564581999946, 9.116603908000059 ], [ -81.816029425999943, 9.10805898600006 ], [ -81.824208136999914, 9.105454820000091 ], [ -81.834380662999934, 9.107001044000071 ], [ -81.841867641999897, 9.110419012000079 ], [ -81.841867641999897, 9.103583075000074 ], [ -81.825831389999905, 9.085286054000051 ], [ -81.820880853999938, 9.070647428000086 ], [ -81.813465567999913, 9.06780531000004 ], [ -81.800285577999944, 9.067811131000042 ], [ -81.776807034999933, 9.064972420000061 ], [ -81.761971321999908, 9.063750226000082 ], [ -81.736887173999946, 9.036932684000078 ], [ -81.721171869999921, 9.03202187100004 ], [ -81.706450975999928, 8.999172268000052 ], [ -81.701568162999934, 8.994330145000049 ], [ -81.687489386999914, 8.984198309000078 ], [ -81.627552863999938, 8.899115302000041 ], [ -81.587310350999928, 8.856350002000056 ], [ -81.567494269999941, 8.843491929000038 ], [ -81.561594204999949, 8.834377346000053 ], [ -81.550770636999914, 8.822821356000077 ], [ -81.539051886999914, 8.812933661000045 ], [ -81.530262824999909, 8.808742580000057 ], [ -81.521473761999914, 8.806789455000057 ], [ -81.503292085999931, 8.800959842000054 ], [ -81.491196938999906, 8.800984727000071 ], [ -81.473474338999949, 8.806593814000053 ], [ -81.421506346999934, 8.796426828000051 ], [ -81.40943074899991, 8.800099720000048 ], [ -81.381546644999901, 8.800120439000068 ], [ -81.357980923999946, 8.785101630000042 ], [ -81.304463159999898, 8.781882361000044 ], [ -81.266224148999925, 8.789234831000044 ], [ -81.213072785999941, 8.791808601000071 ], [ -81.17478467299992, 8.796765778000065 ], [ -81.130340235999938, 8.801736471000083 ], [ -81.087717251999948, 8.808742580000057 ], [ -81.079904751999948, 8.804836330000057 ], [ -81.070708787999934, 8.806830145000049 ], [ -81.061512824999909, 8.813177802000041 ], [ -81.053578253999945, 8.822414455000057 ], [ -80.97513893799993, 8.848088992000044 ], [ -80.898923209999907, 8.879635169000039 ], [ -80.881717073999937, 8.885697916000083 ], [ -80.844856945999936, 8.884479757000065 ], [ -80.822417772999927, 8.890692450000074 ], [ -80.812899456999901, 8.902669580000065 ], [ -80.804292363999934, 8.912369333000072 ], [ -80.772572394999941, 8.95343659100007 ], [ -80.762521938999896, 8.959540106000077 ], [ -80.759144660999937, 8.962713934000078 ], [ -80.755848761999914, 8.969794012000079 ], [ -80.75064042899993, 8.97687409100007 ], [ -80.741688605999911, 8.980047919000071 ], [ -80.726826289999906, 8.997221549000074 ], [ -80.703484622999952, 9.008107912000071 ], [ -80.667103644999941, 9.029730536000045 ], [ -80.653228318999936, 9.035305080000057 ], [ -80.637117868999951, 9.051671743000043 ], [ -80.57933726999994, 9.08068731700007 ], [ -80.506772714999897, 9.110891244000072 ], [ -80.408315861999938, 9.14226211600004 ], [ -80.292591925999943, 9.151353257000039 ], [ -80.277455206999946, 9.156398830000057 ], [ -80.24478105399993, 9.175116278000075 ], [ -80.234934048999946, 9.179266669000071 ], [ -80.199940558999913, 9.183172919000071 ], [ -80.162912563999896, 9.192938544000071 ], [ -80.129709438999896, 9.206203518000052 ], [ -80.100819464999915, 9.222316799000055 ], [ -80.065200701999913, 9.262480813000082 ], [ -80.026193813999896, 9.296616929000038 ], [ -80.000823381999908, 9.320515588000092 ], [ -79.99850467899995, 9.331796456000063 ], [ -79.978943743999935, 9.36335312600005 ], [ -79.953731057999903, 9.373433893000083 ], [ -79.947436411999945, 9.372848822000037 ], [ -79.943755662999934, 9.36359284100007 ], [ -79.945912238999938, 9.325873114000046 ], [ -79.943755662999934, 9.31586334800005 ], [ -79.938221808999913, 9.309149481000077 ], [ -79.929432745999918, 9.30414459800005 ], [ -79.919178839999915, 9.303168036000045 ], [ -79.909047003999945, 9.308417059000078 ], [ -79.901600714999915, 9.326646226000037 ], [ -79.900257941999939, 9.346828518000052 ], [ -79.894683397999927, 9.356431382000039 ], [ -79.874867316999939, 9.343166408000059 ], [ -79.877064581999946, 9.351629950000074 ], [ -79.879505988999938, 9.368801174000055 ], [ -79.881703253999945, 9.37726471600007 ], [ -79.874867316999939, 9.371079820000091 ], [ -79.868031378999945, 9.37726471600007 ], [ -79.880401583999912, 9.39464028000009 ], [ -79.871211531999904, 9.404204787000083 ], [ -79.85978611999991, 9.399083630000064 ], [ -79.840898126999946, 9.400709095000082 ], [ -79.818623143999901, 9.39103205400005 ], [ -79.800363735999952, 9.36078522300005 ], [ -79.792958136999914, 9.349351304000038 ], [ -79.796986456999946, 9.371283270000049 ], [ -79.802154100999928, 9.386664130000042 ], [ -79.802723761999914, 9.400580145000049 ], [ -79.792958136999914, 9.418198960000041 ], [ -79.778146938999896, 9.431586005000042 ], [ -79.74828040299991, 9.442531643000052 ], [ -79.731516079999949, 9.453029690000051 ], [ -79.729359503999945, 9.455959377000056 ], [ -79.724720831999946, 9.466701565000051 ], [ -79.721302863999938, 9.469224351000037 ], [ -79.714654536999944, 9.479844922000041 ], [ -79.705462690999923, 9.485459786000092 ], [ -79.690629719999947, 9.495799408000039 ], [ -79.6842831539999, 9.521478175000084 ], [ -79.677374585999928, 9.545607528000062 ], [ -79.6596830229999, 9.552373618000047 ], [ -79.651662453999904, 9.55969390000007 ], [ -79.656484815999931, 9.564962828000091 ], [ -79.66772035799994, 9.560802323000075 ], [ -79.676503058999913, 9.558417059000078 ], [ -79.682157668999935, 9.564526740000076 ], [ -79.66984326599993, 9.572886580000045 ], [ -79.664484856999934, 9.583370031000072 ], [ -79.650031054999943, 9.589606428000081 ], [ -79.638852935999921, 9.598508694000088 ], [ -79.630335196999908, 9.608473537000066 ], [ -79.612210227999924, 9.613666727000066 ], [ -79.596242733999929, 9.611521288000063 ], [ -79.576548929999944, 9.617789961000085 ], [ -79.550968549999936, 9.629292480000061 ], [ -79.532866990999935, 9.624335028000075 ], [ -79.52798417899993, 9.612453518000052 ], [ -79.522613084999932, 9.602850653000075 ], [ -79.522450324999909, 9.595282294000071 ], [ -79.532866990999935, 9.589544989000046 ], [ -79.532866990999935, 9.583319403000075 ], [ -79.523060675999943, 9.579046942000048 ], [ -79.519195115999935, 9.56907786700009 ], [ -79.510731574999909, 9.57453034100007 ], [ -79.507883266999897, 9.577378648000092 ], [ -79.504994269999941, 9.583319403000075 ], [ -79.498158331999946, 9.583319403000075 ], [ -79.492014126999948, 9.578680731000077 ], [ -79.483876105999911, 9.575018622000073 ], [ -79.463978644999941, 9.56907786700009 ], [ -79.463490363999938, 9.577704169000071 ], [ -79.456532355999911, 9.596380927000041 ], [ -79.451242641999897, 9.587388414000088 ], [ -79.444569464999915, 9.583807684000078 ], [ -79.437245245999918, 9.58470286700009 ], [ -79.429839647999927, 9.589544989000046 ], [ -79.391892219999932, 9.580501864000041 ], [ -79.336046023999927, 9.574359218000041 ], [ -79.272749655999917, 9.557021313000064 ], [ -79.2397089829999, 9.545515083000055 ], [ -79.193757228999914, 9.53960210200006 ], [ -79.175003644999947, 9.549403746000053 ], [ -79.156274363999898, 9.554955061000044 ], [ -79.133276086999899, 9.553404717000092 ], [ -79.116036741999949, 9.551889715000073 ], [ -79.098771641999917, 9.556032194000068 ], [ -79.080066530999943, 9.56157950000005 ], [ -79.048455651999916, 9.564218877000087 ], [ -79.012902007999912, 9.570225582000091 ], [ -78.970582971999931, 9.573313287000076 ], [ -78.957311407999953, 9.565283566000062 ], [ -78.957362509999939, 9.554032607000067 ], [ -78.97451246299994, 9.544735453000044 ], [ -78.986858370999926, 9.547135568000044 ], [ -78.996871111999951, 9.539680668000074 ], [ -79.007806002999928, 9.538792274000059 ], [ -79.038230630999919, 9.535170273000062 ], [ -79.054873438999948, 9.531958770000074 ], [ -79.065858829999911, 9.513720207000063 ], [ -79.063152069999944, 9.49029209400004 ], [ -79.058060022999939, 9.457931447000078 ], [ -79.040498114999934, 9.452233634000038 ], [ -79.024323598999899, 9.455913990000056 ], [ -79.013890376999939, 9.451183411000045 ], [ -78.977277268999899, 9.457115774000044 ], [ -78.966362218999905, 9.45472499400006 ], [ -78.95259004199994, 9.454663080000046 ], [ -78.935050173999912, 9.447556342000041 ], [ -78.924618639999949, 9.44423117000008 ], [ -78.908070441999939, 9.430812893000052 ], [ -78.903309699999909, 9.422919012000079 ], [ -78.89574330399995, 9.424421061000089 ], [ -78.882912972999918, 9.425295124000058 ], [ -78.874841132999904, 9.424788310000054 ], [ -78.864878247999911, 9.422397982000064 ], [ -78.852544202999923, 9.423753852000061 ], [ -78.847235740999906, 9.433084454000038 ], [ -78.836335919999897, 9.435384427000088 ], [ -78.817844768999919, 9.431080468000062 ], [ -78.78938426499991, 9.436570632000041 ], [ -78.781136414999935, 9.445882047000055 ], [ -78.764105287999939, 9.442521953000039 ], [ -78.752649044999941, 9.444333833000087 ], [ -78.741595066999935, 9.44848875100007 ], [ -78.728222884999923, 9.454983637000055 ], [ -78.717884894999941, 9.441839911000045 ], [ -78.701656968999941, 9.434259603000044 ], [ -78.688869084999908, 9.43555350400004 ], [ -78.655600285999924, 9.426498389000074 ], [ -78.63326473099994, 9.428733218000048 ], [ -78.620027581999921, 9.418825435000088 ], [ -78.603899646999935, 9.416394068000045 ], [ -78.58962149599995, 9.422402190000071 ], [ -78.578087387999915, 9.43189831300009 ], [ -78.561318325999935, 9.438040165000075 ], [ -78.546407441999918, 9.434370216000048 ], [ -78.527122645999953, 9.421502986000064 ], [ -78.512820123999916, 9.415992034000055 ], [ -78.479889665999906, 9.416002824000088 ], [ -78.463449673999946, 9.40460846600007 ], [ -78.452606688999936, 9.40883344000008 ], [ -78.437712497999939, 9.404351060000067 ], [ -78.427261341999952, 9.393895709000049 ], [ -78.415951381999946, 9.38430978100007 ], [ -78.388730732999932, 9.371848899000042 ], [ -78.378321713999924, 9.365750006000042 ], [ -78.364224503999935, 9.36119855700008 ], [ -78.33833926199992, 9.356006656000091 ], [ -78.317512241999907, 9.344662242000084 ], [ -78.302727033999929, 9.333313626000063 ], [ -78.277486314999919, 9.321878839000078 ], [ -78.267910993999919, 9.320943162000049 ], [ -78.254861620999918, 9.317389616000071 ], [ -78.241857412999934, 9.309545141000058 ], [ -78.208024793999925, 9.290335613000082 ], [ -78.192353942999944, 9.287610808000068 ], [ -78.176654083999949, 9.290058988000055 ], [ -78.167086290999919, 9.286516887000062 ], [ -78.154922565999925, 9.279491061000044 ], [ -78.141905495999936, 9.277709576000063 ], [ -78.123706892999905, 9.266364628000076 ], [ -78.114003058999913, 9.253810940000051 ], [ -78.088159299999916, 9.247983673000078 ], [ -78.055992348999951, 9.243438130000072 ], [ -78.036901178999926, 9.23639165700007 ], [ -78.024566209999932, 9.226467190000051 ], [ -78.020822719999899, 9.21360911700009 ], [ -77.999256964999915, 9.190822658000059 ], [ -77.986254645999907, 9.188899939000066 ], [ -77.968658006999931, 9.180609442000048 ], [ -77.935408951999932, 9.142888937000066 ], [ -77.918527798999946, 9.116603908000059 ], [ -77.905028417999915, 9.099310445000071 ], [ -77.890152348999948, 9.077213285000084 ], [ -77.855743596999901, 9.054290580000043 ], [ -77.865223761999914, 9.080267645000049 ], [ -77.876442099999906, 9.103554690000067 ], [ -77.877661019999948, 9.11888756500008 ], [ -77.860096808999913, 9.110419012000079 ], [ -77.847258796999938, 9.087558109000042 ], [ -77.83919444299994, 9.076501573000087 ], [ -77.811865107999949, 9.058039561000044 ], [ -77.808172351999929, 9.035333090000051 ], [ -77.798238538999897, 9.024263803000053 ], [ -77.785813840999936, 9.016871380000055 ], [ -77.770741339999915, 9.003973700000074 ], [ -77.767241990999935, 8.992336330000057 ], [ -77.758534308999913, 8.981512762000079 ], [ -77.747547980999911, 8.972560940000051 ], [ -77.744415965999906, 8.963576305000061 ], [ -77.754205715999944, 8.945658706000074 ], [ -77.734730597999942, 8.923488674000055 ], [ -77.720772329999932, 8.892290262000074 ], [ -77.710320862999936, 8.881281909000052 ], [ -77.701056068999947, 8.889259806000041 ], [ -77.696736843999929, 8.887426389000041 ], [ -77.695519647999902, 8.87331922900006 ], [ -77.676292523999905, 8.861628296000049 ], [ -77.655851862999953, 8.843200133000039 ], [ -77.63345292899993, 8.817450262000079 ], [ -77.614328579999949, 8.808742580000057 ], [ -77.61945553299995, 8.816961981000077 ], [ -77.626047329999949, 8.823146877000056 ], [ -77.631743943999936, 8.829901434000078 ], [ -77.634185350999928, 8.839789130000042 ], [ -77.629058397999927, 8.84446849200009 ], [ -77.617990688999953, 8.835191148000092 ], [ -77.607411261999914, 8.822170315000051 ], [ -77.60383053299995, 8.815578518000052 ], [ -77.574072649999948, 8.792754063000075 ], [ -77.577873707999913, 8.775030270000059 ], [ -77.559342152999932, 8.75970760000007 ], [ -77.553622633999908, 8.776756090000049 ], [ -77.543688488999919, 8.774885415000085 ], [ -77.535099402999947, 8.757744993000074 ], [ -77.538342776999912, 8.741314829000089 ], [ -77.540290285999902, 8.726078971000049 ], [ -77.544749517999946, 8.714603511000064 ], [ -77.532137328999909, 8.703201771000067 ], [ -77.500721808999913, 8.681830145000049 ], [ -77.476958787999934, 8.669907945000091 ], [ -77.444203253999945, 8.66437409100007 ], [ -77.413197394999941, 8.666693427000041 ], [ -77.394602016999897, 8.678412177000041 ], [ -77.390695766999897, 8.673529364000046 ], [ -77.385812954999949, 8.669582424000055 ], [ -77.380034959999932, 8.66665273600006 ], [ -77.373524542999917, 8.664740302000041 ], [ -77.374936483999932, 8.6509459440001 ], [ -77.385375121999857, 8.643633728000111 ], [ -77.401549845999853, 8.642031759000076 ], [ -77.417672892999946, 8.638466085000104 ], [ -77.434002644999879, 8.628259989000043 ], [ -77.435036173999947, 8.620637716000061 ], [ -77.430230264999949, 8.610457459000102 ], [ -77.429093384999931, 8.592629090000059 ], [ -77.441133992999909, 8.567669372000069 ], [ -77.480356404999952, 8.526199036 ], [ -77.488676309999931, 8.496536764000055 ], [ -77.488727986999947, 8.473644104000115 ], [ -77.479684610999897, 8.467856343000051 ], [ -77.449608927999918, 8.470646871000014 ], [ -77.432710734999915, 8.465065816000092 ], [ -77.422323770999895, 8.456410014000141 ], [ -77.405787313999895, 8.428453064000053 ], [ -77.391266235999865, 8.393545634000063 ], [ -77.382998005999923, 8.324945171000124 ], [ -77.374368042999976, 8.289314270000133 ], [ -77.363205932999932, 8.27208018000006 ], [ -77.350493530999898, 8.267403463000093 ], [ -77.337161010999864, 8.26662831600008 ], [ -77.324345255999873, 8.261202291000103 ], [ -77.316903849999875, 8.250841166000086 ], [ -77.295199747999874, 8.205495097000068 ], [ -77.260111449999926, 8.154025371000088 ], [ -77.231069294999941, 8.098731588000064 ], [ -77.209623575999899, 8.020700175000059 ], [ -77.207763223999905, 7.996567281000097 ], [ -77.201200317999906, 7.98199452700004 ], [ -77.191536824999901, 7.972847799000064 ], [ -77.180839803999902, 7.965148010000064 ], [ -77.171072957999939, 7.954916077000078 ], [ -77.163269815999911, 7.939258117000037 ], [ -77.169005899999974, 7.935072326000096 ], [ -77.20605790299993, 7.935485738000096 ], [ -77.236133585999909, 7.92923289 ], [ -77.269723266999932, 7.918122457000081 ], [ -77.300419067999968, 7.90210276300013 ], [ -77.321606404999841, 7.881018779000016 ], [ -77.347186238999882, 7.82381296800007 ], [ -77.376641805999981, 7.786605937000061 ], [ -77.379897420999953, 7.774410299000039 ], [ -77.36651322499992, 7.745109762000084 ], [ -77.345997680999858, 7.725731099000114 ], [ -77.339744832999969, 7.707230937000091 ], [ -77.369097045999922, 7.680772603 ], [ -77.509346883999939, 7.594111227000056 ], [ -77.554925496999914, 7.548480937000051 ], [ -77.57998856699993, 7.528378805000088 ], [ -77.602674519999908, 7.526053365000067 ], [ -77.613319865999898, 7.537473857000066 ], [ -77.625463826999891, 7.587444967000039 ], [ -77.633060261999873, 7.60067413400013 ], [ -77.660758829999878, 7.63803619400008 ], [ -77.663394327999896, 7.639948222000015 ], [ -77.671869262999905, 7.64196360300005 ], [ -77.674814819999909, 7.644650778000084 ], [ -77.674763142999979, 7.64842315700011 ], [ -77.670215617999958, 7.659947001000134 ], [ -77.679930786999904, 7.670954081000033 ], [ -77.729901896999962, 7.713328756000053 ], [ -77.740237182999891, 7.718858134000044 ], [ -77.764215047999897, 7.705732320000081 ], [ -77.770519571999898, 7.6689903770001 ], [ -77.765817016999932, 7.626460674000043 ], [ -77.756825317999898, 7.595558167000135 ], [ -77.734242716999944, 7.551788228000049 ], [ -77.731245483999942, 7.530342509000121 ], [ -77.740237182999891, 7.504607645000121 ], [ -77.755119994999916, 7.486107483000097 ], [ -77.774240274999926, 7.474738668000029 ], [ -77.796306111999911, 7.471276347000071 ], [ -77.820180623999903, 7.476547343000107 ], [ -77.895839150733224, 7.235098056585514 ], [ -77.918812628999945, 7.24164459800005 ], [ -77.947621222999942, 7.267645575000074 ], [ -77.99046790299991, 7.32094961100006 ], [ -78.006459113999938, 7.332464911000045 ], [ -78.014393683999913, 7.341009833000044 ], [ -78.01781165299991, 7.35228099200009 ], [ -78.015533006999931, 7.36273834800005 ], [ -78.011545376999948, 7.373195705000057 ], [ -78.009755011999914, 7.383490302000041 ], [ -78.014393683999913, 7.393540757000039 ], [ -78.020090298999946, 7.397853908000059 ], [ -78.02798417899993, 7.389837958000044 ], [ -78.035878058999913, 7.393011786000045 ], [ -78.038156704999949, 7.399400132000039 ], [ -78.036122199999909, 7.40460846600007 ], [ -78.03148352799991, 7.404120184000078 ], [ -78.043446417999917, 7.422308661000045 ], [ -78.049956834999932, 7.425930080000057 ], [ -78.059396938999953, 7.417792059000078 ], [ -78.065541144999941, 7.417792059000078 ], [ -78.089711066999939, 7.445217190000051 ], [ -78.105620897999927, 7.459418036000045 ], [ -78.11742102799991, 7.46556224200009 ], [ -78.120676235999952, 7.469916083000044 ], [ -78.123158331999946, 7.479478257000039 ], [ -78.127919074999909, 7.489162502000056 ], [ -78.137847459999932, 7.493475653000075 ], [ -78.144154425999943, 7.497870184000078 ], [ -78.14907792899993, 7.507879950000074 ], [ -78.155588344999899, 7.52765534100007 ], [ -78.161773240999935, 7.52765534100007 ], [ -78.166086391999897, 7.512640692000048 ], [ -78.168324347999942, 7.522406317000048 ], [ -78.169260219999899, 7.557440497000073 ], [ -78.174224412999934, 7.575425523000092 ], [ -78.184803839999915, 7.579413153000075 ], [ -78.194447394999941, 7.571437893000052 ], [ -78.196522589999915, 7.553697007000039 ], [ -78.202015753999945, 7.566839911000045 ], [ -78.200306769999941, 7.576157945000091 ], [ -78.196644660999937, 7.584906317000048 ], [ -78.196522589999915, 7.595892645000049 ], [ -78.200306769999941, 7.606431382000039 ], [ -78.204457160999937, 7.612127997000073 ], [ -78.216420050999943, 7.622544664000088 ], [ -78.237700975999928, 7.649888414000088 ], [ -78.252349412999934, 7.660956122000073 ], [ -78.271636522999927, 7.663560289000088 ], [ -78.269276495999918, 7.67454661700009 ], [ -78.273589647999927, 7.682806708000044 ], [ -78.282134568999936, 7.688462632000039 ], [ -78.292144334999932, 7.691473700000074 ], [ -78.282582160999937, 7.710638739000046 ], [ -78.277495897999927, 7.724351304000038 ], [ -78.278146938999953, 7.737372137000079 ], [ -78.285267706999946, 7.754136460000041 ], [ -78.315337693999936, 7.799872137000079 ], [ -78.320057745999918, 7.81126536700009 ], [ -78.329416469999899, 7.843247789000088 ], [ -78.351144985999952, 7.870184637000079 ], [ -78.375965949999909, 7.894191799000055 ], [ -78.394520636999914, 7.91742584800005 ], [ -78.407582160999937, 7.948228257000039 ], [ -78.415638800999943, 7.980129299000055 ], [ -78.416005011999914, 7.992173570000091 ], [ -78.413644985999952, 8.003648179000038 ], [ -78.415638800999943, 8.013617255000042 ], [ -78.433583136999914, 8.045803127000056 ], [ -78.436146613999938, 8.058294989000046 ], [ -78.430816209999932, 8.077134507000039 ], [ -78.419056769999941, 8.095404364000046 ], [ -78.407297329999949, 8.10219961100006 ], [ -78.395741339999915, 8.069891669000071 ], [ -78.381337042999917, 8.063625393000052 ], [ -78.365223761999914, 8.065985419000071 ], [ -78.353586391999897, 8.075669664000088 ], [ -78.325184699999909, 8.060939846000053 ], [ -78.286447719999899, 8.08071523600006 ], [ -78.25218665299991, 8.11749909100007 ], [ -78.237456834999932, 8.153957424000055 ], [ -78.239369269999941, 8.174383856000077 ], [ -78.244740363999938, 8.186916408000059 ], [ -78.253285285999937, 8.195786851000037 ], [ -78.264800584999932, 8.20538971600007 ], [ -78.294056769999941, 8.239203192000048 ], [ -78.305775519999941, 8.24640534100007 ], [ -78.305775519999941, 8.253851630000042 ], [ -78.278635219999899, 8.250962632000039 ], [ -78.270090298999946, 8.252386786000045 ], [ -78.257394985999952, 8.259995835000041 ], [ -78.257394985999952, 8.267523505000042 ], [ -78.263172980999911, 8.270331122000073 ], [ -78.271636522999927, 8.281154690000051 ], [ -78.261301235999952, 8.284735419000071 ], [ -78.257394985999952, 8.294826565000051 ], [ -78.248931443999936, 8.289211330000057 ], [ -78.237456834999932, 8.278509833000044 ], [ -78.23070227799991, 8.274359442000048 ], [ -78.221913214999915, 8.271918036000045 ], [ -78.214222785999937, 8.272162177000041 ], [ -78.199696417999917, 8.274359442000048 ], [ -78.198109503999945, 8.278306382000039 ], [ -78.18586178299995, 8.295111395000049 ], [ -78.182932094999899, 8.297919012000079 ], [ -78.184396938999953, 8.325344143000052 ], [ -78.182932094999899, 8.335760809000078 ], [ -78.180043097999942, 8.337591864000046 ], [ -78.161773240999935, 8.356268622000073 ], [ -78.157541469999899, 8.36554596600007 ], [ -78.155751105999911, 8.374335028000075 ], [ -78.155588344999899, 8.394110419000071 ], [ -78.151356574999909, 8.399481512000079 ], [ -78.141916469999899, 8.404038804000038 ], [ -78.132476365999935, 8.405340887000079 ], [ -78.128285285999937, 8.400946356000077 ], [ -78.12328040299991, 8.364488023000092 ], [ -78.120838995999918, 8.356268622000073 ], [ -78.110951300999943, 8.34796784100007 ], [ -78.094553188999953, 8.339056708000044 ], [ -78.076649542999917, 8.331854559000078 ], [ -78.062489386999914, 8.328924872000073 ], [ -78.05101477799991, 8.322495835000041 ], [ -78.042469855999911, 8.30735911700009 ], [ -78.024891730999911, 8.259711005000042 ], [ -78.015126105999911, 8.246527411000045 ], [ -78.002552863999938, 8.237005927000041 ], [ -77.987416144999941, 8.233343817000048 ], [ -77.972035285999937, 8.238470770000049 ], [ -77.961293097999942, 8.238023179000038 ], [ -77.953521287999934, 8.223781643000052 ], [ -77.946603969999899, 8.218410549000055 ], [ -77.93773352799991, 8.214422919000071 ], [ -77.929066535999937, 8.212876695000091 ], [ -77.915394660999937, 8.212876695000091 ], [ -77.915394660999937, 8.21906159100007 ], [ -77.930734829999949, 8.222398179000038 ], [ -77.944732225999928, 8.230536200000074 ], [ -77.955881313999953, 8.24164459800005 ], [ -77.962554490999935, 8.253851630000042 ], [ -77.912587042999917, 8.244330145000049 ], [ -77.885975714999915, 8.23468659100007 ], [ -77.869007941999939, 8.21548086100006 ], [ -77.845082160999937, 8.20258209800005 ], [ -77.839670376999948, 8.195502020000049 ], [ -77.838734503999945, 8.180650132000039 ], [ -77.835560675999943, 8.170111395000049 ], [ -77.829253709999932, 8.162787177000041 ], [ -77.819203253999945, 8.15766022300005 ], [ -77.808420376999948, 8.163763739000046 ], [ -77.797271287999934, 8.157700914000088 ], [ -77.788563605999911, 8.14398834800005 ], [ -77.785023566999939, 8.126898505000042 ], [ -77.778146938999953, 8.115790106000077 ], [ -77.762603318999936, 8.111883856000077 ], [ -77.74640865799995, 8.116359768000052 ], [ -77.737212693999936, 8.13031647300005 ], [ -77.765126105999911, 8.130072333000044 ], [ -77.801869269999941, 8.174383856000077 ], [ -77.819203253999945, 8.171291408000059 ], [ -77.870594855999911, 8.23578522300005 ], [ -77.880686001999948, 8.243312893000052 ], [ -77.895415818999936, 8.251532294000071 ], [ -77.984283006999931, 8.267523505000042 ], [ -78.005930141999897, 8.27602773600006 ], [ -78.023182745999918, 8.29047272300005 ], [ -78.034738735999952, 8.309637762000079 ], [ -78.038929816999939, 8.33234284100007 ], [ -78.060699022999927, 8.375921942000048 ], [ -78.06704667899993, 8.402736721000053 ], [ -78.051909959999932, 8.417669989000046 ], [ -78.06273352799991, 8.424709377000056 ], [ -78.074777798999946, 8.434515692000048 ], [ -78.085926886999914, 8.446356512000079 ], [ -78.094146287999934, 8.45929596600007 ], [ -78.098540818999936, 8.475775458000044 ], [ -78.095570441999939, 8.485174872000073 ], [ -78.089995897999927, 8.491888739000046 ], [ -78.086659308999913, 8.500230210000041 ], [ -78.08812415299991, 8.512762762000079 ], [ -78.093861456999946, 8.51593659100007 ], [ -78.102894660999937, 8.518052476000037 ], [ -78.114003058999913, 8.527573960000041 ], [ -78.118885870999918, 8.538763739000046 ], [ -78.119943813999953, 8.54828522300005 ], [ -78.123117641999897, 8.556057033000059 ], [ -78.134429490999935, 8.561712958000044 ], [ -78.130360480999911, 8.552476304000038 ], [ -78.12954667899993, 8.527289130000042 ], [ -78.124501105999911, 8.517645575000074 ], [ -78.111195441999939, 8.509019273000092 ], [ -78.106190558999913, 8.508042710000041 ], [ -78.105824347999942, 8.505031643000052 ], [ -78.106516079999949, 8.47211334800005 ], [ -78.104807094999899, 8.463364976000037 ], [ -78.090931769999941, 8.430853583000044 ], [ -78.089588995999918, 8.420396226000037 ], [ -78.094146287999934, 8.41087474200009 ], [ -78.100331183999913, 8.41087474200009 ], [ -78.119252081999946, 8.442531643000052 ], [ -78.131418423999946, 8.458075262000079 ], [ -78.14126542899993, 8.466131903000075 ], [ -78.156849738999938, 8.466213283000059 ], [ -78.17015540299991, 8.45766836100006 ], [ -78.179432745999918, 8.442084052000041 ], [ -78.182932094999899, 8.421087958000044 ], [ -78.188872850999928, 8.405747789000088 ], [ -78.20376542899993, 8.393947658000059 ], [ -78.222564256999931, 8.386297919000071 ], [ -78.240589972999942, 8.38353099200009 ], [ -78.249134894999941, 8.386908270000049 ], [ -78.252837693999936, 8.394720770000049 ], [ -78.253041144999941, 8.403794664000088 ], [ -78.251128709999932, 8.41087474200009 ], [ -78.245350714999915, 8.417669989000046 ], [ -78.216420050999943, 8.43195221600007 ], [ -78.209828253999945, 8.426988023000092 ], [ -78.202748175999943, 8.424505927000041 ], [ -78.201527472999942, 8.45734284100007 ], [ -78.206695115999935, 8.48773834800005 ], [ -78.223255988999938, 8.541815497000073 ], [ -78.23070227799991, 8.541815497000073 ], [ -78.237700975999928, 8.527533270000049 ], [ -78.232818162999934, 8.518377997000073 ], [ -78.22329667899993, 8.510565497000073 ], [ -78.216420050999943, 8.500230210000041 ], [ -78.217844204999949, 8.482489325000074 ], [ -78.225575324999909, 8.468247789000088 ], [ -78.230458136999914, 8.456447658000059 ], [ -78.223255988999938, 8.44562409100007 ], [ -78.223255988999938, 8.438177802000041 ], [ -78.229847785999937, 8.434393622000073 ], [ -78.237456834999932, 8.43195221600007 ], [ -78.241851365999935, 8.440008856000077 ], [ -78.253570115999935, 8.447821356000077 ], [ -78.257394985999952, 8.451849677000041 ], [ -78.260650193999936, 8.460638739000046 ], [ -78.254953579999949, 8.461371161000045 ], [ -78.251128709999932, 8.466131903000075 ], [ -78.240386522999927, 8.485296942000048 ], [ -78.241566535999937, 8.49477773600006 ], [ -78.257394985999952, 8.500230210000041 ], [ -78.25259355399993, 8.48773834800005 ], [ -78.254750128999945, 8.48187897300005 ], [ -78.26008053299995, 8.478420315000051 ], [ -78.264800584999932, 8.47296784100007 ], [ -78.278472459999932, 8.44562409100007 ], [ -78.294545050999943, 8.443264065000051 ], [ -78.303334113999938, 8.454291083000044 ], [ -78.312611456999946, 8.486558335000041 ], [ -78.320057745999918, 8.47915273600006 ], [ -78.321034308999913, 8.46625397300005 ], [ -78.334828253999945, 8.446193752000056 ], [ -78.353016730999911, 8.428900458000044 ], [ -78.367258266999897, 8.424505927000041 ], [ -78.376454230999911, 8.441310940000051 ], [ -78.386870897999927, 8.500474351000037 ], [ -78.394520636999914, 8.520697333000044 ], [ -78.390736456999946, 8.527492580000057 ], [ -78.388335740999935, 8.534369208000044 ], [ -78.394520636999914, 8.534369208000044 ], [ -78.394520636999914, 8.527573960000041 ], [ -78.401966925999943, 8.527573960000041 ], [ -78.401966925999943, 8.548041083000044 ], [ -78.408192511999914, 8.548041083000044 ], [ -78.412017381999931, 8.523504950000074 ], [ -78.393788214999915, 8.473863023000092 ], [ -78.384103969999899, 8.425970770000049 ], [ -78.365345831999946, 8.410630601000037 ], [ -78.360991990999935, 8.394110419000071 ], [ -78.388335740999935, 8.335760809000078 ], [ -78.392323370999918, 8.34438711100006 ], [ -78.399484829999949, 8.348822333000044 ], [ -78.407826300999943, 8.351996161000045 ], [ -78.415638800999943, 8.356268622000073 ], [ -78.438710089999915, 8.384426174000055 ], [ -78.449777798999946, 8.391017971000053 ], [ -78.444406704999949, 8.403225002000056 ], [ -78.445179816999939, 8.421087958000044 ], [ -78.449940558999913, 8.439154364000046 ], [ -78.456654425999943, 8.451849677000041 ], [ -78.464019334999932, 8.446234442000048 ], [ -78.468088344999899, 8.440130927000041 ], [ -78.469960089999915, 8.433010158000059 ], [ -78.470855272999927, 8.424505927000041 ], [ -78.475493943999936, 8.434027411000045 ], [ -78.486398891999897, 8.447821356000077 ], [ -78.490793423999946, 8.45929596600007 ], [ -78.491363084999932, 8.47337474200009 ], [ -78.483957485999952, 8.507066148000092 ], [ -78.490793423999946, 8.524481512000079 ], [ -78.520008917999917, 8.563462632000039 ], [ -78.531727667999917, 8.575995184000078 ], [ -78.516713019999941, 8.575262762000079 ], [ -78.505767381999931, 8.571966864000046 ], [ -78.495920376999948, 8.570746161000045 ], [ -78.483957485999952, 8.575995184000078 ], [ -78.50031490799995, 8.588690497000073 ], [ -78.505848761999914, 8.59906647300005 ], [ -78.504383917999917, 8.634019273000092 ], [ -78.566477016999897, 8.651068427000041 ], [ -78.561268683999913, 8.666449286000045 ], [ -78.558990037999934, 8.670965887000079 ], [ -78.565581834999932, 8.671779690000051 ], [ -78.56899980399993, 8.67023346600007 ], [ -78.573312954999949, 8.664740302000041 ], [ -78.581532355999911, 8.670111395000049 ], [ -78.589222785999937, 8.669582424000055 ], [ -78.596547003999945, 8.666489976000037 ], [ -78.60374915299991, 8.664740302000041 ], [ -78.612538214999915, 8.669745184000078 ], [ -78.618885870999918, 8.681463934000078 ], [ -78.627919074999909, 8.70571523600006 ], [ -78.613677537999934, 8.717230536000045 ], [ -78.608387824999909, 8.735337632000039 ], [ -78.609486456999946, 8.755926825000074 ], [ -78.614247199999909, 8.774603583000044 ], [ -78.621693488999938, 8.774603583000044 ], [ -78.623117641999897, 8.758490302000041 ], [ -78.619130011999914, 8.737860419000071 ], [ -78.619740363999938, 8.723537502000056 ], [ -78.634755011999914, 8.726223049000055 ], [ -78.651519334999932, 8.707953192000048 ], [ -78.682199673999946, 8.747748114000046 ], [ -78.709868943999936, 8.747300523000092 ], [ -78.729400193999936, 8.759344794000071 ], [ -78.749379035999937, 8.801825262000079 ], [ -78.765126105999911, 8.815578518000052 ], [ -78.765126105999911, 8.822414455000057 ], [ -78.757639126999948, 8.822414455000057 ], [ -78.757639126999948, 8.829250393000052 ], [ -78.772450324999909, 8.833563544000071 ], [ -78.781809048999946, 8.842840887000079 ], [ -78.789621548999946, 8.853908596000053 ], [ -78.799875454999949, 8.863348700000074 ], [ -78.791900193999936, 8.846665757000039 ], [ -78.790150519999941, 8.833563544000071 ], [ -78.796457485999952, 8.823472398000092 ], [ -78.812855597999942, 8.815578518000052 ], [ -78.827870245999918, 8.81313711100006 ], [ -78.838002081999946, 8.816961981000077 ], [ -78.857574022999927, 8.839789130000042 ], [ -78.864572719999899, 8.855617580000057 ], [ -78.868560350999928, 8.874904690000051 ], [ -78.873890753999945, 8.891180731000077 ], [ -79.005279100999928, 8.959540106000077 ], [ -79.057606574999909, 8.97101471600007 ], [ -79.082997199999909, 8.988836981000077 ], [ -79.087228969999899, 8.994330145000049 ], [ -79.088490363999938, 9.004095770000049 ], [ -79.081776495999918, 9.015326239000046 ], [ -79.079823370999918, 9.024725653000075 ], [ -79.079335089999915, 9.045396226000037 ], [ -79.080881313999953, 9.06281159100007 ], [ -79.088856574999909, 9.073797919000071 ], [ -79.10773678299995, 9.07562897300005 ], [ -79.10773678299995, 9.083075262000079 ], [ -79.086293097999942, 9.08462148600006 ], [ -79.069894985999952, 9.093329169000071 ], [ -79.058583136999914, 9.107163804000038 ], [ -79.052479620999918, 9.124009507000039 ], [ -79.046254035999937, 9.124009507000039 ], [ -79.03742428299995, 9.110500393000052 ], [ -79.027699347999942, 9.111029364000046 ], [ -79.011545376999948, 9.124009507000039 ], [ -78.991200324999909, 9.13117096600007 ], [ -78.982167120999918, 9.136419989000046 ], [ -78.977365688999953, 9.14516836100006 ], [ -78.983754035999937, 9.141994533000059 ], [ -78.997181769999941, 9.14093659100007 ], [ -79.005279100999928, 9.138332424000055 ], [ -79.01195227799991, 9.13312409100007 ], [ -79.024728969999899, 9.119370835000041 ], [ -79.028920050999943, 9.116603908000059 ], [ -79.036936001999948, 9.119614976000037 ], [ -79.042632615999935, 9.131089585000041 ], [ -79.052479620999918, 9.130845445000091 ], [ -79.058664516999897, 9.12563711100006 ], [ -79.070871548999946, 9.107489325000074 ], [ -79.079009568999936, 9.101467190000051 ], [ -79.082183397999927, 9.096747137000079 ], [ -79.087798631999931, 9.092027085000041 ], [ -79.097482876999948, 9.089911200000074 ], [ -79.106760219999899, 9.089422919000071 ], [ -79.114165818999936, 9.087551174000055 ], [ -79.119048631999931, 9.083197333000044 ], [ -79.120716925999943, 9.07562897300005 ], [ -79.114572719999899, 9.068793036000045 ], [ -79.101673956999946, 9.065008856000077 ], [ -79.089995897999927, 9.056382554000038 ], [ -79.087228969999899, 9.035305080000057 ], [ -79.091786261999914, 9.023016669000071 ], [ -79.102121548999946, 9.006008205000057 ], [ -79.116078253999945, 8.994126695000091 ], [ -79.131581183999913, 8.997463283000059 ], [ -79.138091600999928, 9.000799872000073 ], [ -79.16234290299991, 9.007391669000071 ], [ -79.163400844999899, 9.011786200000074 ], [ -79.16828365799995, 9.01984284100007 ], [ -79.173491990999935, 9.022528387000079 ], [ -79.17601477799991, 9.010728257000039 ], [ -79.192982550999943, 9.005194403000075 ], [ -79.273345506999931, 9.019273179000038 ], [ -79.29946855399993, 9.014146226000037 ], [ -79.305734829999949, 9.014146226000037 ], [ -79.305734829999949, 9.020982164000088 ], [ -79.33031165299991, 9.013413804000038 ], [ -79.386830206999946, 9.018866278000075 ], [ -79.409331834999932, 9.007391669000071 ], [ -79.41820227799991, 9.014146226000037 ], [ -79.427479620999918, 9.013373114000046 ], [ -79.437123175999943, 9.009588934000078 ], [ -79.454457160999937, 9.006293036000045 ], [ -79.466908331999946, 9.001654364000046 ], [ -79.474517381999931, 9.000555731000077 ], [ -79.482004360999952, 8.99835846600007 ], [ -79.48468990799995, 8.98899974200009 ], [ -79.491078253999945, 8.983465887000079 ], [ -79.519195115999935, 8.966376044000071 ], [ -79.521229620999918, 8.957424221000053 ], [ -79.520253058999913, 8.948879299000055 ], [ -79.522206183999913, 8.942287502000056 ], [ -79.532866990999935, 8.939113674000055 ], [ -79.515533006999931, 8.909979559000078 ], [ -79.511830206999946, 8.898138739000046 ], [ -79.524973110999952, 8.907294012000079 ], [ -79.541127081999946, 8.92328522300005 ], [ -79.554676886999914, 8.942084052000041 ], [ -79.560170050999943, 8.959540106000077 ], [ -79.566395636999914, 8.959540106000077 ], [ -79.565012173999946, 8.95376211100006 ], [ -79.560170050999943, 8.945298570000091 ], [ -79.560170050999943, 8.939113674000055 ], [ -79.566395636999914, 8.939113674000055 ], [ -79.559193488999938, 8.914292710000041 ], [ -79.563872850999928, 8.892767645000049 ], [ -79.578480597999942, 8.88226959800005 ], [ -79.601185675999943, 8.890692450000074 ], [ -79.646839972999942, 8.882635809000078 ], [ -79.661203579999949, 8.875230210000041 ], [ -79.655751105999911, 8.863348700000074 ], [ -79.655751105999911, 8.857123114000046 ], [ -79.666859503999945, 8.860825914000088 ], [ -79.673980272999927, 8.86554596600007 ], [ -79.680653449999909, 8.867621161000045 ], [ -79.690541144999941, 8.863348700000074 ], [ -79.694650844999899, 8.868312893000052 ], [ -79.703602667999917, 8.870184637000079 ], [ -79.703602667999917, 8.863348700000074 ], [ -79.700795050999943, 8.859930731000077 ], [ -79.696766730999911, 8.849676825000074 ], [ -79.713937954999949, 8.852606512000079 ], [ -79.730213995999918, 8.844305731000077 ], [ -79.743560350999928, 8.830064195000091 ], [ -79.752023891999897, 8.815578518000052 ], [ -79.756255662999934, 8.796291408000059 ], [ -79.752023891999897, 8.736761786000045 ], [ -79.749867316999939, 8.731024481000077 ], [ -79.74046790299991, 8.725978908000059 ], [ -79.738352016999897, 8.722805080000057 ], [ -79.739328579999949, 8.716498114000046 ], [ -79.744536912999934, 8.70571523600006 ], [ -79.746815558999913, 8.697943427000041 ], [ -79.750803188999953, 8.689601955000057 ], [ -79.756011522999927, 8.681586005000042 ], [ -79.76195227799991, 8.674709377000056 ], [ -79.76593990799995, 8.671820380000042 ], [ -79.778391079999949, 8.665838934000078 ], [ -79.791005011999914, 8.663234768000052 ], [ -79.790516730999911, 8.65501536700009 ], [ -79.792958136999914, 8.651068427000041 ], [ -79.810018632999913, 8.646601108000084 ], [ -79.826310674999945, 8.638520066000069 ], [ -79.813690615999917, 8.626059908000059 ], [ -79.779608045999908, 8.618409940000049 ], [ -79.747351025999933, 8.631258633000073 ], [ -79.717304992999914, 8.646310358000051 ], [ -79.705803937999917, 8.652550776000055 ], [ -79.702093589999947, 8.657320823000077 ], [ -79.697269139999946, 8.657323396000038 ], [ -79.69689726799993, 8.648887585000068 ], [ -79.700607138999942, 8.641550643000073 ], [ -79.734365124999897, 8.615498574000071 ], [ -79.774395956999911, 8.579550130000086 ], [ -79.793673171999899, 8.572207498000068 ], [ -79.826298354999949, 8.561552820000088 ], [ -79.864117993999912, 8.552357599000061 ], [ -79.871525425999948, 8.542819456000075 ], [ -79.86978105399993, 8.531805731000077 ], [ -79.87173417899993, 8.52415599200009 ], [ -79.874867316999939, 8.520697333000044 ], [ -79.879994269999941, 8.518622137000079 ], [ -79.891224738999938, 8.516302802000041 ], [ -79.895375128999945, 8.514553127000056 ], [ -79.910552537999934, 8.500474351000037 ], [ -79.917632615999935, 8.495428778000075 ], [ -79.926747199999909, 8.493394273000092 ], [ -79.932118292999917, 8.489162502000056 ], [ -79.941802537999934, 8.470404364000046 ], [ -79.946888800999943, 8.466131903000075 ], [ -79.948963995999918, 8.462307033000059 ], [ -79.970204230999911, 8.44407786700009 ], [ -80.080881313999896, 8.371771552000041 ], [ -80.125843878999945, 8.348618882000039 ], [ -80.19554602799991, 8.312933661000045 ], [ -80.224964972999942, 8.301052151000079 ], [ -80.272735154999907, 8.294826565000051 ], [ -80.281605597999942, 8.295925197000088 ], [ -80.294463670999903, 8.300441799000055 ], [ -80.300038214999915, 8.301052151000079 ], [ -80.30882727799991, 8.298651434000078 ], [ -80.326283331999946, 8.290309963000084 ], [ -80.33421790299991, 8.287990627000056 ], [ -80.361480272999927, 8.294826565000051 ], [ -80.374663865999935, 8.30337148600006 ], [ -80.380726691999939, 8.310370184000078 ], [ -80.375762498999904, 8.315252997000073 ], [ -80.3857722649999, 8.311346747000073 ], [ -80.386260545999903, 8.30695221600007 ], [ -80.384755011999914, 8.301581122000073 ], [ -80.388783331999946, 8.294826565000051 ], [ -80.407012498999904, 8.283026434000078 ], [ -80.470244920999903, 8.220648505000042 ], [ -80.478179490999935, 8.202337958000044 ], [ -80.47484290299991, 8.106472072000088 ], [ -80.476104295999903, 8.094875393000052 ], [ -80.484405076999906, 8.082546291000085 ], [ -80.468169725999928, 8.07485586100006 ], [ -80.460926886999914, 8.055731512000079 ], [ -80.4560847649999, 8.036200262000079 ], [ -80.447173631999931, 8.027289130000042 ], [ -80.432403123999904, 8.024237372000073 ], [ -80.394276495999918, 8.007635809000078 ], [ -80.382598436999899, 7.999335028000075 ], [ -80.348866339999915, 7.989284572000088 ], [ -80.327748175999943, 7.953314520000049 ], [ -80.313343878999945, 7.911444403000075 ], [ -80.300038214999915, 7.883327541000085 ], [ -80.204457160999937, 7.807562567000048 ], [ -80.143788214999915, 7.752752997000073 ], [ -80.052398240999935, 7.637111721000053 ], [ -80.005767381999931, 7.55227285400008 ], [ -79.993519660999937, 7.522772528000075 ], [ -79.994658982999908, 7.50344472900008 ], [ -80.010039842999902, 7.465236721000053 ], [ -80.017852342999902, 7.456813869000086 ], [ -80.030059373999904, 7.453924872000073 ], [ -80.056792772999927, 7.452541408000059 ], [ -80.064971482999908, 7.450995184000078 ], [ -80.135528123999904, 7.424627997000073 ], [ -80.198516404999907, 7.424709377000056 ], [ -80.210682745999918, 7.417792059000078 ], [ -80.222808397999927, 7.42336660400008 ], [ -80.249663865999935, 7.429632880000042 ], [ -80.259063279999907, 7.438259182000081 ], [ -80.265899217999902, 7.438259182000081 ], [ -80.274810350999928, 7.433864651000079 ], [ -80.30687415299991, 7.424627997000073 ], [ -80.30687415299991, 7.417792059000078 ], [ -80.2939753899999, 7.419256903000075 ], [ -80.283558722999942, 7.421820380000042 ], [ -80.274525519999941, 7.425685940000051 ], [ -80.265899217999902, 7.430812893000052 ], [ -80.259063279999907, 7.424627997000073 ], [ -80.330962693999936, 7.401190497000073 ], [ -80.357574022999927, 7.382025458000044 ], [ -80.361480272999927, 7.355739651000079 ], [ -80.34439042899993, 7.327419338000084 ], [ -80.347564256999931, 7.318264065000051 ], [ -80.372344529999907, 7.31476471600007 ], [ -80.379261847999942, 7.312770901000079 ], [ -80.387115037999934, 7.30805084800005 ], [ -80.3935847649999, 7.302394924000055 ], [ -80.396270311999899, 7.297674872000073 ], [ -80.398833787999934, 7.28664785400008 ], [ -80.405384894999941, 7.282782294000071 ], [ -80.414418097999942, 7.280340887000079 ], [ -80.424183722999942, 7.27374909100007 ], [ -80.428496873999904, 7.265448309000078 ], [ -80.428130662999934, 7.258490302000041 ], [ -80.429107225999928, 7.252346096000053 ], [ -80.437245245999918, 7.246486721000053 ], [ -80.444813605999911, 7.245876369000086 ], [ -80.463734503999945, 7.251654364000046 ], [ -80.474476691999939, 7.253322658000059 ], [ -80.596831834999932, 7.238063869000086 ], [ -80.71312415299991, 7.216457424000055 ], [ -80.793365037999934, 7.213568427000041 ], [ -80.813994920999903, 7.219142971000053 ], [ -80.820790167999917, 7.219142971000053 ], [ -80.825957811999899, 7.213324286000045 ], [ -80.8310847649999, 7.211371161000045 ], [ -80.836211717999902, 7.213324286000045 ], [ -80.841297980999911, 7.219142971000053 ], [ -80.848133917999917, 7.219142971000053 ], [ -80.861805792999917, 7.20571523600006 ], [ -80.873076951999906, 7.212551174000055 ], [ -80.889068162999934, 7.239040432000081 ], [ -80.901763475999928, 7.248114325000074 ], [ -80.910552537999934, 7.251776434000078 ], [ -80.920074022999927, 7.253322658000059 ], [ -80.929717576999906, 7.25649648600006 ], [ -80.930165167999917, 7.263576565000051 ], [ -80.925567186999899, 7.270575262000079 ], [ -80.920074022999927, 7.27374909100007 ], [ -80.916005011999914, 7.278143622000073 ], [ -80.917144334999932, 7.299627997000073 ], [ -80.916371222999942, 7.307928778000075 ], [ -80.9111628899999, 7.315008856000077 ], [ -80.899932420999903, 7.323513088000084 ], [ -80.895985480999911, 7.328395901000079 ], [ -80.892364061999899, 7.341742255000042 ], [ -80.891590949999909, 7.360174872000073 ], [ -80.895659959999932, 7.376613674000055 ], [ -80.921172654999907, 7.39203522300005 ], [ -80.920806443999936, 7.41079336100006 ], [ -80.910186326999906, 7.441677151000079 ], [ -80.9150691399999, 7.454657294000071 ], [ -80.951161261999914, 7.493475653000075 ], [ -80.954619920999903, 7.495510158000059 ], [ -80.962188279999907, 7.502468166000085 ], [ -80.966908331999946, 7.509914455000057 ], [ -80.954701300999943, 7.516913153000075 ], [ -80.952748175999943, 7.525458075000074 ], [ -80.951649542999917, 7.535589911000045 ], [ -80.947743292999917, 7.544094143000052 ], [ -80.9463191399999, 7.555690822000088 ], [ -80.95571855399993, 7.569647528000075 ], [ -80.96898352799991, 7.582058010000083 ], [ -80.979115363999938, 7.589056708000044 ], [ -80.979115363999938, 7.595892645000049 ], [ -80.971669074999909, 7.595892645000049 ], [ -80.971669074999909, 7.602728583000044 ], [ -81.020049607999908, 7.650539455000057 ], [ -81.02993730399993, 7.656073309000078 ], [ -81.037505662999934, 7.658270575000074 ], [ -81.041289842999902, 7.661688544000071 ], [ -81.039906378999945, 7.671047268000052 ], [ -81.035186326999906, 7.679958401000079 ], [ -81.027821417999917, 7.68618398600006 ], [ -81.017852342999902, 7.688421942000048 ], [ -81.005767381999931, 7.685329494000086 ], [ -81.010609503999945, 7.693915106000077 ], [ -81.021839972999942, 7.70266347900008 ], [ -81.034453904999907, 7.70929596600007 ], [ -81.043324347999942, 7.711981512000079 ], [ -81.044829881999931, 7.716701565000051 ], [ -81.026234503999945, 7.74673086100006 ], [ -81.037139451999906, 7.745998440000051 ], [ -81.046864386999914, 7.747219143000052 ], [ -81.054839647999927, 7.750026760000083 ], [ -81.061024542999917, 7.754177151000079 ], [ -81.053252732999908, 7.755926825000074 ], [ -81.053578253999945, 7.76040273600006 ], [ -81.076690232999908, 7.764797268000052 ], [ -81.086089647999927, 7.779120184000078 ], [ -81.085438605999911, 7.794338283000059 ], [ -81.078114386999914, 7.801336981000077 ], [ -81.07249915299991, 7.803534247000073 ], [ -81.060821092999902, 7.812892971000053 ], [ -81.050160285999937, 7.815008856000077 ], [ -81.037627732999908, 7.815008856000077 ], [ -81.02757727799991, 7.816799221000053 ], [ -81.021270311999899, 7.822699286000045 ], [ -81.020049607999908, 7.835516669000071 ], [ -81.026234503999945, 7.835516669000071 ], [ -81.048858201999906, 7.822699286000045 ], [ -81.055897589999915, 7.849391994000086 ], [ -81.053578253999945, 7.911200262000079 ], [ -81.0752253899999, 7.871283270000049 ], [ -81.090443488999938, 7.857855536000045 ], [ -81.101958787999934, 7.877101955000057 ], [ -81.108184373999904, 7.877101955000057 ], [ -81.105946417999917, 7.866400458000044 ], [ -81.102162238999938, 7.858587958000044 ], [ -81.096302863999938, 7.85305410400008 ], [ -81.087676561999899, 7.849188544000071 ], [ -81.087676561999899, 7.842311916000085 ], [ -81.13304602799991, 7.842311916000085 ], [ -81.142364061999899, 7.844427802000041 ], [ -81.154815232999908, 7.85382721600007 ], [ -81.167144334999932, 7.855983791000085 ], [ -81.1924128899999, 7.863348700000074 ], [ -81.197377081999946, 7.879055080000057 ], [ -81.199940558999913, 7.893622137000079 ], [ -81.218047654999907, 7.897528387000079 ], [ -81.208159959999932, 7.893459377000056 ], [ -81.205230272999927, 7.889919338000084 ], [ -81.204375779999907, 7.883327541000085 ], [ -81.217640753999945, 7.878973700000074 ], [ -81.215199347999942, 7.870998440000051 ], [ -81.197539842999902, 7.855983791000085 ], [ -81.180205857999908, 7.846869208000044 ], [ -81.177113410999937, 7.845729885000083 ], [ -81.178700324999909, 7.836859442000048 ], [ -81.183257615999935, 7.82367584800005 ], [ -81.16470292899993, 7.789007880000042 ], [ -81.174427863999938, 7.763006903000075 ], [ -81.196685350999928, 7.74172597900008 ], [ -81.218047654999907, 7.726263739000046 ], [ -81.222401495999918, 7.734401760000083 ], [ -81.223174607999908, 7.739203192000048 ], [ -81.218047654999907, 7.74673086100006 ], [ -81.218047654999907, 7.754177151000079 ], [ -81.232045050999943, 7.755031643000052 ], [ -81.245961066999939, 7.754177151000079 ], [ -81.245961066999939, 7.74673086100006 ], [ -81.2353816399999, 7.743841864000046 ], [ -81.229481574999909, 7.73781972900008 ], [ -81.218047654999907, 7.719427802000041 ], [ -81.231556769999941, 7.71438222900008 ], [ -81.237416144999941, 7.715114651000079 ], [ -81.245961066999939, 7.719427802000041 ], [ -81.238677537999934, 7.707464911000045 ], [ -81.231678839999915, 7.698919989000046 ], [ -81.225493943999936, 7.698919989000046 ], [ -81.212147589999915, 7.706122137000079 ], [ -81.197539842999902, 7.711981512000079 ], [ -81.193267381999931, 7.700751044000071 ], [ -81.197539842999902, 7.657375393000052 ], [ -81.195464647999927, 7.645697333000044 ], [ -81.195179816999939, 7.638861395000049 ], [ -81.197539842999902, 7.630072333000044 ], [ -81.201324022999927, 7.625189520000049 ], [ -81.213408982999908, 7.615423895000049 ], [ -81.218047654999907, 7.608954169000071 ], [ -81.225493943999936, 7.608954169000071 ], [ -81.234038865999935, 7.615261135000083 ], [ -81.266224738999938, 7.632391669000071 ], [ -81.273304816999939, 7.633490302000041 ], [ -81.278716600999928, 7.646063544000071 ], [ -81.291167772999927, 7.650661526000079 ], [ -81.314239061999899, 7.650539455000057 ], [ -81.396962042999917, 7.673529364000046 ], [ -81.424102342999902, 7.671047268000052 ], [ -81.428212042999917, 7.682562567000048 ], [ -81.434925910999937, 7.692653713000084 ], [ -81.442901170999903, 7.700466213000084 ], [ -81.450795050999943, 7.705145575000074 ], [ -81.473907029999907, 7.699408270000049 ], [ -81.503448045999903, 7.701971747000073 ], [ -81.525786912999934, 7.711452541000085 ], [ -81.527129686999899, 7.726263739000046 ], [ -81.518666144999941, 7.728908596000053 ], [ -81.499989386999914, 7.738674221000053 ], [ -81.488758917999917, 7.749212958000044 ], [ -81.528065558999913, 7.760565497000073 ], [ -81.539051886999914, 7.75735097900008 ], [ -81.540191209999932, 7.739935614000046 ], [ -81.563221808999913, 7.756293036000045 ], [ -81.574940558999913, 7.76040273600006 ], [ -81.574940558999913, 7.767238674000055 ], [ -81.568389451999906, 7.77602773600006 ], [ -81.573882615999935, 7.784328518000052 ], [ -81.583119269999941, 7.793402411000045 ], [ -81.588002081999946, 7.804470119000086 ], [ -81.586293097999942, 7.820868231000077 ], [ -81.581776495999918, 7.83156972900008 ], [ -81.567494269999941, 7.849188544000071 ], [ -81.567494269999941, 7.855983791000085 ], [ -81.574615037999934, 7.860663153000075 ], [ -81.581898566999939, 7.862494208000044 ], [ -81.588978644999941, 7.861110744000086 ], [ -81.595448370999918, 7.855983791000085 ], [ -81.601592576999906, 7.855983791000085 ], [ -81.609120245999918, 7.86281972900008 ], [ -81.609120245999918, 7.870266018000052 ], [ -81.599761522999927, 7.877834377000056 ], [ -81.599883592999902, 7.885036526000079 ], [ -81.608021613999938, 7.889837958000044 ], [ -81.622710740999935, 7.89008209800005 ], [ -81.619618292999917, 7.905340887000079 ], [ -81.618682420999903, 7.922023830000057 ], [ -81.612945115999935, 7.931423244000086 ], [ -81.595448370999918, 7.924872137000079 ], [ -81.598011847999942, 7.933783270000049 ], [ -81.602080857999908, 7.940008856000077 ], [ -81.61587480399993, 7.952175197000088 ], [ -81.611236131999931, 7.95962148600006 ], [ -81.612945115999935, 7.974188544000071 ], [ -81.609120245999918, 7.986354885000083 ], [ -81.62132727799991, 7.981350002000056 ], [ -81.627105272999927, 7.982814846000053 ], [ -81.628895636999914, 7.981838283000059 ], [ -81.628936326999906, 7.969265041000085 ], [ -81.624134894999941, 7.95538971600007 ], [ -81.622588670999903, 7.947943427000041 ], [ -81.625884568999936, 7.944728908000059 ], [ -81.633290167999917, 7.945868231000077 ], [ -81.638457811999899, 7.949245510000083 ], [ -81.641590949999909, 7.954657294000071 ], [ -81.642608201999906, 7.962103583000044 ], [ -81.645904100999928, 7.973089911000045 ], [ -81.670521613999938, 8.006781317000048 ], [ -81.684803839999915, 8.044623114000046 ], [ -81.691029425999943, 8.054632880000042 ], [ -81.697132941999939, 8.039129950000074 ], [ -81.698353644999941, 8.031032619000086 ], [ -81.697865363999938, 8.021063544000071 ], [ -81.708363410999937, 8.031317450000074 ], [ -81.708526170999903, 8.045843817000048 ], [ -81.710357225999928, 8.059841213000084 ], [ -81.725738084999932, 8.068264065000051 ], [ -81.725738084999932, 8.07571035400008 ], [ -81.717274542999917, 8.070827541000085 ], [ -81.709462042999917, 8.068630276000079 ], [ -81.702870245999918, 8.069973049000055 ], [ -81.697865363999938, 8.07571035400008 ], [ -81.691029425999943, 8.07571035400008 ], [ -81.687611456999946, 8.072780666000085 ], [ -81.677357550999943, 8.068264065000051 ], [ -81.711455857999908, 8.13031647300005 ], [ -81.733550584999932, 8.15766022300005 ], [ -81.743438279999907, 8.173163153000075 ], [ -81.746245897999927, 8.191799221000053 ], [ -81.752471482999908, 8.191799221000053 ], [ -81.758208787999934, 8.180609442000048 ], [ -81.760650193999936, 8.169582424000055 ], [ -81.757476365999935, 8.161159572000088 ], [ -81.746245897999927, 8.15766022300005 ], [ -81.752430792999917, 8.148993231000077 ], [ -81.767486131999931, 8.132757880000042 ], [ -81.774199998999904, 8.123480536000045 ], [ -81.780384894999941, 8.123480536000045 ], [ -81.798329230999911, 8.137111721000053 ], [ -81.876576300999943, 8.167873440000051 ], [ -81.885365363999938, 8.17328522300005 ], [ -81.927032029999907, 8.183172919000071 ], [ -81.941151495999918, 8.184963283000059 ], [ -81.95181230399993, 8.191433010000083 ], [ -81.947865363999938, 8.206244208000044 ], [ -81.931182420999903, 8.233343817000048 ], [ -81.943267381999931, 8.229641018000052 ], [ -81.956695115999935, 8.22101471600007 ], [ -81.967640753999945, 8.209051825000074 ], [ -81.972198045999903, 8.195502020000049 ], [ -81.978382941999939, 8.192531643000052 ], [ -81.992176886999914, 8.201117255000042 ], [ -82.013172980999911, 8.21906159100007 ], [ -82.027862107999908, 8.208278713000084 ], [ -82.060292120999918, 8.210272528000075 ], [ -82.093129035999937, 8.220363674000055 ], [ -82.109364386999914, 8.233343817000048 ], [ -82.115589972999942, 8.233343817000048 ], [ -82.117298956999946, 8.21515534100007 ], [ -82.142404751999948, 8.160060940000051 ], [ -82.150298631999931, 8.164496161000045 ], [ -82.150298631999931, 8.15766022300005 ], [ -82.156524217999902, 8.15766022300005 ], [ -82.147206183999913, 8.180934963000084 ], [ -82.147572394999941, 8.188299872000073 ], [ -82.156524217999902, 8.184963283000059 ], [ -82.153797980999911, 8.199286200000074 ], [ -82.150380011999914, 8.203314520000049 ], [ -82.143462693999936, 8.20538971600007 ], [ -82.143462693999936, 8.212917385000083 ], [ -82.15689042899993, 8.211737372000073 ], [ -82.174102342999902, 8.201727606000077 ], [ -82.187896287999934, 8.199245510000083 ], [ -82.196522589999915, 8.202175197000088 ], [ -82.209258592999902, 8.215521552000041 ], [ -82.219227667999917, 8.21906159100007 ], [ -82.219227667999917, 8.225897528000075 ], [ -82.214100714999915, 8.227443752000056 ], [ -82.204945441999939, 8.233343817000048 ], [ -82.216542120999918, 8.264227606000077 ], [ -82.217559373999904, 8.278225002000056 ], [ -82.211781378999945, 8.287990627000056 ], [ -82.211781378999945, 8.294826565000051 ], [ -82.217640753999945, 8.299343166000085 ], [ -82.218780076999906, 8.304348049000055 ], [ -82.216420050999943, 8.309759833000044 ], [ -82.211781378999945, 8.315252997000073 ], [ -82.209828253999945, 8.30805084800005 ], [ -82.204945441999939, 8.308498440000051 ], [ -82.209828253999945, 8.321844794000071 ], [ -82.208648240999935, 8.332098700000074 ], [ -82.200550910999937, 8.33930084800005 ], [ -82.184437628999945, 8.34320709800005 ], [ -82.207875128999945, 8.343939520000049 ], [ -82.220122850999928, 8.342962958000044 ], [ -82.225453253999945, 8.339504299000055 ], [ -82.241444464999915, 8.306708075000074 ], [ -82.242461717999902, 8.301052151000079 ], [ -82.26195227799991, 8.302801825000074 ], [ -82.277088995999918, 8.309271552000041 ], [ -82.284413214999915, 8.322211005000042 ], [ -82.280059373999904, 8.34320709800005 ], [ -82.296498175999943, 8.336208401000079 ], [ -82.313954230999911, 8.330837307000081 ], [ -82.331654425999943, 8.329779364000046 ], [ -82.348907029999907, 8.335760809000078 ], [ -82.347075975999928, 8.329169012000079 ], [ -82.344960089999915, 8.315008856000077 ], [ -82.342762824999909, 8.308498440000051 ], [ -82.358672654999907, 8.30609772300005 ], [ -82.387196417999917, 8.291449286000045 ], [ -82.400135870999918, 8.287990627000056 ], [ -82.418934699999909, 8.293036200000074 ], [ -82.433257615999935, 8.304348049000055 ], [ -82.435332811999899, 8.316107489000046 ], [ -82.417225714999915, 8.322780666000085 ], [ -82.417225714999915, 8.328924872000073 ], [ -82.425689256999931, 8.332302151000079 ], [ -82.430287238999938, 8.338161526000079 ], [ -82.431752081999946, 8.346218166000085 ], [ -82.430897589999915, 8.356268622000073 ], [ -82.441029425999943, 8.348700262000079 ], [ -82.442616339999915, 8.336330471000053 ], [ -82.447010870999918, 8.323553778000075 ], [ -82.465606248999904, 8.315252997000073 ], [ -82.465606248999904, 8.308498440000051 ], [ -82.457427537999934, 8.296047268000052 ], [ -82.4541316399999, 8.28851959800005 ], [ -82.452015753999945, 8.281154690000051 ], [ -82.470855272999927, 8.277126369000086 ], [ -82.477772589999915, 8.277411200000074 ], [ -82.486114061999899, 8.281154690000051 ], [ -82.511708136999914, 8.276434637000079 ], [ -82.552642381999931, 8.287380276000079 ], [ -82.622670050999943, 8.315252997000073 ], [ -82.658924933999913, 8.322780666000085 ], [ -82.698597785999937, 8.322821356000077 ], [ -82.738026495999918, 8.317450262000079 ], [ -82.808705206999946, 8.295681057000081 ], [ -82.839019334999932, 8.278509833000044 ], [ -82.862456834999932, 8.254055080000057 ], [ -82.87718665299991, 8.21906159100007 ], [ -82.879872199999909, 8.177883205000057 ], [ -82.872832811999899, 8.135891018000052 ], [ -82.849232550999943, 8.068264065000051 ], [ -82.849232550999943, 8.06203847900008 ], [ -82.862090623999904, 8.048895575000074 ], [ -82.8681941399999, 8.032375393000052 ], [ -82.876942511999914, 8.023871161000045 ], [ -82.897629258999899, 8.034748020000023 ], [ -82.891369791999892, 8.057545471000068 ], [ -82.886408854999928, 8.102193909000093 ], [ -82.939092977999849, 8.216838074000052 ], [ -82.943666341999887, 8.248567403000067 ], [ -82.95051346899993, 8.258825175000055 ], [ -82.968005940999888, 8.267971904000134 ], [ -82.977126830999879, 8.269237976000085 ], [ -82.989193277999874, 8.264457907000093 ], [ -82.995523640999892, 8.264819641000088 ], [ -83.001104695999885, 8.269237976000085 ], [ -83.010768188999918, 8.283371480000127 ], [ -83.016065023999943, 8.289004211000062 ], [ -83.044073649999859, 8.305359803000101 ], [ -83.053246216999952, 8.315100810000047 ], [ -83.052109334999869, 8.327632345000055 ], [ -83.043298502999875, 8.334737854000082 ], [ -82.997771565999898, 8.360162659000096 ], [ -82.953510701999875, 8.402098084000087 ], [ -82.924778604999858, 8.41674835200007 ], [ -82.896511596999886, 8.425352478000107 ], [ -82.870414998999877, 8.438116557000072 ], [ -82.848297485999865, 8.46516916900012 ], [ -82.838918213999932, 8.494624736000034 ], [ -82.835972656999928, 8.52976471000008 ], [ -82.841863769999918, 8.599476217000117 ], [ -82.849796102999875, 8.629861959000067 ], [ -82.862224284999854, 8.655700176000096 ], [ -82.878941609999913, 8.679057923000045 ], [ -82.910335042999918, 8.713913676000104 ], [ -82.919223388999939, 8.72706532800008 ], [ -82.924158488999893, 8.741198832000123 ], [ -82.92296992999988, 8.756159160000081 ], [ -82.914882568999957, 8.764789124000032 ], [ -82.885116943999975, 8.78318593400013 ], [ -82.875789347999842, 8.793908793000043 ], [ -82.875634318999914, 8.807525533000046 ], [ -82.883566650999853, 8.812383118000071 ], [ -82.888320882999949, 8.816930644000095 ], [ -82.8785798749999, 8.829772238000089 ], [ -82.866926839999934, 8.838066304000051 ], [ -82.763780679999911, 8.879950053000115 ], [ -82.733860025999974, 8.897985128000116 ], [ -82.719364786999847, 8.921523743000108 ], [ -82.72334387199993, 8.930928854000072 ], [ -82.749130411999914, 8.974078674000097 ], [ -82.762695475999919, 8.98299285900012 ], [ -82.80817073599988, 8.9983665970001 ], [ -82.854085246999944, 9.031982117000041 ], [ -82.876564494999855, 9.041929830000129 ], [ -82.882429769999931, 9.04534047500006 ], [ -82.88687394299987, 9.051489970000119 ], [ -82.893281819999885, 9.066941224000033 ], [ -82.900232299999885, 9.072057190000109 ], [ -82.90945654399988, 9.072005514000097 ], [ -82.939377197999931, 9.059577332000032 ], [ -82.944286458999869, 9.437151185000118 ], [ -82.941702636999935, 9.45634897900004 ], [ -82.933305216999969, 9.470327454000127 ], [ -82.914624186999902, 9.476864522000099 ], [ -82.861294108999914, 9.484099223000072 ], [ -82.846385457999958, 9.492548320000068 ], [ -82.844783488999923, 9.500687358000079 ], [ -82.849382690999875, 9.503477885000038 ], [ -82.855919758999846, 9.505441590000075 ], [ -82.860208902999915, 9.511203512000037 ], [ -82.867133544999888, 9.538643697000097 ], [ -82.879251668999899, 9.55990854900007 ], [ -82.877391316999876, 9.569184469000092 ], [ -82.866048340999896, 9.585074972000101 ], [ -82.847470662999854, 9.600655416000052 ], [ -82.829022175999938, 9.6027224730001 ], [ -82.771092895999885, 9.579855652000091 ], [ -82.729364176999951, 9.544896546000089 ], [ -82.719726521999945, 9.541330872000032 ], [ -82.711690836999963, 9.544999899000118 ], [ -82.701458903999878, 9.53355356900002 ], [ -82.688668986999915, 9.509446513000057 ], [ -82.678049479999913, 9.497767639000088 ], [ -82.668205118999936, 9.493168437000037 ], [ -82.650712646999892, 9.487845764000085 ], [ -82.632134969999925, 9.484667663000039 ], [ -82.618854125999917, 9.486708883000077 ], [ -82.612394572999875, 9.499498800000055 ], [ -82.608208781999934, 9.537868551000088 ], [ -82.601103271999904, 9.548668925000115 ], [ -82.585884562999865, 9.546240133000055 ], [ -82.570614176999925, 9.538230285000083 ], [ -82.562836873999913, 9.53869537300011 ], [ -82.573597785999937, 9.576198635000083 ] ] ], [ [ [ -81.807728644999941, 7.28742096600007 ], [ -81.798003709999932, 7.291083075000074 ], [ -81.789906378999945, 7.290106512000079 ], [ -81.780506964999915, 7.28782786700009 ], [ -81.766713019999941, 7.28742096600007 ], [ -81.779042120999918, 7.277492580000057 ], [ -81.792388475999928, 7.251654364000046 ], [ -81.800892706999946, 7.23899974200009 ], [ -81.796986456999946, 7.233954169000071 ], [ -81.793446417999917, 7.225978908000059 ], [ -81.800892706999946, 7.225978908000059 ], [ -81.816232876999948, 7.271307684000078 ], [ -81.814564581999946, 7.279974677000041 ], [ -81.818755662999934, 7.285630601000094 ], [ -81.819162563999896, 7.288723049000055 ], [ -81.814564581999946, 7.294256903000075 ], [ -81.808257615999935, 7.293443101000094 ], [ -81.807728644999941, 7.28742096600007 ] ] ], [ [ [ -81.149159308999913, 7.56118398600006 ], [ -81.135568813999896, 7.568182684000078 ], [ -81.118072068999936, 7.57453034100007 ], [ -81.087717251999948, 7.581610419000071 ], [ -81.075021938999896, 7.577337958000044 ], [ -81.061594204999949, 7.575588283000059 ], [ -81.033070441999939, 7.575425523000092 ], [ -81.044992641999897, 7.55414459800005 ], [ -81.052845831999946, 7.544623114000046 ], [ -81.064116990999935, 7.540676174000055 ], [ -81.075021938999896, 7.535345770000049 ], [ -81.082753058999913, 7.53384023600006 ], [ -81.091420050999943, 7.537543036000045 ], [ -81.097767706999946, 7.542547919000071 ], [ -81.103342251999948, 7.54555898600006 ], [ -81.109852667999917, 7.547064520000049 ], [ -81.119048631999931, 7.54751211100006 ], [ -81.129261847999942, 7.545314846000053 ], [ -81.134388800999943, 7.539943752000056 ], [ -81.137847459999932, 7.533392645000049 ], [ -81.142974412999934, 7.52765534100007 ], [ -81.170887824999909, 7.513373114000046 ], [ -81.184925910999937, 7.496975002000056 ], [ -81.190744594999899, 7.493475653000075 ], [ -81.199126756999931, 7.493475653000075 ], [ -81.208566860999952, 7.495591539000088 ], [ -81.218088344999899, 7.499701239000046 ], [ -81.245676235999952, 7.490057684000078 ], [ -81.251942511999914, 7.490423895000049 ], [ -81.242583787999934, 7.503404039000088 ], [ -81.232899542999917, 7.513373114000046 ], [ -81.222727016999897, 7.521063544000071 ], [ -81.210438605999911, 7.525946356000077 ], [ -81.174387173999946, 7.531439520000049 ], [ -81.164051886999914, 7.540513414000088 ], [ -81.157622850999928, 7.551581122000073 ], [ -81.149159308999913, 7.56118398600006 ] ] ], [ [ [ -81.66437740799995, 7.397284247000073 ], [ -81.652495897999927, 7.391017971000053 ], [ -81.622059699999909, 7.393866278000075 ], [ -81.61587480399993, 7.386704820000091 ], [ -81.588002081999946, 7.335191148000092 ], [ -81.606678839999915, 7.32758209800005 ], [ -81.628163214999915, 7.321600653000075 ], [ -81.649403449999909, 7.321519273000092 ], [ -81.68423417899993, 7.341376044000071 ], [ -81.727121548999946, 7.344427802000041 ], [ -81.746245897999927, 7.348863023000092 ], [ -81.756703253999945, 7.35773346600007 ], [ -81.780751105999911, 7.38422272300005 ], [ -81.800038214999915, 7.395575262000079 ], [ -81.841867641999897, 7.430812893000052 ], [ -81.864654100999928, 7.478461005000042 ], [ -81.872873501999948, 7.486029364000046 ], [ -81.875111456999946, 7.490423895000049 ], [ -81.882801886999914, 7.516791083000044 ], [ -81.878895636999914, 7.517482815000051 ], [ -81.85806230399993, 7.517523505000042 ], [ -81.848703579999949, 7.520209052000041 ], [ -81.848947719999899, 7.524115302000041 ], [ -81.83625240799995, 7.546698309000078 ], [ -81.834380662999934, 7.54751211100006 ], [ -81.831776495999918, 7.559271552000041 ], [ -81.831410285999937, 7.568182684000078 ], [ -81.829986131999931, 7.576157945000091 ], [ -81.82445227799991, 7.585353908000059 ], [ -81.816802537999934, 7.590399481000077 ], [ -81.798329230999911, 7.594224351000037 ], [ -81.770130988999938, 7.614813544000071 ], [ -81.760365363999938, 7.620184637000079 ], [ -81.759917772999927, 7.616400458000044 ], [ -81.752512173999946, 7.616400458000044 ], [ -81.755238410999937, 7.624009507000039 ], [ -81.757313605999911, 7.636419989000046 ], [ -81.759917772999927, 7.644273179000038 ], [ -81.752512173999946, 7.644273179000038 ], [ -81.752512173999946, 7.636867580000057 ], [ -81.746245897999927, 7.636867580000057 ], [ -81.746815558999913, 7.641831773000092 ], [ -81.745350714999915, 7.64329661700009 ], [ -81.738840298999946, 7.644273179000038 ], [ -81.716175910999937, 7.579657294000071 ], [ -81.715199347999942, 7.568019924000055 ], [ -81.70531165299991, 7.553697007000039 ], [ -81.705922003999945, 7.543117580000057 ], [ -81.702137824999909, 7.540187893000052 ], [ -81.693837042999917, 7.541408596000053 ], [ -81.691029425999943, 7.540676174000055 ], [ -81.682036912999934, 7.534572658000059 ], [ -81.675648566999939, 7.532131252000056 ], [ -81.671783006999931, 7.526353257000039 ], [ -81.670521613999938, 7.510239976000094 ], [ -81.676380988999938, 7.505519924000055 ], [ -81.708363410999937, 7.493475653000075 ], [ -81.709339972999942, 7.48663971600007 ], [ -81.716786261999914, 7.457505601000094 ], [ -81.71898352799991, 7.452541408000059 ], [ -81.712717251999948, 7.44009023600006 ], [ -81.694732225999928, 7.423976955000057 ], [ -81.691029425999943, 7.414048570000091 ], [ -81.689198370999918, 7.403794664000088 ], [ -81.684437628999945, 7.395005601000094 ], [ -81.677886522999927, 7.391587632000039 ], [ -81.670521613999938, 7.397284247000073 ], [ -81.66437740799995, 7.397284247000073 ] ] ], [ [ [ -82.211781378999945, 8.199204820000091 ], [ -82.233021613999938, 8.205308335000041 ], [ -82.247059699999909, 8.206732489000046 ], [ -82.253407355999911, 8.202337958000044 ], [ -82.25259355399993, 8.188381252000056 ], [ -82.245961066999939, 8.171291408000059 ], [ -82.273833787999934, 8.191799221000053 ], [ -82.281361456999946, 8.193548895000049 ], [ -82.301380988999938, 8.196112372000073 ], [ -82.307972785999937, 8.199204820000091 ], [ -82.315663214999915, 8.214911200000074 ], [ -82.306467251999948, 8.22406647300005 ], [ -82.273833787999934, 8.233343817000048 ], [ -82.259592251999948, 8.227036851000037 ], [ -82.238880988999938, 8.220648505000042 ], [ -82.220122850999928, 8.212062893000052 ], [ -82.211781378999945, 8.199204820000091 ] ] ], [ [ [ -82.342762824999909, 8.259995835000041 ], [ -82.314808722999942, 8.240179755000042 ], [ -82.334868943999936, 8.23509349200009 ], [ -82.369699673999946, 8.216864325000074 ], [ -82.386463995999918, 8.212876695000091 ], [ -82.398345506999931, 8.21820709800005 ], [ -82.412505662999934, 8.231024481000077 ], [ -82.424712693999936, 8.246568101000037 ], [ -82.430897589999915, 8.259995835000041 ], [ -82.424672003999945, 8.259995835000041 ], [ -82.401926235999952, 8.257147528000075 ], [ -82.350005662999934, 8.293646552000041 ], [ -82.328480597999942, 8.287990627000056 ], [ -82.316517706999946, 8.277329820000091 ], [ -82.317209438999896, 8.267564195000091 ], [ -82.327056443999936, 8.262884833000044 ], [ -82.342762824999909, 8.267523505000042 ], [ -82.342762824999909, 8.259995835000041 ] ] ], [ [ [ -79.09406490799995, 8.308498440000051 ], [ -79.087505018999934, 8.295776164000074 ], [ -79.083001288999924, 8.274186322000048 ], [ -79.075863760999937, 8.265991063000058 ], [ -79.070992048999926, 8.264492413000085 ], [ -79.065741008999908, 8.260760089000087 ], [ -79.069859950999899, 8.257050825000078 ], [ -79.080390841999929, 8.254828134000093 ], [ -79.09127787299991, 8.259680790000061 ], [ -79.103788038999937, 8.252959415000078 ], [ -79.104527957999949, 8.244402237000088 ], [ -79.098447140999951, 8.238471424000068 ], [ -79.098509926999952, 8.229879634000042 ], [ -79.104887160999908, 8.228778713000054 ], [ -79.108681894999904, 8.22392517600008 ], [ -79.109519565999904, 8.210469238000087 ], [ -79.122708963999912, 8.208981766000079 ], [ -79.140002596999921, 8.244395848000067 ], [ -79.136972714999899, 8.25743809800008 ], [ -79.130564049999919, 8.256690183000046 ], [ -79.129804721999903, 8.264141881000057 ], [ -79.125649834999933, 8.277552791000062 ], [ -79.129410938999911, 8.287243020000062 ], [ -79.124499671999899, 8.303261001000067 ], [ -79.112430808999932, 8.317408727000043 ], [ -79.104886923999914, 8.318517622000059 ], [ -79.100372740999944, 8.317396915000074 ], [ -79.094878709999932, 8.311753648000092 ], [ -79.09406490799995, 8.308498440000051 ] ] ], [ [ [ -82.362049933999913, 8.086859442000048 ], [ -82.359242316999939, 8.099025783000059 ], [ -82.352447068999936, 8.11204661700009 ], [ -82.343129035999937, 8.12335846600007 ], [ -82.33234615799995, 8.129706122000073 ], [ -82.320708787999934, 8.13031647300005 ], [ -82.318348761999914, 8.123968817000048 ], [ -82.319447394999941, 8.113104559000078 ], [ -82.318226691999939, 8.09992096600007 ], [ -82.336537238999938, 8.091864325000074 ], [ -82.347482876999948, 8.088283596000053 ], [ -82.362049933999913, 8.086859442000048 ] ] ], [ [ [ -79.084393131999946, 8.38249055700004 ], [ -79.092844204999949, 8.377183335000041 ], [ -79.130098166999915, 8.404869682000083 ], [ -79.118237902999908, 8.429110441000091 ], [ -79.105018183999903, 8.418740701000047 ], [ -79.094838019999941, 8.406480210000041 ], [ -79.090148768999939, 8.410278495000057 ], [ -79.087942970999904, 8.419543644000044 ], [ -79.082437647999939, 8.415996564000068 ], [ -79.086283909999906, 8.403453466000087 ], [ -79.078867673999923, 8.398554347000072 ], [ -79.080251867999948, 8.390929745000051 ], [ -79.084393131999946, 8.38249055700004 ] ] ], [ [ [ -82.123036261999914, 9.322658596000053 ], [ -82.097727016999897, 9.31118398600006 ], [ -82.085275844999899, 9.302679755000042 ], [ -82.074615037999934, 9.28851959800005 ], [ -82.09398352799991, 9.291245835000041 ], [ -82.114165818999936, 9.283270575000074 ], [ -82.130197719999899, 9.268255927000041 ], [ -82.138824022999927, 9.245306708000044 ], [ -82.143625454999949, 9.247137762000079 ], [ -82.154408331999946, 9.258368231000077 ], [ -82.151722785999937, 9.259914455000057 ], [ -82.150298631999931, 9.264349677000041 ], [ -82.150257941999939, 9.287258205000057 ], [ -82.154042120999918, 9.296291408000059 ], [ -82.163970506999931, 9.30219147300005 ], [ -82.163970506999931, 9.308417059000078 ], [ -82.150298631999931, 9.30219147300005 ], [ -82.159331834999932, 9.323146877000056 ], [ -82.174305792999917, 9.33038971600007 ], [ -82.192616339999915, 9.333889065000051 ], [ -82.211781378999945, 9.343166408000059 ], [ -82.211781378999945, 9.349351304000038 ], [ -82.206166144999941, 9.354193427000041 ], [ -82.200998501999948, 9.35618724200009 ], [ -82.196034308999913, 9.354803778000075 ], [ -82.191314256999931, 9.349351304000038 ], [ -82.182484503999945, 9.345851955000057 ], [ -82.174387173999946, 9.34406159100007 ], [ -82.166005011999914, 9.344956773000092 ], [ -82.15656490799995, 9.349351304000038 ], [ -82.14671790299991, 9.344631252000056 ], [ -82.123036261999914, 9.322658596000053 ] ] ], [ [ [ -82.328480597999942, 9.412054755000042 ], [ -82.301665818999936, 9.432318427000041 ], [ -82.285511847999942, 9.438869533000059 ], [ -82.266428188999896, 9.439357815000051 ], [ -82.238758917999917, 9.39874909100007 ], [ -82.231800910999937, 9.37335846600007 ], [ -82.245961066999939, 9.356838283000059 ], [ -82.245961066999939, 9.349351304000038 ], [ -82.240142381999931, 9.341945705000057 ], [ -82.245961066999939, 9.330064195000091 ], [ -82.259673631999931, 9.353176174000055 ], [ -82.280751105999911, 9.374701239000046 ], [ -82.328480597999942, 9.412054755000042 ] ] ], [ [ [ -78.892244474999927, 8.458046989000081 ], [ -78.893713354999932, 8.469273655000052 ], [ -78.889929614999915, 8.474136485000088 ], [ -78.869130011999914, 8.46165599200009 ], [ -78.862782355999911, 8.453680731000077 ], [ -78.858225063999953, 8.442938544000071 ], [ -78.855376756999931, 8.431341864000046 ], [ -78.854481574999909, 8.421087958000044 ], [ -78.854683346999934, 8.413287151000077 ], [ -78.842228961999922, 8.411064086000067 ], [ -78.835510272999898, 8.397995399000081 ], [ -78.83733826699995, 8.386865516000057 ], [ -78.845670493999933, 8.381269455000051 ], [ -78.847959188999937, 8.368606294000074 ], [ -78.834476484999925, 8.342810923000059 ], [ -78.843207130999929, 8.320457840000074 ], [ -78.852298044999941, 8.312268477000089 ], [ -78.852281255999912, 8.303331914000069 ], [ -78.858021613999938, 8.295843817000048 ], [ -78.87041456299994, 8.296650181000075 ], [ -78.875343353999938, 8.301494433000073 ], [ -78.896399369999926, 8.297429279000085 ], [ -78.901325136999901, 8.308967386000063 ], [ -78.904690625999933, 8.302649751000047 ], [ -78.912197316999936, 8.293727235000063 ], [ -78.920475972999952, 8.282565959000067 ], [ -78.920117176999952, 8.274001963000046 ], [ -78.922775145999935, 8.265446118000057 ], [ -78.912987238999904, 8.253881356000079 ], [ -78.911139844999923, 8.234147619000055 ], [ -78.90511446499994, 8.22929004100007 ], [ -78.89757411699992, 8.228897258000075 ], [ -78.897578898999939, 8.224426574000063 ], [ -78.903985470999942, 8.219221605000087 ], [ -78.917924441999901, 8.227084176000062 ], [ -78.928454176999935, 8.235667604000071 ], [ -78.926937611999904, 8.249817786000051 ], [ -78.933656070999916, 8.273271306000083 ], [ -78.940042924999943, 8.282589941000083 ], [ -78.957997199999909, 8.290432033000059 ], [ -78.964344855999911, 8.294826565000051 ], [ -78.969897972999945, 8.305098917000066 ], [ -78.965412144999902, 8.320765975000086 ], [ -78.958237339999926, 8.329105164000055 ], [ -78.954776936999906, 8.346514341000045 ], [ -78.958485480999911, 8.352850653000075 ], [ -78.96727762699993, 8.362430036000092 ], [ -78.969907833999912, 8.369891318000043 ], [ -78.961602310999922, 8.383618156000068 ], [ -78.9612179209999, 8.390315085000054 ], [ -78.965717357999949, 8.408223900000053 ], [ -78.964344855999911, 8.417669989000046 ], [ -78.974711849999949, 8.444368241000063 ], [ -78.97092155699994, 8.458449965000057 ], [ -78.958126855999922, 8.458806186000061 ], [ -78.949104439999928, 8.452789919000054 ], [ -78.908777396999938, 8.470040703000052 ], [ -78.899769660999937, 8.461615302000041 ], [ -78.895415818999936, 8.451849677000041 ], [ -78.892244474999927, 8.458046989000081 ] ] ], [ [ [ -79.57039255199993, 8.798575963000076 ], [ -79.563339603999907, 8.80463886800004 ], [ -79.556894653999905, 8.802516973000081 ], [ -79.553827177999949, 8.803426325000089 ], [ -79.555357465999919, 8.797970274000079 ], [ -79.55259222199993, 8.791908401000057 ], [ -79.547988696999937, 8.788877806000073 ], [ -79.541852668999923, 8.786756789000037 ], [ -79.541236750999929, 8.781302357000072 ], [ -79.543380957999943, 8.775544614000069 ], [ -79.547980846999906, 8.774028666000049 ], [ -79.551357553999935, 8.779179747000057 ], [ -79.555347572999949, 8.782815983000091 ], [ -79.56270948699995, 8.781299764000039 ], [ -79.569153707999931, 8.78311735300008 ], [ -79.57161263799992, 8.789178986000081 ], [ -79.57039255199993, 8.798575963000076 ] ] ], [ [ [ -81.568268647999901, 9.10824946200006 ], [ -81.565492825999911, 9.105496117000087 ], [ -81.559925119999946, 9.103965966000089 ], [ -81.55774703499992, 9.106106241000077 ], [ -81.553102241999909, 9.10579937600005 ], [ -81.541947594999897, 9.099070472000051 ], [ -81.537911337999901, 9.095094040000049 ], [ -81.533871900999941, 9.088669683000091 ], [ -81.53449179699993, 9.085917258000052 ], [ -81.538840968999921, 9.085920190000081 ], [ -81.543811262999952, 9.088369729000078 ], [ -81.56241366799992, 9.09082288400009 ], [ -81.571671307999907, 9.089598507000062 ], [ -81.572927660999937, 9.096020901000088 ], [ -81.577258588999939, 9.10458133800006 ], [ -81.575396136999927, 9.107638619000056 ], [ -81.568268647999901, 9.10824946200006 ] ] ], [ [ [ -82.04723834999993, 9.172568781000052 ], [ -82.052409657999931, 9.177661002000093 ], [ -82.051840272999925, 9.182192803000078 ], [ -82.045522753999933, 9.179368136000051 ], [ -82.04149825099995, 9.173142195000082 ], [ -82.035755631999905, 9.169750291000071 ], [ -82.028866885999946, 9.169192132000092 ], [ -82.023113219999914, 9.153905700000053 ], [ -82.008760620999908, 9.147692229000086 ], [ -82.010477109999897, 9.141459268000062 ], [ -82.019655841999906, 9.137482707000061 ], [ -82.02711256799995, 9.13294146700008 ], [ -82.032853613999919, 9.134633315000087 ], [ -82.050083914999902, 9.145940624000048 ], [ -82.055257578999942, 9.153864964000093 ], [ -82.054690857999901, 9.16179681400007 ], [ -82.04723834999993, 9.172568781000052 ] ] ] ] } },
{ "type": "Feature", "properties": { "iso": "SV", "name": "El Salvador", "role": "centro" }, "geometry": { "type": "MultiPolygon", "coordinates": [ [ [ [ -90.098306575132682, 13.731404008980572 ], [ -90.114313924999891, 13.796264954000023 ], [ -90.114779011999929, 13.81200042800009 ], [ -90.112298542999866, 13.828252666000111 ], [ -90.106975870999918, 13.844065654000104 ], [ -90.09904353899995, 13.85850921600013 ], [ -90.087080443999895, 13.870472310000082 ], [ -90.059640258999934, 13.884709167000054 ], [ -90.0473671069999, 13.894295146000061 ], [ -90.038091186999878, 13.908376974000078 ], [ -90.031476602999902, 13.922923889000032 ], [ -90.022975830999883, 13.936954041000135 ], [ -90.008170532999941, 13.949692281000097 ], [ -89.912078206999951, 14.015192159 ], [ -89.890787516999865, 14.035888570000026 ], [ -89.880116332999961, 14.042684021000071 ], [ -89.835855468999938, 14.059091289000037 ], [ -89.821101846999937, 14.060073141000089 ], [ -89.802963419999912, 14.055473938000134 ], [ -89.776944335999929, 14.0357852180001 ], [ -89.762268229999847, 14.029997457000121 ], [ -89.747643798999974, 14.037645569000105 ], [ -89.747256225999962, 14.04320078500011 ], [ -89.754465087999932, 14.059401347000104 ], [ -89.755446939999899, 14.067075297000102 ], [ -89.752604736999928, 14.075240174000029 ], [ -89.709868326999896, 14.148724060000077 ], [ -89.689843709999963, 14.170014750000064 ], [ -89.664625610999906, 14.188850810000091 ], [ -89.638322306999868, 14.200555522000073 ], [ -89.530938679999906, 14.225566915000059 ], [ -89.524504964999949, 14.231768087000134 ], [ -89.524659993999876, 14.247374369000084 ], [ -89.527863931999946, 14.2514568080001 ], [ -89.540550496999913, 14.257606303000074 ], [ -89.544917155999883, 14.261817932000014 ], [ -89.546777506999888, 14.268329163000075 ], [ -89.54858618199998, 14.28359954900013 ], [ -89.549878092999933, 14.288276265 ], [ -89.555691690999907, 14.299024963000122 ], [ -89.564373331999974, 14.308145853000099 ], [ -89.571272135999948, 14.311143087000104 ], [ -89.592175252999937, 14.313830261000049 ], [ -89.598350586999914, 14.327989604000095 ], [ -89.592433634999907, 14.336387024000075 ], [ -89.582408406999974, 14.343363343000064 ], [ -89.576078043999956, 14.353130189000112 ], [ -89.578971923999944, 14.364783223000089 ], [ -89.586284139999918, 14.374679261000082 ], [ -89.590573283999902, 14.38597056100005 ], [ -89.584062052999911, 14.401809387000057 ], [ -89.569876871999867, 14.412015483000118 ], [ -89.555174926999968, 14.410826925 ], [ -89.544245361999913, 14.400052388000077 ], [ -89.541351480999907, 14.381526387000036 ], [ -89.527760579999921, 14.391060689000128 ], [ -89.503033406999918, 14.420051168000015 ], [ -89.485282551999887, 14.427389222000102 ], [ -89.469417886999878, 14.425373840000049 ], [ -89.458126586999896, 14.419586080000073 ], [ -89.446835286999942, 14.415529481000078 ], [ -89.431099812999946, 14.418707580000046 ], [ -89.40836218299998, 14.441522726000045 ], [ -89.398181925999921, 14.445372620000086 ], [ -89.396864176999969, 14.426045635000037 ], [ -89.390611328999881, 14.435993348000039 ], [ -89.36162084999998, 14.415477804000062 ], [ -89.30756730199991, 14.407054546000069 ], [ -89.276535604999964, 14.392740173000078 ], [ -89.225530965999923, 14.382146505 ], [ -89.200157836999921, 14.36467987000006 ], [ -89.153984944999962, 14.351295675000117 ], [ -89.144502319999901, 14.35971893300011 ], [ -89.130110432999885, 14.38674570700006 ], [ -89.122178100999918, 14.394678040000102 ], [ -89.113341430999924, 14.397055156000064 ], [ -89.107476155999933, 14.395969951000069 ], [ -89.10256689499991, 14.391525777000055 ], [ -89.096830810999847, 14.384006856000013 ], [ -89.091844035999884, 14.374834290000109 ], [ -89.089673624999904, 14.364886577000021 ], [ -89.090552123999942, 14.354706320000048 ], [ -89.094479532999912, 14.34486195900007 ], [ -89.083084879999916, 14.335327657000079 ], [ -89.048978434999924, 14.331451925000039 ], [ -89.032984578999901, 14.323674622000027 ], [ -89.026602539999942, 14.311298117000149 ], [ -89.02262345399987, 14.28065399200004 ], [ -89.018127604999876, 14.27168813100009 ], [ -88.992754475999874, 14.252955424000106 ], [ -88.983530232999868, 14.242129211000062 ], [ -88.974564371999918, 14.227375590000051 ], [ -88.970791991999903, 14.214844056000047 ], [ -88.969241699999969, 14.202002462000067 ], [ -88.965986083999979, 14.19138295500008 ], [ -88.957175252999889, 14.18518178300009 ], [ -88.94748592199997, 14.187274679000055 ], [ -88.935626180999947, 14.194018453000083 ], [ -88.921647704999941, 14.199883728000088 ], [ -88.906015584999892, 14.199573670000092 ], [ -88.881262572999873, 14.184199931000123 ], [ -88.860333618999874, 14.158516744000053 ], [ -88.845321614999904, 14.128621928000115 ], [ -88.838758707999915, 14.100406596000056 ], [ -88.821188720999942, 14.102938741000045 ], [ -88.777341268999919, 14.099734802000071 ], [ -88.765429850999908, 14.104256490000097 ], [ -88.755120401999903, 14.110457662000087 ], [ -88.746387085999913, 14.111336162000029 ], [ -88.73922989999997, 14.099941508000128 ], [ -88.740056722999896, 14.083017477000041 ], [ -88.746077026999842, 14.066558533000062 ], [ -88.746645466999894, 14.052476705000032 ], [ -88.730961669999942, 14.042477316000117 ], [ -88.709515950999901, 14.039686788000054 ], [ -88.704865071999848, 14.038033142000103 ], [ -88.697656209999877, 14.032012838000071 ], [ -88.692695272999941, 14.025294902000056 ], [ -88.690447346999917, 14.016949157000084 ], [ -88.690938272999858, 14.009998678000088 ], [ -88.684814615999898, 14.012298279000021 ], [ -88.659338135999889, 14.016122335000148 ], [ -88.633861653999958, 14.014468689000097 ], [ -88.558104003999858, 13.990904236000105 ], [ -88.514049845999892, 13.987648621000119 ], [ -88.50436051499986, 13.983695374000135 ], [ -88.495420491999937, 13.97514292400011 ], [ -88.496505696999918, 13.969561870000106 ], [ -88.502293457999912, 13.968941752000134 ], [ -88.496092285999907, 13.955686747000129 ], [ -88.496815754999915, 13.944033712000063 ], [ -88.500226399999946, 13.931863912000068 ], [ -88.502293457999912, 13.917110291000057 ], [ -88.499502930999938, 13.907601827000065 ], [ -88.48867671699989, 13.881350200000043 ], [ -88.48800492399991, 13.865330506000078 ], [ -88.496815754999915, 13.851197002000049 ], [ -88.470150715999864, 13.852488912000098 ], [ -88.451443847999883, 13.863573507000098 ], [ -88.433227905999843, 13.871066590000041 ], [ -88.392946126999902, 13.879774068000103 ], [ -88.383360148999884, 13.879257304000063 ], [ -88.36741796899986, 13.873107809000089 ], [ -88.360105753999875, 13.872384338000103 ], [ -88.358917195999936, 13.87527821900008 ], [ -88.358193725999854, 13.887396343000077 ], [ -88.355067301999895, 13.890962016000046 ], [ -88.348556071999923, 13.891375427000057 ], [ -88.340572062999854, 13.890031840000091 ], [ -88.326206014999855, 13.885070903000056 ], [ -88.319255533999865, 13.89760243700006 ], [ -88.308429321999938, 13.901478170000104 ], [ -88.296311197999842, 13.902356669000142 ], [ -88.28543330899987, 13.905974019000027 ], [ -88.277526814999931, 13.913337911000028 ], [ -88.27016292299993, 13.926024475000077 ], [ -88.263600015999941, 13.93310414600009 ], [ -88.251636921999904, 13.938090922000058 ], [ -88.2427744149999, 13.936695658000076 ], [ -88.236366536999952, 13.938142599000074 ], [ -88.231586466999943, 13.951811015000075 ], [ -88.233369303999922, 13.954498190000024 ], [ -88.242309326999958, 13.962533875000091 ], [ -88.244376383999935, 13.966099548000059 ], [ -88.245358235999902, 13.98589162200004 ], [ -88.244893147999875, 13.989250591000058 ], [ -88.235074625999886, 13.992867941000043 ], [ -88.220062622999905, 13.991317647000116 ], [ -88.193475097999908, 13.985555725000054 ], [ -88.177532918999958, 13.985193990000056 ], [ -88.125391397999891, 13.991265971000104 ], [ -88.09903641799994, 13.98981903100011 ], [ -88.087538411999901, 13.980543112000092 ], [ -88.072888143999933, 13.94341359500001 ], [ -88.058392903999902, 13.926489563000104 ], [ -88.039970255999975, 13.910133972000054 ], [ -88.023640502999854, 13.891168722000103 ], [ -88.015320597999903, 13.866364035000061 ], [ -87.969741984999899, 13.888533223000081 ], [ -87.954781656999842, 13.892460633000056 ], [ -87.946926839999918, 13.890910339000129 ], [ -87.932173217999889, 13.881556905000096 ], [ -87.925326090999931, 13.879619039000062 ], [ -87.920752725999904, 13.881866963000078 ], [ -87.907885294999886, 13.891530457000101 ], [ -87.900107991999874, 13.894140117000106 ], [ -87.890108602999959, 13.893545837000147 ], [ -87.87054907299995, 13.889566752000064 ], [ -87.860911417999944, 13.890186870000036 ], [ -87.851222087999901, 13.896878968000053 ], [ -87.842953857999959, 13.907110901000038 ], [ -87.832902791999913, 13.915249939000134 ], [ -87.817890787999943, 13.915870057000106 ], [ -87.808459839999898, 13.908635356000048 ], [ -87.798718831999935, 13.882332051000105 ], [ -87.790605631999938, 13.870472310000082 ], [ -87.785412150999917, 13.86739756200005 ], [ -87.771433674999912, 13.862126567000104 ], [ -87.765335855999865, 13.858870952000117 ], [ -87.721204183999873, 13.821896464000076 ], [ -87.703608357999883, 13.814997661000106 ], [ -87.712625895999849, 13.800450745000148 ], [ -87.732805541999937, 13.75510467600013 ], [ -87.737843993999888, 13.738774923000094 ], [ -87.731358602999933, 13.72221262700009 ], [ -87.73629370099988, 13.711463929000075 ], [ -87.746318929999887, 13.702188009000054 ], [ -87.755026407999964, 13.689914857000119 ], [ -87.758643757999948, 13.672267355000116 ], [ -87.757816935999926, 13.635163676000047 ], [ -87.760090698999932, 13.616947734000092 ], [ -87.784068563999938, 13.560465394000047 ], [ -87.789933838999843, 13.53281850200004 ], [ -87.779469360999911, 13.509977519000131 ], [ -87.769159911999907, 13.506360168000057 ], [ -87.747972574999949, 13.513233135000107 ], [ -87.733425659999909, 13.507703756000112 ], [ -87.725725871999913, 13.498970439000047 ], [ -87.720584065999901, 13.486981507000081 ], [ -87.718801228999922, 13.473674825000074 ], [ -87.721152506999942, 13.460833232000084 ], [ -87.738412434999958, 13.441687113000071 ], [ -87.817168748999904, 13.40656159100007 ], [ -87.825713670999903, 13.411281643000052 ], [ -87.830677863999938, 13.419501044000071 ], [ -87.838286912999934, 13.44094472900008 ], [ -87.866444464999915, 13.393337307000081 ], [ -87.873768683999913, 13.365261135000083 ], [ -87.855376756999931, 13.352809963000084 ], [ -87.843617316999939, 13.348456122000073 ], [ -87.810414191999939, 13.317409572000088 ], [ -87.791533982999908, 13.304958401000079 ], [ -87.789906378999945, 13.299099026000079 ], [ -87.789906378999945, 13.287014065000051 ], [ -87.798085089999915, 13.265651760000083 ], [ -87.817982550999943, 13.250392971000053 ], [ -87.892323370999918, 13.213893947000088 ], [ -87.912464972999942, 13.198187567000048 ], [ -87.916005011999914, 13.182196356000077 ], [ -87.892933722999942, 13.166571356000077 ], [ -87.928212042999917, 13.158636786000045 ], [ -88.066029425999943, 13.167873440000051 ], [ -88.098378058999913, 13.174017645000049 ], [ -88.105213995999918, 13.174017645000049 ], [ -88.121937628999945, 13.167547919000071 ], [ -88.208282029999907, 13.160427151000079 ], [ -88.300892706999946, 13.174221096000053 ], [ -88.324940558999913, 13.166571356000077 ], [ -88.337757941999939, 13.170843817000048 ], [ -88.352284308999913, 13.174017645000049 ], [ -88.352284308999913, 13.180243231000077 ], [ -88.329701300999943, 13.181708075000074 ], [ -88.328114386999914, 13.197088934000078 ], [ -88.340199347999942, 13.216131903000075 ], [ -88.3584285149999, 13.228664455000057 ], [ -88.354481574999909, 13.220892645000049 ], [ -88.342559373999904, 13.204657294000071 ], [ -88.337920701999906, 13.194525458000044 ], [ -88.3740535149999, 13.195705471000053 ], [ -88.391753709999932, 13.193915106000077 ], [ -88.406849738999938, 13.187689520000049 ], [ -88.397206183999913, 13.183620510000083 ], [ -88.389393683999913, 13.184759833000044 ], [ -88.379994269999941, 13.187404690000051 ], [ -88.36587480399993, 13.187689520000049 ], [ -88.36587480399993, 13.180243231000077 ], [ -88.389149542999917, 13.170843817000048 ], [ -88.414824998999904, 13.171576239000046 ], [ -88.434844529999907, 13.183661200000074 ], [ -88.441029425999943, 13.208197333000044 ], [ -88.431182420999903, 13.203884182000081 ], [ -88.427357550999943, 13.201361395000049 ], [ -88.413685675999943, 13.215033270000049 ], [ -88.413685675999943, 13.221218166000085 ], [ -88.430775519999941, 13.228786526000079 ], [ -88.449574347999942, 13.254584052000041 ], [ -88.462147589999915, 13.262233791000085 ], [ -88.458770311999899, 13.247748114000046 ], [ -88.453114386999914, 13.235907294000071 ], [ -88.450184699999909, 13.225368557000081 ], [ -88.454701300999943, 13.215033270000049 ], [ -88.469227667999917, 13.223089911000045 ], [ -88.511504686999899, 13.233465887000079 ], [ -88.529774542999917, 13.242946682000081 ], [ -88.546294725999928, 13.271755276000079 ], [ -88.553985154999907, 13.276434637000079 ], [ -88.565703904999907, 13.277370510000083 ], [ -88.5986628899999, 13.283880927000041 ], [ -88.613392706999946, 13.283880927000041 ], [ -88.653920050999943, 13.276434637000079 ], [ -88.710438605999911, 13.274969794000071 ], [ -88.722767706999946, 13.269598700000074 ], [ -88.716053839999915, 13.264349677000041 ], [ -88.708729620999918, 13.260524807000081 ], [ -88.70140540299991, 13.259344794000071 ], [ -88.694854295999903, 13.262233791000085 ], [ -88.666615363999938, 13.255764065000051 ], [ -88.586333787999934, 13.264227606000077 ], [ -88.577381964999915, 13.262844143000052 ], [ -88.564483201999906, 13.256008205000057 ], [ -88.557484503999945, 13.249579169000071 ], [ -88.545033331999946, 13.234767971000053 ], [ -88.536610480999911, 13.228664455000057 ], [ -88.536610480999911, 13.221218166000085 ], [ -88.568959113999938, 13.226833401000079 ], [ -88.5986628899999, 13.235500393000052 ], [ -88.5986628899999, 13.228664455000057 ], [ -88.516713019999941, 13.212225653000075 ], [ -88.473907029999907, 13.198635158000059 ], [ -88.454701300999943, 13.180243231000077 ], [ -88.461699998999904, 13.16828034100007 ], [ -88.479603644999941, 13.171210028000075 ], [ -88.499541795999903, 13.181423244000086 ], [ -88.512684699999909, 13.191107489000046 ], [ -88.527455206999946, 13.198431708000044 ], [ -88.785674607999908, 13.245266018000052 ], [ -89.064808722999942, 13.372015692000048 ], [ -89.183501756999931, 13.443060614000046 ], [ -89.251454230999911, 13.472316799000055 ], [ -89.32485917899993, 13.489325262000079 ], [ -89.358998175999943, 13.489325262000079 ], [ -89.38499915299991, 13.495306708000044 ], [ -89.527066724999941, 13.494173340000089 ], [ -89.587790098999903, 13.508942124000043 ], [ -89.616352566999922, 13.514382675000093 ], [ -89.67976587499993, 13.534732428000041 ], [ -89.713127605999944, 13.527996506000079 ], [ -89.80804823099993, 13.526857633000077 ], [ -89.823296528999947, 13.537140191000049 ], [ -89.833376673999908, 13.573887876000072 ], [ -89.837147589999915, 13.596828518000052 ], [ -89.849662051999928, 13.606876111000076 ], [ -89.870262593999939, 13.619275773000084 ], [ -89.951318273999902, 13.664110063000066 ], [ -90.021170746999928, 13.695175041000084 ], [ -90.098306575132682, 13.731404008980572 ] ] ], [ [ [ -87.726293426999916, 13.198387437000065 ], [ -87.727187439999909, 13.211114757000075 ], [ -87.719913325999926, 13.216190972000049 ], [ -87.706086587999948, 13.211726236000061 ], [ -87.697564970999906, 13.193313885000066 ], [ -87.696996275999936, 13.178063536000082 ], [ -87.693193511999937, 13.167862440000079 ], [ -87.701673410999945, 13.163412359000063 ], [ -87.714584805999948, 13.167903057000046 ], [ -87.723110910999935, 13.164077582000061 ], [ -87.723028398999929, 13.174895253000045 ], [ -87.728351879999934, 13.185678928000073 ], [ -87.726293426999916, 13.198387437000065 ] ] ], [ [ [ -87.765782054999931, 13.248011011000074 ], [ -87.757933196999943, 13.243557905000046 ], [ -87.751386787999934, 13.228924729000084 ], [ -87.757267368999919, 13.220651650000036 ], [ -87.763804817999926, 13.214287112000079 ], [ -87.776890196999943, 13.225736371000039 ], [ -87.780168819999915, 13.241643430000067 ], [ -87.774286185999927, 13.247372301000041 ], [ -87.765782054999931, 13.248011011000074 ] ] ] ] } }
]
}
